Workbook

Sheet Calibration
A1: Methylene Blue — UV-Vis Calibration Curve
A2: Yellow cells with blue text are inputs. Type absorbances in columns E–G; mean, fit and sample results update automatically.
A4: Settings
A5: Working (parent) solution concentration | C5: 10 | D5: mg/L | E5: Part C working solution (10 mg/L).
A6: Volumetric flask volume for each standard | C6: 50 | D6: mL
A7: Measurement wavelength (λmax from scan of top standard) | C7: 664 | D7: nm | E7: Scan 400–800 nm on the 5 mg/L standard; enter the peak. Literature λmax ≈ 664 nm.
A8: Cuvette path length | C8: 1 | D8: cm | E8: Standard 12.5 mm square cuvette = 1 cm path.
A9: Assumed slope for the "expected" column (illustrative only) | C9: 0.2 | D9: AU per mg/L | E9: Rough literature-based guess for 1 cm; your measured slope replaces it.
A11: Calibration standards
A12: Std | B12: Concentration (mg/L) | C12: Working solution to pipette (mL) | D12: Fill to (mL) | E12: A — trial 1 | F12: A — trial 2 | G12: A — trial 3 | H12: Mean A | I12: SD | J12: Expected A (illustrative)
A13: Blank | B13: 0 | C13: =B13*$C$6/$C$5 | D13: =$C$6 | H13: =IF(COUNT(E13:G13)=0,"",AVERAGE(E13:G13)) | I13: =IF(COUNT(E13:G13)<2,"",STDEV(E13:G13)) | J13: =$C$9*B13
A14: S1 | B14: 0.5 | C14: =B14*$C$6/$C$5 | D14: =$C$6 | H14: =IF(COUNT(E14:G14)=0,"",AVERAGE(E14:G14)) | I14: =IF(COUNT(E14:G14)<2,"",STDEV(E14:G14)) | J14: =$C$9*B14
A15: S2 | B15: 1 | C15: =B15*$C$6/$C$5 | D15: =$C$6 | H15: =IF(COUNT(E15:G15)=0,"",AVERAGE(E15:G15)) | I15: =IF(COUNT(E15:G15)<2,"",STDEV(E15:G15)) | J15: =$C$9*B15
A16: S3 | B16: 2 | C16: =B16*$C$6/$C$5 | D16: =$C$6 | H16: =IF(COUNT(E16:G16)=0,"",AVERAGE(E16:G16)) | I16: =IF(COUNT(E16:G16)<2,"",STDEV(E16:G16)) | J16: =$C$9*B16
A17: S4 | B17: 3 | C17: =B17*$C$6/$C$5 | D17: =$C$6 | H17: =IF(COUNT(E17:G17)=0,"",AVERAGE(E17:G17)) | I17: =IF(COUNT(E17:G17)<2,"",STDEV(E17:G17)) | J17: =$C$9*B17
A18: S5 | B18: 4 | C18: =B18*$C$6/$C$5 | D18: =$C$6 | H18: =IF(COUNT(E18:G18)=0,"",AVERAGE(E18:G18)) | I18: =IF(COUNT(E18:G18)<2,"",STDEV(E18:G18)) | J18: =$C$9*B18
A19: S6 | B19: 5 | C19: =B19*$C$6/$C$5 | D19: =$C$6 | H19: =IF(COUNT(E19:G19)=0,"",AVERAGE(E19:G19)) | I19: =IF(COUNT(E19:G19)<2,"",STDEV(E19:G19)) | J19: =$C$9*B19
A21: Linear fit of your data (mean A vs concentration)
A22: Slope (AU per mg/L) | C22: =IFERROR(SLOPE(H13:H19,B13:B19),"")
A23: Intercept (AU) | C23: =IFERROR(INTERCEPT(H13:H19,B13:B19),"")
A24: R² | C24: =IFERROR(RSQ(H13:H19,B13:B19),"") | E24: Keep standards ≤ 5 mg/L: above that methylene blue dimerizes and the line curves.
A25: Fit quality | C25: =IF(C24="","Enter absorbances",IF(C24>=0.995,"OK (R² ≥ 0.995)","Check standards — R² below 0.995"))
A26: Molar absorptivity ε (L·mol⁻¹·cm⁻¹) | C26: =IFERROR(C22*319.85*1000/C8,"") | E26: Literature ε ≈ 7–9.5 × 10⁴ at 664 nm; a lower value is normal for the hydrate (dye content < 100%).
A27: Highest absorbance on the curve (top standard) | C27: =IF(COUNT(H13:H19)=0,"",MAX(H13:H19))

Sheet Samples
A1: Treated water — residual dye and % removal
A2: Filter (0.45 µm) or centrifuge each sample before measuring. If A is above the top standard, dilute and enter the dilution factor.
A4: Initial dye concentration C₀ (mg/L) | C4: 10 | D4: Use 10 mg/L, or measure the untreated dye water (diluted) and enter its value.
A6: Group | B6: Sample / design | C6: Absorbance (A) | D6: Dilution factor | E6: Residual C (mg/L) | F6: % Removal | G6: Check
A7: Group 1 | D7: 1 | E7: =IF(OR(C7="",Calibration!$C$22=""),"",MAX(0,(C7-Calibration!$C$23)/Calibration!$C$22*D7)) | F7: =IF(E7="","",(($C$4-E7)/$C$4)) | G7: =IF(C7="","",IF(AND(Calibration!$C$27<>"",C7>Calibration!$C$27),"Above curve — dilute and re-measure","OK"))
A8: Group 1 | D8: 1 | E8: =IF(OR(C8="",Calibration!$C$22=""),"",MAX(0,(C8-Calibration!$C$23)/Calibration!$C$22*D8)) | F8: =IF(E8="","",(($C$4-E8)/$C$4)) | G8: =IF(C8="","",IF(AND(Calibration!$C$27<>"",C8>Calibration!$C$27),"Above curve — dilute and re-measure","OK"))
A9: Group 2 | D9: 1 | E9: =IF(OR(C9="",Calibration!$C$22=""),"",MAX(0,(C9-Calibration!$C$23)/Calibration!$C$22*D9)) | F9: =IF(E9="","",(($C$4-E9)/$C$4)) | G9: =IF(C9="","",IF(AND(Calibration!$C$27<>"",C9>Calibration!$C$27),"Above curve — dilute and re-measure","OK"))
A10: Group 2 | D10: 1 | E10: =IF(OR(C10="",Calibration!$C$22=""),"",MAX(0,(C10-Calibration!$C$23)/Calibration!$C$22*D10)) | F10: =IF(E10="","",(($C$4-E10)/$C$4)) | G10: =IF(C10="","",IF(AND(Calibration!$C$27<>"",C10>Calibration!$C$27),"Above curve — dilute and re-measure","OK"))
A11: Group 3 | D11: 1 | E11: =IF(OR(C11="",Calibration!$C$22=""),"",MAX(0,(C11-Calibration!$C$23)/Calibration!$C$22*D11)) | F11: =IF(E11="","",(($C$4-E11)/$C$4)) | G11: =IF(C11="","",IF(AND(Calibration!$C$27<>"",C11>Calibration!$C$27),"Above curve — dilute and re-measure","OK"))
A12: Group 3 | D12: 1 | E12: =IF(OR(C12="",Calibration!$C$22=""),"",MAX(0,(C12-Calibration!$C$23)/Calibration!$C$22*D12)) | F12: =IF(E12="","",(($C$4-E12)/$C$4)) | G12: =IF(C12="","",IF(AND(Calibration!$C$27<>"",C12>Calibration!$C$27),"Above curve — dilute and re-measure","OK"))
A13: Group 4 | D13: 1 | E13: =IF(OR(C13="",Calibration!$C$22=""),"",MAX(0,(C13-Calibration!$C$23)/Calibration!$C$22*D13)) | F13: =IF(E13="","",(($C$4-E13)/$C$4)) | G13: =IF(C13="","",IF(AND(Calibration!$C$27<>"",C13>Calibration!$C$27),"Above curve — dilute and re-measure","OK"))
A14: Group 4 | D14: 1 | E14: =IF(OR(C14="",Calibration!$C$22=""),"",MAX(0,(C14-Calibration!$C$23)/Calibration!$C$22*D14)) | F14: =IF(E14="","",(($C$4-E14)/$C$4)) | G14: =IF(C14="","",IF(AND(Calibration!$C$27<>"",C14>Calibration!$C$27),"Above curve — dilute and re-measure","OK"))
A15: Group 5 | D15: 1 | E15: =IF(OR(C15="",Calibration!$C$22=""),"",MAX(0,(C15-Calibration!$C$23)/Calibration!$C$22*D15)) | F15: =IF(E15="","",(($C$4-E15)/$C$4)) | G15: =IF(C15="","",IF(AND(Calibration!$C$27<>"",C15>Calibration!$C$27),"Above curve — dilute and re-measure","OK"))
A16: Group 5 | D16: 1 | E16: =IF(OR(C16="",Calibration!$C$22=""),"",MAX(0,(C16-Calibration!$C$23)/Calibration!$C$22*D16)) | F16: =IF(E16="","",(($C$4-E16)/$C$4)) | G16: =IF(C16="","",IF(AND(Calibration!$C$27<>"",C16>Calibration!$C$27),"Above curve — dilute and re-measure","OK"))
D17: 1 | E17: =IF(OR(C17="",Calibration!$C$22=""),"",MAX(0,(C17-Calibration!$C$23)/Calibration!$C$22*D17)) | F17: =IF(E17="","",(($C$4-E17)/$C$4)) | G17: =IF(C17="","",IF(AND(Calibration!$C$27<>"",C17>Calibration!$C$27),"Above curve — dilute and re-measure","OK"))
D18: 1 | E18: =IF(OR(C18="",Calibration!$C$22=""),"",MAX(0,(C18-Calibration!$C$23)/Calibration!$C$22*D18)) | F18: =IF(E18="","",(($C$4-E18)/$C$4)) | G18: =IF(C18="","",IF(AND(Calibration!$C$27<>"",C18>Calibration!$C$27),"Above curve — dilute and re-measure","OK"))
