Workbook

Sheet Groups
A1: Project Groups & Budget
A2: Who is in each group and how much each group can spend. Budget = $ per student × students, capped per group (blue cells). Members come from the Student List tab.
A3: Budget per student | C3: 20 | E3: Maximum per group | G3: 80
A4: Group | B4: Project | C4: # Students | D4: Budget ($) | E4: Member 1 | F4: Member 2 | G4: Member 3 | H4: Member 4 | I4: Member 5 | J4: Member 6
A5: 1A | B5: A — DREAM (methylene blue removal) | C5: =SUMPRODUCT(('Student List'!$C$5:$C$56=A5)*1) | D5: =MIN(C5*$C$3,$G$3) | E5: =IFERROR(INDEX('Student List'!$B$5:$B$56,MATCH($A5&"#1",'Student List'!$E$5:$E$56,0)),"") | F5: =IFERROR(INDEX('Student List'!$B$5:$B$56,MATCH($A5&"#2",'Student List'!$E$5:$E$56,0)),"") | G5: =IFERROR(INDEX('Student List'!$B$5:$B$56,MATCH($A5&"#3",'Student List'!$E$5:$E$56,0)),"") | H5: =IFERROR(INDEX('Student List'!$B$5:$B$56,MATCH($A5&"#4",'Student List'!$E$5:$E$56,0)),"") | I5: =IFERROR(INDEX('Student List'!$B$5:$B$56,MATCH($A5&"#5",'Student List'!$E$5:$E$56,0)),"") | J5: =IFERROR(INDEX('Student List'!$B$5:$B$56,MATCH($A5&"#6",'Student List'!$E$5:$E$56,0)),"")
A6: 2A | B6: A — DREAM (methylene blue removal) | C6: =SUMPRODUCT(('Student List'!$C$5:$C$56=A6)*1) | D6: =MIN(C6*$C$3,$G$3) | E6: =IFERROR(INDEX('Student List'!$B$5:$B$56,MATCH($A6&"#1",'Student List'!$E$5:$E$56,0)),"") | F6: =IFERROR(INDEX('Student List'!$B$5:$B$56,MATCH($A6&"#2",'Student List'!$E$5:$E$56,0)),"") | G6: =IFERROR(INDEX('Student List'!$B$5:$B$56,MATCH($A6&"#3",'Student List'!$E$5:$E$56,0)),"") | H6: =IFERROR(INDEX('Student List'!$B$5:$B$56,MATCH($A6&"#4",'Student List'!$E$5:$E$56,0)),"") | I6: =IFERROR(INDEX('Student List'!$B$5:$B$56,MATCH($A6&"#5",'Student List'!$E$5:$E$56,0)),"") | J6: =IFERROR(INDEX('Student List'!$B$5:$B$56,MATCH($A6&"#6",'Student List'!$E$5:$E$56,0)),"")
A7: 3A | B7: A — DREAM (methylene blue removal) | C7: =SUMPRODUCT(('Student List'!$C$5:$C$56=A7)*1) | D7: =MIN(C7*$C$3,$G$3) | E7: =IFERROR(INDEX('Student List'!$B$5:$B$56,MATCH($A7&"#1",'Student List'!$E$5:$E$56,0)),"") | F7: =IFERROR(INDEX('Student List'!$B$5:$B$56,MATCH($A7&"#2",'Student List'!$E$5:$E$56,0)),"") | G7: =IFERROR(INDEX('Student List'!$B$5:$B$56,MATCH($A7&"#3",'Student List'!$E$5:$E$56,0)),"") | H7: =IFERROR(INDEX('Student List'!$B$5:$B$56,MATCH($A7&"#4",'Student List'!$E$5:$E$56,0)),"") | I7: =IFERROR(INDEX('Student List'!$B$5:$B$56,MATCH($A7&"#5",'Student List'!$E$5:$E$56,0)),"") | J7: =IFERROR(INDEX('Student List'!$B$5:$B$56,MATCH($A7&"#6",'Student List'!$E$5:$E$56,0)),"")
A8: 4A | B8: A — DREAM (methylene blue removal) | C8: =SUMPRODUCT(('Student List'!$C$5:$C$56=A8)*1) | D8: =MIN(C8*$C$3,$G$3) | E8: =IFERROR(INDEX('Student List'!$B$5:$B$56,MATCH($A8&"#1",'Student List'!$E$5:$E$56,0)),"") | F8: =IFERROR(INDEX('Student List'!$B$5:$B$56,MATCH($A8&"#2",'Student List'!$E$5:$E$56,0)),"") | G8: =IFERROR(INDEX('Student List'!$B$5:$B$56,MATCH($A8&"#3",'Student List'!$E$5:$E$56,0)),"") | H8: =IFERROR(INDEX('Student List'!$B$5:$B$56,MATCH($A8&"#4",'Student List'!$E$5:$E$56,0)),"") | I8: =IFERROR(INDEX('Student List'!$B$5:$B$56,MATCH($A8&"#5",'Student List'!$E$5:$E$56,0)),"") | J8: =IFERROR(INDEX('Student List'!$B$5:$B$56,MATCH($A8&"#6",'Student List'!$E$5:$E$56,0)),"")
A9: 5A | B9: A — DREAM (methylene blue removal) | C9: =SUMPRODUCT(('Student List'!$C$5:$C$56=A9)*1) | D9: =MIN(C9*$C$3,$G$3) | E9: =IFERROR(INDEX('Student List'!$B$5:$B$56,MATCH($A9&"#1",'Student List'!$E$5:$E$56,0)),"") | F9: =IFERROR(INDEX('Student List'!$B$5:$B$56,MATCH($A9&"#2",'Student List'!$E$5:$E$56,0)),"") | G9: =IFERROR(INDEX('Student List'!$B$5:$B$56,MATCH($A9&"#3",'Student List'!$E$5:$E$56,0)),"") | H9: =IFERROR(INDEX('Student List'!$B$5:$B$56,MATCH($A9&"#4",'Student List'!$E$5:$E$56,0)),"") | I9: =IFERROR(INDEX('Student List'!$B$5:$B$56,MATCH($A9&"#5",'Student List'!$E$5:$E$56,0)),"") | J9: =IFERROR(INDEX('Student List'!$B$5:$B$56,MATCH($A9&"#6",'Student List'!$E$5:$E$56,0)),"")
A10: 1B | B10: B — BOOST (oxygenation) | C10: =SUMPRODUCT(('Student List'!$C$5:$C$56=A10)*1) | D10: =MIN(C10*$C$3,$G$3) | E10: =IFERROR(INDEX('Student List'!$B$5:$B$56,MATCH($A10&"#1",'Student List'!$E$5:$E$56,0)),"") | F10: =IFERROR(INDEX('Student List'!$B$5:$B$56,MATCH($A10&"#2",'Student List'!$E$5:$E$56,0)),"") | G10: =IFERROR(INDEX('Student List'!$B$5:$B$56,MATCH($A10&"#3",'Student List'!$E$5:$E$56,0)),"") | H10: =IFERROR(INDEX('Student List'!$B$5:$B$56,MATCH($A10&"#4",'Student List'!$E$5:$E$56,0)),"") | I10: =IFERROR(INDEX('Student List'!$B$5:$B$56,MATCH($A10&"#5",'Student List'!$E$5:$E$56,0)),"") | J10: =IFERROR(INDEX('Student List'!$B$5:$B$56,MATCH($A10&"#6",'Student List'!$E$5:$E$56,0)),"")
A11: 2B | B11: B — BOOST (oxygenation) | C11: =SUMPRODUCT(('Student List'!$C$5:$C$56=A11)*1) | D11: =MIN(C11*$C$3,$G$3) | E11: =IFERROR(INDEX('Student List'!$B$5:$B$56,MATCH($A11&"#1",'Student List'!$E$5:$E$56,0)),"") | F11: =IFERROR(INDEX('Student List'!$B$5:$B$56,MATCH($A11&"#2",'Student List'!$E$5:$E$56,0)),"") | G11: =IFERROR(INDEX('Student List'!$B$5:$B$56,MATCH($A11&"#3",'Student List'!$E$5:$E$56,0)),"") | H11: =IFERROR(INDEX('Student List'!$B$5:$B$56,MATCH($A11&"#4",'Student List'!$E$5:$E$56,0)),"") | I11: =IFERROR(INDEX('Student List'!$B$5:$B$56,MATCH($A11&"#5",'Student List'!$E$5:$E$56,0)),"") | J11: =IFERROR(INDEX('Student List'!$B$5:$B$56,MATCH($A11&"#6",'Student List'!$E$5:$E$56,0)),"")
A12: 3B | B12: B — BOOST (oxygenation) | C12: =SUMPRODUCT(('Student List'!$C$5:$C$56=A12)*1) | D12: =MIN(C12*$C$3,$G$3) | E12: =IFERROR(INDEX('Student List'!$B$5:$B$56,MATCH($A12&"#1",'Student List'!$E$5:$E$56,0)),"") | F12: =IFERROR(INDEX('Student List'!$B$5:$B$56,MATCH($A12&"#2",'Student List'!$E$5:$E$56,0)),"") | G12: =IFERROR(INDEX('Student List'!$B$5:$B$56,MATCH($A12&"#3",'Student List'!$E$5:$E$56,0)),"") | H12: =IFERROR(INDEX('Student List'!$B$5:$B$56,MATCH($A12&"#4",'Student List'!$E$5:$E$56,0)),"") | I12: =IFERROR(INDEX('Student List'!$B$5:$B$56,MATCH($A12&"#5",'Student List'!$E$5:$E$56,0)),"") | J12: =IFERROR(INDEX('Student List'!$B$5:$B$56,MATCH($A12&"#6",'Student List'!$E$5:$E$56,0)),"")
A13: 4B | B13: B — BOOST (oxygenation) | C13: =SUMPRODUCT(('Student List'!$C$5:$C$56=A13)*1) | D13: =MIN(C13*$C$3,$G$3) | E13: =IFERROR(INDEX('Student List'!$B$5:$B$56,MATCH($A13&"#1",'Student List'!$E$5:$E$56,0)),"") | F13: =IFERROR(INDEX('Student List'!$B$5:$B$56,MATCH($A13&"#2",'Student List'!$E$5:$E$56,0)),"") | G13: =IFERROR(INDEX('Student List'!$B$5:$B$56,MATCH($A13&"#3",'Student List'!$E$5:$E$56,0)),"") | H13: =IFERROR(INDEX('Student List'!$B$5:$B$56,MATCH($A13&"#4",'Student List'!$E$5:$E$56,0)),"") | I13: =IFERROR(INDEX('Student List'!$B$5:$B$56,MATCH($A13&"#5",'Student List'!$E$5:$E$56,0)),"") | J13: =IFERROR(INDEX('Student List'!$B$5:$B$56,MATCH($A13&"#6",'Student List'!$E$5:$E$56,0)),"")
A14: 5B | B14: B — BOOST (oxygenation) | C14: =SUMPRODUCT(('Student List'!$C$5:$C$56=A14)*1) | D14: =MIN(C14*$C$3,$G$3) | E14: =IFERROR(INDEX('Student List'!$B$5:$B$56,MATCH($A14&"#1",'Student List'!$E$5:$E$56,0)),"") | F14: =IFERROR(INDEX('Student List'!$B$5:$B$56,MATCH($A14&"#2",'Student List'!$E$5:$E$56,0)),"") | G14: =IFERROR(INDEX('Student List'!$B$5:$B$56,MATCH($A14&"#3",'Student List'!$E$5:$E$56,0)),"") | H14: =IFERROR(INDEX('Student List'!$B$5:$B$56,MATCH($A14&"#4",'Student List'!$E$5:$E$56,0)),"") | I14: =IFERROR(INDEX('Student List'!$B$5:$B$56,MATCH($A14&"#5",'Student List'!$E$5:$E$56,0)),"") | J14: =IFERROR(INDEX('Student List'!$B$5:$B$56,MATCH($A14&"#6",'Student List'!$E$5:$E$56,0)),"")
A15: 6B | B15: B — BOOST (oxygenation) | C15: =SUMPRODUCT(('Student List'!$C$5:$C$56=A15)*1) | D15: =MIN(C15*$C$3,$G$3) | E15: =IFERROR(INDEX('Student List'!$B$5:$B$56,MATCH($A15&"#1",'Student List'!$E$5:$E$56,0)),"") | F15: =IFERROR(INDEX('Student List'!$B$5:$B$56,MATCH($A15&"#2",'Student List'!$E$5:$E$56,0)),"") | G15: =IFERROR(INDEX('Student List'!$B$5:$B$56,MATCH($A15&"#3",'Student List'!$E$5:$E$56,0)),"") | H15: =IFERROR(INDEX('Student List'!$B$5:$B$56,MATCH($A15&"#4",'Student List'!$E$5:$E$56,0)),"") | I15: =IFERROR(INDEX('Student List'!$B$5:$B$56,MATCH($A15&"#5",'Student List'!$E$5:$E$56,0)),"") | J15: =IFERROR(INDEX('Student List'!$B$5:$B$56,MATCH($A15&"#6",'Student List'!$E$5:$E$56,0)),"")
A17: Project A — DREAM | C17: =SUMIF($B$5:$B$15,"A — *",$C$5:$C$15) | D17: =SUMIF($B$5:$B$15,"A — *",$D$5:$D$15)
A18: Project B — BOOST | C18: =SUMIF($B$5:$B$15,"B — *",$C$5:$C$15) | D18: =SUMIF($B$5:$B$15,"B — *",$D$5:$D$15)
A19: All groups | C19: =SUM($C$5:$C$15) | D19: =SUM($D$5:$D$15)
A21: Every group has 4–5 students, so every group reaches the $80 cap.

Sheet Student List
A1: Student List — project group assignments
A2: Source: Team_Assignments_Final – Engineering Design 1. To move a student, change their Group (blue). The Groups tab updates automatically.
A4: # | B4: Student | C4: Group | D4: Project | E4: Group key (helper)
A5: 1 | B5: Sonu acharya | C5: 1A | D5: =IFERROR(INDEX(Groups!$B$5:$B$15,MATCH(C5,Groups!$A$5:$A$15,0)),"Group not in list") | E5: =IF(C5="","",C5&"#"&SUMPRODUCT(($C$5:C5=C5)*1))
A6: 2 | B6: Elizabeth Dillah | C6: 1A | D6: =IFERROR(INDEX(Groups!$B$5:$B$15,MATCH(C6,Groups!$A$5:$A$15,0)),"Group not in list") | E6: =IF(C6="","",C6&"#"&SUMPRODUCT(($C$5:C6=C6)*1))
A7: 3 | B7: Macie Perrio | C7: 1A | D7: =IFERROR(INDEX(Groups!$B$5:$B$15,MATCH(C7,Groups!$A$5:$A$15,0)),"Group not in list") | E7: =IF(C7="","",C7&"#"&SUMPRODUCT(($C$5:C7=C7)*1))
A8: 4 | B8: Hayden Albert | C8: 1A | D8: =IFERROR(INDEX(Groups!$B$5:$B$15,MATCH(C8,Groups!$A$5:$A$15,0)),"Group not in list") | E8: =IF(C8="","",C8&"#"&SUMPRODUCT(($C$5:C8=C8)*1))
A9: 5 | B9: Hunter Gates | C9: 1A | D9: =IFERROR(INDEX(Groups!$B$5:$B$15,MATCH(C9,Groups!$A$5:$A$15,0)),"Group not in list") | E9: =IF(C9="","",C9&"#"&SUMPRODUCT(($C$5:C9=C9)*1))
A10: 6 | B10: Rachel Holmes | C10: 2A | D10: =IFERROR(INDEX(Groups!$B$5:$B$15,MATCH(C10,Groups!$A$5:$A$15,0)),"Group not in list") | E10: =IF(C10="","",C10&"#"&SUMPRODUCT(($C$5:C10=C10)*1))
A11: 7 | B11: Shaman Wildman | C11: 2A | D11: =IFERROR(INDEX(Groups!$B$5:$B$15,MATCH(C11,Groups!$A$5:$A$15,0)),"Group not in list") | E11: =IF(C11="","",C11&"#"&SUMPRODUCT(($C$5:C11=C11)*1))
A12: 8 | B12: Trevin Cutrer | C12: 2A | D12: =IFERROR(INDEX(Groups!$B$5:$B$15,MATCH(C12,Groups!$A$5:$A$15,0)),"Group not in list") | E12: =IF(C12="","",C12&"#"&SUMPRODUCT(($C$5:C12=C12)*1))
A13: 9 | B13: Noah Rodriguez | C13: 2A | D13: =IFERROR(INDEX(Groups!$B$5:$B$15,MATCH(C13,Groups!$A$5:$A$15,0)),"Group not in list") | E13: =IF(C13="","",C13&"#"&SUMPRODUCT(($C$5:C13=C13)*1))
A14: 10 | B14: Mia Cuellar | C14: 3A | D14: =IFERROR(INDEX(Groups!$B$5:$B$15,MATCH(C14,Groups!$A$5:$A$15,0)),"Group not in list") | E14: =IF(C14="","",C14&"#"&SUMPRODUCT(($C$5:C14=C14)*1))
A15: 11 | B15: Kara Larsen | C15: 3A | D15: =IFERROR(INDEX(Groups!$B$5:$B$15,MATCH(C15,Groups!$A$5:$A$15,0)),"Group not in list") | E15: =IF(C15="","",C15&"#"&SUMPRODUCT(($C$5:C15=C15)*1))
A16: 12 | B16: Landon Atkins | C16: 3A | D16: =IFERROR(INDEX(Groups!$B$5:$B$15,MATCH(C16,Groups!$A$5:$A$15,0)),"Group not in list") | E16: =IF(C16="","",C16&"#"&SUMPRODUCT(($C$5:C16=C16)*1))
... A56: 52 | B56: Hayley Ana Tarin | C56: 6B | D56: =IFERROR(INDEX(Groups!$B$5:$B$15,MATCH(C56,Groups!$A$5:$A$15,0)),"Group not in list") | E56: =IF(C56="","",C56&"#"&SUMPRODUCT(($C$5:C56=C56)*1))
