Workbook
Name Alpha: 'Statistical Analysis'!$B$34
Name KurtScore: 'Statistical Analysis'!$B$31
Name MaxScore: 'Quiz 1 Grades'!$L$5
Name MeanScore: 'Statistical Analysis'!$B$16
Name MedianScore: 'Statistical Analysis'!$B$17
Name nGraded: 'Statistical Analysis'!$B$15
Name SDScore: 'Statistical Analysis'!$B$18
Name SkewScore: 'Statistical Analysis'!$B$30
Name Totals: 'Quiz 1 Grades'!$L$7:$L$58

Sheet Read Me
A1: Student Roster & Quiz 1 Grades
A2: Engineering Design · Fall 2026 · Teaching Assistant gradebook (rebuilt from 'Califications Quiz 1.xlsx' — the original file was not modified)
A4: Tabs in this workbook
A5: Roster | B5: Master list of the 52 students (last / first name). Type each student's Group # (column E). Quiz 1 score is pulled in automatically.
A6: Groups | B6: One row per project group (up to 13): choose the project track, see group size, size check and group Quiz 1 average; class split totals below.
A7: Quiz 1 Grades | B7: Score per sub-question. Problem subtotals, total (/50), %, performance band, rank and status are formulas. Class averages at the bottom.
A8: Performance per Problem | B8: Statistics for every sub-question (average, % of max, median, std dev, full marks, zeros) + charts. The Flag column tells you what to review in class.
A9: Class Summary | B9: Class-level numbers: graded / missing, average, median, high / low, performance bands and score distribution chart.
A10: Statistical Analysis | B10: Gaussian (normal) analysis: descriptive statistics with a confidence interval, five normality tests (Shapiro–Wilk, Anderson–Darling, Jarque–Bera, skewness & kurtosis z), empirical ±σ rule, histogram vs. normal curve, Q–Q plot, question analysis (difficulty, discrimination, Cronbach's α) and each student's z-score. Key findings at the top are written by formulas.
A12: Color legend
A13: Blue text, pale-yellow cell | B13: A value you type (scores, max points, group #, tracks, thresholds).
A14: Black text | B14: A formula — do not type over it; it updates automatically.
A15: Yellow row (Quiz 1 Grades) | B15: Student has no Quiz 1 scores yet (status = Missing).
A16: Green / yellow / red total | B16: Performance band: Strong / Satisfactory / Needs support (thresholds editable on Quiz 1 Grades, cells S3:S4).
A17: Red number | B17: A score of 0 on that sub-question.
A19: How to…
A20: Enter a missing score | B20: Go to Quiz 1 Grades and type the points in the blue cells of that student's row. Everything else recalculates.
A21: Partly graded quiz | B21: If some sub-scores are still blank, the Status shows 'Incomplete' and the student is left out of the total, rank and class statistics until every sub-score is entered.
A22: Add a student | B22: Insert a new row INSIDE the tables (above the last student) on both Roster and Quiz 1 Grades, then copy the formulas down from the row above. All totals and statistics expand automatically.
A23: Form project groups | B23: Roster → pick a Group # for each student (column E, drop-down). Groups tab → choose the project track for each group. Sizes, tracks and averages update automatically.
A24: Change max points | B24: Quiz 1 Grades row 5 (blue cells, 'Max points'). Subtotals, %, statistics and score limits follow.
A25: Sort / filter | B25: Use the filter arrows on Quiz 1 Grades row 6 (e.g., sort by TOTAL, filter Performance = 'Needs support'). The max-points row and thresholds stay put; names follow the # automatically.
A27: Notes & assumptions
A28: Max points | B28: 1.1 = 10, 1.2 = 15, 1.3 A = 5, 1.3 B = 5 (Problem 1 = 35) and 2.1 = 2.2 = 2.3 = 5 (Problem 2 = 15), total 50. Problem totals come from the original headers; the split per sub-question was inferred from the highest scores recorded and the original per-problem color bands — confirm with the instructor.
A29: Missing quizzes | B29: Gavin Cappel and Michelle Gutierrez have no Quiz 1 scores (they were highlighted yellow in the original file). They are excluded from averages until scores are entered.
A30: Performance bands | B30: Kept from the original file's color rules: 40–50 green, 26–39 yellow, 0–25 red.
A31: Names | B31: Trailing spaces were removed and names split into Last / First (last word = last name). Please double-check spellings against Canvas (e.g., 'Jermy Brown').

Sheet Roster
A1: Class Roster
A2: Pick a Group # for each student (blue drop-down). Set each group's project track on the Groups tab → the student's track fills in automatically.
A4: # | B4: Last Name | C4: First Name | D4: Full Name | E4: Group # | F4: Project Track | G4: Quiz 1 (/50) | H4: Quiz 1 % | I4: Group key (helper — do not edit)
A5: 1 | B5: Abagwe | C5: David | D5: =TRIM(C5&" "&B5) -> David Abagwe | E5: 5A | F5: =IF(E5="","Unassigned",IFERROR(IF(INDEX(Groups!$B$5:$B$17,MATCH(E5,Groups!$A$5:$A$17,0))="","Track not set",INDEX(Groups!$B$5:$B$17,MATCH(E5,Groups!$A$5:$A$17,0))),"Group not in table")) -> Methylene Blue Removal | G5: =IFERROR(IF(INDEX('Quiz 1 Grades'!$P$7:$P$58,MATCH($A5,'Quiz 1 Grades'!$A$7:$A$58,0))="Graded",INDEX('Quiz 1 Grades'!$L$7:$L$58,MATCH($A5,'Quiz 1 Grades'!$A$7:$A$58,0)),INDEX('Quiz 1 Grades'!$P$7:$P$58,MATCH($A5,'Quiz 1 Grades'!$A$7:$A$58,0))),"") -> 44 | H5: =IF(ISNUMBER(G5),G5/'Quiz 1 Grades'!$L$5,"") -> 0.88 | I5: =IF(E5="","",E5&"#"&SUMPRODUCT(($E$5:E5=E5)*1)) -> 5A#1
A6: 2 | B6: Acharya | C6: Sonu | D6: =TRIM(C6&" "&B6) -> Sonu Acharya | E6: 1A | F6: =IF(E6="","Unassigned",IFERROR(IF(INDEX(Groups!$B$5:$B$17,MATCH(E6,Groups!$A$5:$A$17,0))="","Track not set",INDEX(Groups!$B$5:$B$17,MATCH(E6,Groups!$A$5:$A$17,0))),"Group not in table")) -> Methylene Blue Removal | G6: =IFERROR(IF(INDEX('Quiz 1 Grades'!$P$7:$P$58,MATCH($A6,'Quiz 1 Grades'!$A$7:$A$58,0))="Graded",INDEX('Quiz 1 Grades'!$L$7:$L$58,MATCH($A6,'Quiz 1 Grades'!$A$7:$A$58,0)),INDEX('Quiz 1 Grades'!$P$7:$P$58,MATCH($A6,'Quiz 1 Grades'!$A$7:$A$58,0))),"") -> 21 | H6: =IF(ISNUMBER(G6),G6/'Quiz 1 Grades'!$L$5,"") -> 0.42 | I6: =IF(E6="","",E6&"#"&SUMPRODUCT(($E$5:E6=E6)*1)) -> 1A#1
A7: 3 | B7: Adams | C7: Ashton | D7: =TRIM(C7&" "&B7) -> Ashton Adams | E7: 4B | F7: =IF(E7="","Unassigned",IFERROR(IF(INDEX(Groups!$B$5:$B$17,MATCH(E7,Groups!$A$5:$A$17,0))="","Track not set",INDEX(Groups!$B$5:$B$17,MATCH(E7,Groups!$A$5:$A$17,0))),"Group not in table")) -> Oxygenation | G7: =IFERROR(IF(INDEX('Quiz 1 Grades'!$P$7:$P$58,MATCH($A7,'Quiz 1 Grades'!$A$7:$A$58,0))="Graded",INDEX('Quiz 1 Grades'!$L$7:$L$58,MATCH($A7,'Quiz 1 Grades'!$A$7:$A$58,0)),INDEX('Quiz 1 Grades'!$P$7:$P$58,MATCH($A7,'Quiz 1 Grades'!$A$7:$A$58,0))),"") -> 43 | H7: =IF(ISNUMBER(G7),G7/'Quiz 1 Grades'!$L$5,"") -> 0.86 | I7: =IF(E7="","",E7&"#"&SUMPRODUCT(($E$5:E7=E7)*1)) -> 4B#1
A8: 4 | B8: Albert | C8: Hayden | D8: =TRIM(C8&" "&B8) -> Hayden Albert | E8: 1A | F8: =IF(E8="","Unassigned",IFERROR(IF(INDEX(Groups!$B$5:$B$17,MATCH(E8,Groups!$A$5:$A$17,0))="","Track not set",INDEX(Groups!$B$5:$B$17,MATCH(E8,Groups!$A$5:$A$17,0))),"Group not in table")) -> Methylene Blue Removal | G8: =IFERROR(IF(INDEX('Quiz 1 Grades'!$P$7:$P$58,MATCH($A8,'Quiz 1 Grades'!$A$7:$A$58,0))="Graded",INDEX('Quiz 1 Grades'!$L$7:$L$58,MATCH($A8,'Quiz 1 Grades'!$A$7:$A$58,0)),INDEX('Quiz 1 Grades'!$P$7:$P$58,MATCH($A8,'Quiz 1 Grades'!$A$7:$A$58,0))),"") -> 43 | H8: =IF(ISNUMBER(G8),G8/'Quiz 1 Grades'!$L$5,"") -> 0.86 | I8: =IF(E8="","",E8&"#"&SUMPRODUCT(($E$5:E8=E8)*1)) -> 1A#2
A9: 5 | B9: Allen | C9: Lani | D9: =TRIM(C9&" "&B9) -> Lani Allen | E9: 3B | F9: =IF(E9="","Unassigned",IFERROR(IF(INDEX(Groups!$B$5:$B$17,MATCH(E9,Groups!$A$5:$A$17,0))="","Track not set",INDEX(Groups!$B$5:$B$17,MATCH(E9,Groups!$A$5:$A$17,0))),"Group not in table")) -> Oxygenation | G9: =IFERROR(IF(INDEX('Quiz 1 Grades'!$P$7:$P$58,MATCH($A9,'Quiz 1 Grades'!$A$7:$A$58,0))="Graded",INDEX('Quiz 1 Grades'!$L$7:$L$58,MATCH($A9,'Quiz 1 Grades'!$A$7:$A$58,0)),INDEX('Quiz 1 Grades'!$P$7:$P$58,MATCH($A9,'Quiz 1 Grades'!$A$7:$A$58,0))),"") -> 50 | H9: =IF(ISNUMBER(G9),G9/'Quiz 1 Grades'!$L$5,"") -> 1 | I9: =IF(E9="","",E9&"#"&SUMPRODUCT(($E$5:E9=E9)*1)) -> 3B#1
A10: 6 | B10: Andrade | C10: John David | D10: =TRIM(C10&" "&B10) -> John David Andrade | E10: 4A | F10: =IF(E10="","Unassigned",IFERROR(IF(INDEX(Groups!$B$5:$B$17,MATCH(E10,Groups!$A$5:$A$17,0))="","Track not set",INDEX(Groups!$B$5:$B$17,MATCH(E10,Groups!$A$5:$A$17,0))),"Group not in table")) -> Methylene Blue Removal | G10: =IFERROR(IF(INDEX('Quiz 1 Grades'!$P$7:$P$58,MATCH($A10,'Quiz 1 Grades'!$A$7:$A$58,0))="Graded",INDEX('Quiz 1 Grades'!$L$7:$L$58,MATCH($A10,'Quiz 1 Grades'!$A$7:$A$58,0)),INDEX('Quiz 1 Grades'!$P$7:$P$58,MATCH($A10,'Quiz 1 Grades'!$A$7:$A$58,0))),"") -> 32 | H10: =IF(ISNUMBER(G10),G10/'Quiz 1 Grades'!$L$5,"") -> 0.64 | I10: =IF(E10="","",E10&"#"&SUMPRODUCT(($E$5:E10=E10)*1)) -> 4A#1
A11: 7 | B11: Atkins | C11: Landon | D11: =TRIM(C11&" "&B11) -> Landon Atkins | E11: 3A | F11: =IF(E11="","Unassigned",IFERROR(IF(INDEX(Groups!$B$5:$B$17,MATCH(E11,Groups!$A$5:$A$17,0))="","Track not set",INDEX(Groups!$B$5:$B$17,MATCH(E11,Groups!$A$5:$A$17,0))),"Group not in table")) -> Methylene Blue Removal | G11: =IFERROR(IF(INDEX('Quiz 1 Grades'!$P$7:$P$58,MATCH($A11,'Quiz 1 Grades'!$A$7:$A$58,0))="Graded",INDEX('Quiz 1 Grades'!$L$7:$L$58,MATCH($A11,'Quiz 1 Grades'!$A$7:$A$58,0)),INDEX('Quiz 1 Grades'!$P$7:$P$58,MATCH($A11,'Quiz 1 Grades'!$A$7:$A$58,0))),"") -> 26 | H11: =IF(ISNUMBER(G11),G11/'Quiz 1 Grades'!$L$5,"") -> 0.52 | I11: =IF(E11="","",E11&"#"&SUMPRODUCT(($E$5:E11=E11)*1)) -> 3A#1
A12: 8 | B12: Borkland | C12: Ryan | D12: =TRIM(C12&" "&B12) -> Ryan Borkland | E12: 1B | F12: =IF(E12="","Unassigned",IFERROR(IF(INDEX(Groups!$B$5:$B$17,MATCH(E12,Groups!$A$5:$A$17,0))="","Track not set",INDEX(Groups!$B$5:$B$17,MATCH(E12,Groups!$A$5:$A$17,0))),"Group not in table")) -> Oxygenation | G12: =IFERROR(IF(INDEX('Quiz 1 Grades'!$P$7:$P$58,MATCH($A12,'Quiz 1 Grades'!$A$7:$A$58,0))="Graded",INDEX('Quiz 1 Grades'!$L$7:$L$58,MATCH($A12,'Quiz 1 Grades'!$A$7:$A$58,0)),INDEX('Quiz 1 Grades'!$P$7:$P$58,MATCH($A12,'Quiz 1 Grades'!$A$7:$A$58,0))),"") -> 46 | H12: =IF(ISNUMBER(G12),G12/'Quiz 1 Grades'!$L$5,"") -> 0.92 | I12: =IF(E12="","",E12&"#"&SUMPRODUCT(($E$5:E12=E12)*1)) -> 1B#1
A13: 9 | B13: Brown | C13: Jermy | D13: =TRIM(C13&" "&B13) -> Jermy Brown | E13: 4A | F13: =IF(E13="","Unassigned",IFERROR(IF(INDEX(Groups!$B$5:$B$17,MATCH(E13,Groups!$A$5:$A$17,0))="","Track not set",INDEX(Groups!$B$5:$B$17,MATCH(E13,Groups!$A$5:$A$17,0))),"Group not in table")) -> Methylene Blue Removal | G13: =IFERROR(IF(INDEX('Quiz 1 Grades'!$P$7:$P$58,MATCH($A13,'Quiz 1 Grades'!$A$7:$A$58,0))="Graded",INDEX('Quiz 1 Grades'!$L$7:$L$58,MATCH($A13,'Quiz 1 Grades'!$A$7:$A$58,0)),INDEX('Quiz 1 Grades'!$P$7:$P$58,MATCH($A13,'Quiz 1 Grades'!$A$7:$A$58,0))),"") -> 44 | H13: =IF(ISNUMBER(G13),G13/'Quiz 1 Grades'!$L$5,"") -> 0.88 | I13: =IF(E13="","",E13&"#"&SUMPRODUCT(($E$5:E13=E13)*1)) -> 4A#2
A14: 10 | B14: Calderon | C14: Eric | D14: =TRIM(C14&" "&B14) -> Eric Calderon | E14: 1B | F14: =IF(E14="","Unassigned",IFERROR(IF(INDEX(Groups!$B$5:$B$17,MATCH(E14,Groups!$A$5:$A$17,0))="","Track not set",INDEX(Groups!$B$5:$B$17,MATCH(E14,Groups!$A$5:$A$17,0))),"Group not in table")) -> Oxygenation | G14: =IFERROR(IF(INDEX('Quiz 1 Grades'!$P$7:$P$58,MATCH($A14,'Quiz 1 Grades'!$A$7:$A$58,0))="Graded",INDEX('Quiz 1 Grades'!$L$7:$L$58,MATCH($A14,'Quiz 1 Grades'!$A$7:$A$58,0)),INDEX('Quiz 1 Grades'!$P$7:$P$58,MATCH($A14,'Quiz 1 Grades'!$A$7:$A$58,0))),"") -> 38 | H14: =IF(ISNUMBER(G14),G14/'Quiz 1 Grades'!$L$5,"") -> 0.76 | I14: =IF(E14="","",E14&"#"&SUMPRODUCT(($E$5:E14=E14)*1)) -> 1B#2
A15: 11 | B15: Camarillo | C15: Angel | D15: =TRIM(C15&" "&B15) -> Angel Camarillo | E15: 5A | F15: =IF(E15="","Unassigned",IFERROR(IF(INDEX(Groups!$B$5:$B$17,MATCH(E15,Groups!$A$5:$A$17,0))="","Track not set",INDEX(Groups!$B$5:$B$17,MATCH(E15,Groups!$A$5:$A$17,0))),"Group not in table")) -> Methylene Blue Removal | G15: =IFERROR(IF(INDEX('Quiz 1 Grades'!$P$7:$P$58,MATCH($A15,'Quiz 1 Grades'!$A$7:$A$58,0))="Graded",INDEX('Quiz 1 Grades'!$L$7:$L$58,MATCH($A15,'Quiz 1 Grades'!$A$7:$A$58,0)),INDEX('Quiz 1 Grades'!$P$7:$P$58,MATCH($A15,'Quiz 1 Grades'!$A$7:$A$58,0))),"") -> 26 | H15: =IF(ISNUMBER(G15),G15/'Quiz 1 Grades'!$L$5,"") -> 0.52 | I15: =IF(E15="","",E15&"#"&SUMPRODUCT(($E$5:E15=E15)*1)) -> 5A#2
A16: 12 | B16: Cappel | C16: Gavin | D16: =TRIM(C16&" "&B16) -> Gavin Cappel | E16: 1B | F16: =IF(E16="","Unassigned",IFERROR(IF(INDEX(Groups!$B$5:$B$17,MATCH(E16,Groups!$A$5:$A$17,0))="","Track not set",INDEX(Groups!$B$5:$B$17,MATCH(E16,Groups!$A$5:$A$17,0))),"Group not in table")) -> Oxygenation | G16: =IFERROR(IF(INDEX('Quiz 1 Grades'!$P$7:$P$58,MATCH($A16,'Quiz 1 Grades'!$A$7:$A$58,0))="Graded",INDEX('Quiz 1 Grades'!$L$7:$L$58,MATCH($A16,'Quiz 1 Grades'!$A$7:$A$58,0)),INDEX('Quiz 1 Grades'!$P$7:$P$58,MATCH($A16,'Quiz 1 Grades'!$A$7:$A$58,0))),"") -> Missing | H16: =IF(ISNUMBER(G16),G16/'Quiz 1 Grades'!$L$5,"") | I16: =IF(E16="","",E16&"#"&SUMPRODUCT(($E$5:E16=E16)*1)) -> 1B#3
... A56: 52 | B56: Wildman | C56: Shaman | D56: =TRIM(C56&" "&B56) -> Shaman Wildman | E56: 2A | F56: =IF(E56="","Unassigned",IFERROR(IF(INDEX(Groups!$B$5:$B$17,MATCH(E56,Groups!$A$5:$A$17,0))="","Track not set",INDEX(Groups!$B$5:$B$17,MATCH(E56,Groups!$A$5:$A$17,0))),"Group not in table")) -> Methylene Blue Removal | G56: =IFERROR(IF(INDEX('Quiz 1 Grades'!$P$7:$P$58,MATCH($A56,'Quiz 1 Grades'!$A$7:$A$58,0))="Graded",INDEX('Quiz 1 Grades'!$L$7:$L$58,MATCH($A56,'Quiz 1 Grades'!$A$7:$A$58,0)),INDEX('Quiz 1 Grades'!$P$7:$P$58,MATCH($A56,'Quiz 1 Grades'!$A$7:$A$58,0))),"") -> 41 | H56: =IF(ISNUMBER(G56),G56/'Quiz 1 Grades'!$L$5,"") -> 0.82 | I56: =IF(E56="","",E56&"#"&SUMPRODUCT(($E$5:E56=E56)*1)) -> 2A#4

Sheet Groups
A1: Project Groups
A2: Choose each group's project track (blue). Students are assigned on the Roster tab (column E). Group size, size check and averages are formulas.
A4: Group # | B4: Project Track (choose) | C4: # Students | D4: Size check | E4: Avg Quiz 1 %
A5: 1A | B5: Methylene Blue Removal | C5: =COUNTIF(Roster!$I$5:$I$56,A5&"#*") -> 5 | D5: =IF(C5=0,"",IF(OR(C5<$C$26,C5>$C$27),"Check size","OK")) | E5: =IFERROR(AVERAGEIF(Roster!$I$5:$I$56,A5&"#*",Roster!$H$5:$H$56),"") -> 0.648
A6: 2A | B6: Methylene Blue Removal | C6: =COUNTIF(Roster!$I$5:$I$56,A6&"#*") -> 4 | D6: =IF(C6=0,"",IF(OR(C6<$C$26,C6>$C$27),"Check size","OK")) | E6: =IFERROR(AVERAGEIF(Roster!$I$5:$I$56,A6&"#*",Roster!$H$5:$H$56),"") -> 0.665
A7: 3A | B7: Methylene Blue Removal | C7: =COUNTIF(Roster!$I$5:$I$56,A7&"#*") -> 5 | D7: =IF(C7=0,"",IF(OR(C7<$C$26,C7>$C$27),"Check size","OK")) | E7: =IFERROR(AVERAGEIF(Roster!$I$5:$I$56,A7&"#*",Roster!$H$5:$H$56),"") -> 0.672
A8: 4A | B8: Methylene Blue Removal | C8: =COUNTIF(Roster!$I$5:$I$56,A8&"#*") -> 5 | D8: =IF(C8=0,"",IF(OR(C8<$C$26,C8>$C$27),"Check size","OK")) | E8: =IFERROR(AVERAGEIF(Roster!$I$5:$I$56,A8&"#*",Roster!$H$5:$H$56),"") -> 0.74
A9: 5A | B9: Methylene Blue Removal | C9: =COUNTIF(Roster!$I$5:$I$56,A9&"#*") -> 5 | D9: =IF(C9=0,"",IF(OR(C9<$C$26,C9>$C$27),"Check size","OK")) | E9: =IFERROR(AVERAGEIF(Roster!$I$5:$I$56,A9&"#*",Roster!$H$5:$H$56),"") -> 0.668
A10: 1B | B10: Oxygenation | C10: =COUNTIF(Roster!$I$5:$I$56,A10&"#*") -> 5 | D10: =IF(C10=0,"",IF(OR(C10<$C$26,C10>$C$27),"Check size","OK")) | E10: =IFERROR(AVERAGEIF(Roster!$I$5:$I$56,A10&"#*",Roster!$H$5:$H$56),"") -> 0.89
A11: 2B | B11: Oxygenation | C11: =COUNTIF(Roster!$I$5:$I$56,A11&"#*") -> 5 | D11: =IF(C11=0,"",IF(OR(C11<$C$26,C11>$C$27),"Check size","OK")) | E11: =IFERROR(AVERAGEIF(Roster!$I$5:$I$56,A11&"#*",Roster!$H$5:$H$56),"") -> 0.888
A12: 3B | B12: Oxygenation | C12: =COUNTIF(Roster!$I$5:$I$56,A12&"#*") -> 5 | D12: =IF(C12=0,"",IF(OR(C12<$C$26,C12>$C$27),"Check size","OK")) | E12: =IFERROR(AVERAGEIF(Roster!$I$5:$I$56,A12&"#*",Roster!$H$5:$H$56),"") -> 0.832
A13: 4B | B13: Oxygenation | C13: =COUNTIF(Roster!$I$5:$I$56,A13&"#*") -> 5 | D13: =IF(C13=0,"",IF(OR(C13<$C$26,C13>$C$27),"Check size","OK")) | E13: =IFERROR(AVERAGEIF(Roster!$I$5:$I$56,A13&"#*",Roster!$H$5:$H$56),"") -> 0.805
A14: 5B | B14: Oxygenation | C14: =COUNTIF(Roster!$I$5:$I$56,A14&"#*") -> 4 | D14: =IF(C14=0,"",IF(OR(C14<$C$26,C14>$C$27),"Check size","OK")) | E14: =IFERROR(AVERAGEIF(Roster!$I$5:$I$56,A14&"#*",Roster!$H$5:$H$56),"") -> 0.875
A15: 6B | B15: Oxygenation | C15: =COUNTIF(Roster!$I$5:$I$56,A15&"#*") -> 4 | D15: =IF(C15=0,"",IF(OR(C15<$C$26,C15>$C$27),"Check size","OK")) | E15: =IFERROR(AVERAGEIF(Roster!$I$5:$I$56,A15&"#*",Roster!$H$5:$H$56),"") -> 0.745
C16: =COUNTIF(Roster!$I$5:$I$56,A16&"#*") -> 0 | D16: =IF(C16=0,"",IF(OR(C16<$C$26,C16>$C$27),"Check size","OK")) | E16: =IFERROR(AVERAGEIF(Roster!$I$5:$I$56,A16&"#*",Roster!$H$5:$H$56),"")
C17: =COUNTIF(Roster!$I$5:$I$56,A17&"#*") -> 0 | D17: =IF(C17=0,"",IF(OR(C17<$C$26,C17>$C$27),"Check size","OK")) | E17: =IFERROR(AVERAGEIF(Roster!$I$5:$I$56,A17&"#*",Roster!$H$5:$H$56),"")
A19: Class split & group sizing
A20: Students on roster | C20: =COUNTA(Roster!$B$5:$B$56) -> 52
A21: Assigned to a group | C21: =COUNTA(Roster!$E$5:$E$56) -> 52
A22: Not yet assigned | C22: =COUNTBLANK(Roster!$E$5:$E$56) -> 0
A23: Methylene Blue Removal students | C23: =COUNTIF(Roster!$F$5:$F$56,"Methylene Blue Removal") -> 24
A24: Oxygenation students | C24: =COUNTIF(Roster!$F$5:$F$56,"Oxygenation") -> 28
A25: Groups on Methylene Blue Removal | C25: =COUNTIFS($B$5:$B$17,"Methylene Blue Removal",$C$5:$C$17,">0") -> 5
A26: Minimum students per group | C26: 4
A27: Maximum students per group | C27: 5
A28: Groups needed (at max size) | C28: =ROUNDUP(C20/C27,0) -> 11

Sheet Group Members & Budget
A1: Group Members & Budget
A2: Who is in each group and how much each group can spend. Everything here reads from the Roster (column E) and Groups tabs. Budget = $ per student × students, capped per group (blue cells).
A4: Budget rule
A5: Budget per student | C5: 20
A6: Maximum per group | C6: 80
A8: Group | B8: Project track | C8: # Students | D8: Budget ($) | E8: Member 1 | F8: Member 2 | G8: Member 3 | H8: Member 4 | I8: Member 5 | J8: Member 6
A9: =IF(Groups!A5="","",Groups!A5) -> 1A | B9: =IF(A9="","",IF(Groups!B5="","Track not set",Groups!B5)) -> Methylene Blue Removal | C9: =IF(A9="","",Groups!C5) -> 5 | D9: =IF(A9="","",MIN(C9*$C$5,$C$6)) -> 80 | E9: =IF($A9="","",IFERROR(INDEX(Roster!$D$5:$D$56,MATCH($A9&"#"&1,Roster!$I$5:$I$56,0)),"")) -> Sonu Acharya | F9: =IF($A9="","",IFERROR(INDEX(Roster!$D$5:$D$56,MATCH($A9&"#"&2,Roster!$I$5:$I$56,0)),"")) -> Hayden Albert | G9: =IF($A9="","",IFERROR(INDEX(Roster!$D$5:$D$56,MATCH($A9&"#"&3,Roster!$I$5:$I$56,0)),"")) -> Elizabeth Dillah | H9: =IF($A9="","",IFERROR(INDEX(Roster!$D$5:$D$56,MATCH($A9&"#"&4,Roster!$I$5:$I$56,0)),"")) -> Hunter Gates | I9: =IF($A9="","",IFERROR(INDEX(Roster!$D$5:$D$56,MATCH($A9&"#"&5,Roster!$I$5:$I$56,0)),"")) -> Macie Perrio | J9: =IF($A9="","",IFERROR(INDEX(Roster!$D$5:$D$56,MATCH($A9&"#"&6,Roster!$I$5:$I$56,0)),""))
A10: =IF(Groups!A6="","",Groups!A6) -> 2A | B10: =IF(A10="","",IF(Groups!B6="","Track not set",Groups!B6)) -> Methylene Blue Removal | C10: =IF(A10="","",Groups!C6) -> 4 | D10: =IF(A10="","",MIN(C10*$C$5,$C$6)) -> 80 | E10: =IF($A10="","",IFERROR(INDEX(Roster!$D$5:$D$56,MATCH($A10&"#"&1,Roster!$I$5:$I$56,0)),"")) -> Trevin Cutrer | F10: =IF($A10="","",IFERROR(INDEX(Roster!$D$5:$D$56,MATCH($A10&"#"&2,Roster!$I$5:$I$56,0)),"")) -> Rachel Holmes | G10: =IF($A10="","",IFERROR(INDEX(Roster!$D$5:$D$56,MATCH($A10&"#"&3,Roster!$I$5:$I$56,0)),"")) -> Noah Rodriguez | H10: =IF($A10="","",IFERROR(INDEX(Roster!$D$5:$D$56,MATCH($A10&"#"&4,Roster!$I$5:$I$56,0)),"")) -> Shaman Wildman | I10: =IF($A10="","",IFERROR(INDEX(Roster!$D$5:$D$56,MATCH($A10&"#"&5,Roster!$I$5:$I$56,0)),"")) | J10: =IF($A10="","",IFERROR(INDEX(Roster!$D$5:$D$56,MATCH($A10&"#"&6,Roster!$I$5:$I$56,0)),""))
A11: =IF(Groups!A7="","",Groups!A7) -> 3A | B11: =IF(A11="","",IF(Groups!B7="","Track not set",Groups!B7)) -> Methylene Blue Removal | C11: =IF(A11="","",Groups!C7) -> 5 | D11: =IF(A11="","",MIN(C11*$C$5,$C$6)) -> 80 | E11: =IF($A11="","",IFERROR(INDEX(Roster!$D$5:$D$56,MATCH($A11&"#"&1,Roster!$I$5:$I$56,0)),"")) -> Landon Atkins | F11: =IF($A11="","",IFERROR(INDEX(Roster!$D$5:$D$56,MATCH($A11&"#"&2,Roster!$I$5:$I$56,0)),"")) -> Axel Cruz-Hernandez | G11: =IF($A11="","",IFERROR(INDEX(Roster!$D$5:$D$56,MATCH($A11&"#"&3,Roster!$I$5:$I$56,0)),"")) -> Mia Cuellar | H11: =IF($A11="","",IFERROR(INDEX(Roster!$D$5:$D$56,MATCH($A11&"#"&4,Roster!$I$5:$I$56,0)),"")) -> Connor Felux | I11: =IF($A11="","",IFERROR(INDEX(Roster!$D$5:$D$56,MATCH($A11&"#"&5,Roster!$I$5:$I$56,0)),"")) -> Kara Larsen | J11: =IF($A11="","",IFERROR(INDEX(Roster!$D$5:$D$56,MATCH($A11&"#"&6,Roster!$I$5:$I$56,0)),""))
A12: =IF(Groups!A8="","",Groups!A8) -> 4A | B12: =IF(A12="","",IF(Groups!B8="","Track not set",Groups!B8)) -> Methylene Blue Removal | C12: =IF(A12="","",Groups!C8) -> 5 | D12: =IF(A12="","",MIN(C12*$C$5,$C$6)) -> 80 | E12: =IF($A12="","",IFERROR(INDEX(Roster!$D$5:$D$56,MATCH($A12&"#"&1,Roster!$I$5:$I$56,0)),"")) -> John David Andrade | F12: =IF($A12="","",IFERROR(INDEX(Roster!$D$5:$D$56,MATCH($A12&"#"&2,Roster!$I$5:$I$56,0)),"")) -> Jermy Brown | G12: =IF($A12="","",IFERROR(INDEX(Roster!$D$5:$D$56,MATCH($A12&"#"&3,Roster!$I$5:$I$56,0)),"")) -> Devin Cuellar | H12: =IF($A12="","",IFERROR(INDEX(Roster!$D$5:$D$56,MATCH($A12&"#"&4,Roster!$I$5:$I$56,0)),"")) -> Brinda Gayen | I12: =IF($A12="","",IFERROR(INDEX(Roster!$D$5:$D$56,MATCH($A12&"#"&5,Roster!$I$5:$I$56,0)),"")) -> Emmalie Potter | J12: =IF($A12="","",IFERROR(INDEX(Roster!$D$5:$D$56,MATCH($A12&"#"&6,Roster!$I$5:$I$56,0)),""))
A13: =IF(Groups!A9="","",Groups!A9) -> 5A | B13: =IF(A13="","",IF(Groups!B9="","Track not set",Groups!B9)) -> Methylene Blue Removal | C13: =IF(A13="","",Groups!C9) -> 5 | D13: =IF(A13="","",MIN(C13*$C$5,$C$6)) -> 80 | E13: =IF($A13="","",IFERROR(INDEX(Roster!$D$5:$D$56,MATCH($A13&"#"&1,Roster!$I$5:$I$56,0)),"")) -> David Abagwe | F13: =IF($A13="","",IFERROR(INDEX(Roster!$D$5:$D$56,MATCH($A13&"#"&2,Roster!$I$5:$I$56,0)),"")) -> Angel Camarillo | G13: =IF($A13="","",IFERROR(INDEX(Roster!$D$5:$D$56,MATCH($A13&"#"&3,Roster!$I$5:$I$56,0)),"")) -> Mihal Jacob | H13: =IF($A13="","",IFERROR(INDEX(Roster!$D$5:$D$56,MATCH($A13&"#"&4,Roster!$I$5:$I$56,0)),"")) -> Diego Leal | I13: =IF($A13="","",IFERROR(INDEX(Roster!$D$5:$D$56,MATCH($A13&"#"&5,Roster!$I$5:$I$56,0)),"")) -> Aaron Linhart | J13: =IF($A13="","",IFERROR(INDEX(Roster!$D$5:$D$56,MATCH($A13&"#"&6,Roster!$I$5:$I$56,0)),""))
A14: =IF(Groups!A10="","",Groups!A10) -> 1B | B14: =IF(A14="","",IF(Groups!B10="","Track not set",Groups!B10)) -> Oxygenation | C14: =IF(A14="","",Groups!C10) -> 5 | D14: =IF(A14="","",MIN(C14*$C$5,$C$6)) -> 80 | E14: =IF($A14="","",IFERROR(INDEX(Roster!$D$5:$D$56,MATCH($A14&"#"&1,Roster!$I$5:$I$56,0)),"")) -> Ryan Borkland | F14: =IF($A14="","",IFERROR(INDEX(Roster!$D$5:$D$56,MATCH($A14&"#"&2,Roster!$I$5:$I$56,0)),"")) -> Eric Calderon | G14: =IF($A14="","",IFERROR(INDEX(Roster!$D$5:$D$56,MATCH($A14&"#"&3,Roster!$I$5:$I$56,0)),"")) -> Gavin Cappel | H14: =IF($A14="","",IFERROR(INDEX(Roster!$D$5:$D$56,MATCH($A14&"#"&4,Roster!$I$5:$I$56,0)),"")) -> Isabella Juarez | I14: =IF($A14="","",IFERROR(INDEX(Roster!$D$5:$D$56,MATCH($A14&"#"&5,Roster!$I$5:$I$56,0)),"")) -> Kayra Rushing | J14: =IF($A14="","",IFERROR(INDEX(Roster!$D$5:$D$56,MATCH($A14&"#"&6,Roster!$I$5:$I$56,0)),""))
A15: =IF(Groups!A11="","",Groups!A11) -> 2B | B15: =IF(A15="","",IF(Groups!B11="","Track not set",Groups!B11)) -> Oxygenation | C15: =IF(A15="","",Groups!C11) -> 5 | D15: =IF(A15="","",MIN(C15*$C$5,$C$6)) -> 80 | E15: =IF($A15="","",IFERROR(INDEX(Roster!$D$5:$D$56,MATCH($A15&"#"&1,Roster!$I$5:$I$56,0)),"")) -> Venditha Chelikani | F15: =IF($A15="","",IFERROR(INDEX(Roster!$D$5:$D$56,MATCH($A15&"#"&2,Roster!$I$5:$I$56,0)),"")) -> Victoria Gaytan | G15: =IF($A15="","",IFERROR(INDEX(Roster!$D$5:$D$56,MATCH($A15&"#"&3,Roster!$I$5:$I$56,0)),"")) -> Emily Ickert | H15: =IF($A15="","",IFERROR(INDEX(Roster!$D$5:$D$56,MATCH($A15&"#"&4,Roster!$I$5:$I$56,0)),"")) -> Luke Presa | I15: =IF($A15="","",IFERROR(INDEX(Roster!$D$5:$D$56,MATCH($A15&"#"&5,Roster!$I$5:$I$56,0)),"")) -> Benny Reyes | J15: =IF($A15="","",IFERROR(INDEX(Roster!$D$5:$D$56,MATCH($A15&"#"&6,Roster!$I$5:$I$56,0)),""))
A16: =IF(Groups!A12="","",Groups!A12) -> 3B | B16: =IF(A16="","",IF(Groups!B12="","Track not set",Groups!B12)) -> Oxygenation | C16: =IF(A16="","",Groups!C12) -> 5 | D16: =IF(A16="","",MIN(C16*$C$5,$C$6)) -> 80 | E16: =IF($A16="","",IFERROR(INDEX(Roster!$D$5:$D$56,MATCH($A16&"#"&1,Roster!$I$5:$I$56,0)),"")) -> Lani Allen | F16: =IF($A16="","",IFERROR(INDEX(Roster!$D$5:$D$56,MATCH($A16&"#"&2,Roster!$I$5:$I$56,0)),"")) -> Jack Elsas | G16: =IF($A16="","",IFERROR(INDEX(Roster!$D$5:$D$56,MATCH($A16&"#"&3,Roster!$I$5:$I$56,0)),"")) -> Shawn Kwende | H16: =IF($A16="","",IFERROR(INDEX(Roster!$D$5:$D$56,MATCH($A16&"#"&4,Roster!$I$5:$I$56,0)),"")) -> Jared O'neal | I16: =IF($A16="","",IFERROR(INDEX(Roster!$D$5:$D$56,MATCH($A16&"#"&5,Roster!$I$5:$I$56,0)),"")) -> Brooke Salada | J16: =IF($A16="","",IFERROR(INDEX(Roster!$D$5:$D$56,MATCH($A16&"#"&6,Roster!$I$5:$I$56,0)),""))
A17: =IF(Groups!A13="","",Groups!A13) -> 4B | B17: =IF(A17="","",IF(Groups!B13="","Track not set",Groups!B13)) -> Oxygenation | C17: =IF(A17="","",Groups!C13) -> 5 | D17: =IF(A17="","",MIN(C17*$C$5,$C$6)) -> 80 | E17: =IF($A17="","",IFERROR(INDEX(Roster!$D$5:$D$56,MATCH($A17&"#"&1,Roster!$I$5:$I$56,0)),"")) -> Ashton Adams | F17: =IF($A17="","",IFERROR(INDEX(Roster!$D$5:$D$56,MATCH($A17&"#"&2,Roster!$I$5:$I$56,0)),"")) -> Jocelyn Gonzalez | G17: =IF($A17="","",IFERROR(INDEX(Roster!$D$5:$D$56,MATCH($A17&"#"&3,Roster!$I$5:$I$56,0)),"")) -> Michelle Gutierrez | H17: =IF($A17="","",IFERROR(INDEX(Roster!$D$5:$D$56,MATCH($A17&"#"&4,Roster!$I$5:$I$56,0)),"")) -> Jenna Koestler | I17: =IF($A17="","",IFERROR(INDEX(Roster!$D$5:$D$56,MATCH($A17&"#"&5,Roster!$I$5:$I$56,0)),"")) -> Roman Romashkin | J17: =IF($A17="","",IFERROR(INDEX(Roster!$D$5:$D$56,MATCH($A17&"#"&6,Roster!$I$5:$I$56,0)),""))
A18: =IF(Groups!A14="","",Groups!A14) -> 5B | B18: =IF(A18="","",IF(Groups!B14="","Track not set",Groups!B14)) -> Oxygenation | C18: =IF(A18="","",Groups!C14) -> 4 | D18: =IF(A18="","",MIN(C18*$C$5,$C$6)) -> 80 | E18: =IF($A18="","",IFERROR(INDEX(Roster!$D$5:$D$56,MATCH($A18&"#"&1,Roster!$I$5:$I$56,0)),"")) -> Brisa Colunga | F18: =IF($A18="","",IFERROR(INDEX(Roster!$D$5:$D$56,MATCH($A18&"#"&2,Roster!$I$5:$I$56,0)),"")) -> Alyssa Jasso | G18: =IF($A18="","",IFERROR(INDEX(Roster!$D$5:$D$56,MATCH($A18&"#"&3,Roster!$I$5:$I$56,0)),"")) -> Valeria Leon | H18: =IF($A18="","",IFERROR(INDEX(Roster!$D$5:$D$56,MATCH($A18&"#"&4,Roster!$I$5:$I$56,0)),"")) -> Haylee Senior | I18: =IF($A18="","",IFERROR(INDEX(Roster!$D$5:$D$56,MATCH($A18&"#"&5,Roster!$I$5:$I$56,0)),"")) | J18: =IF($A18="","",IFERROR(INDEX(Roster!$D$5:$D$56,MATCH($A18&"#"&6,Roster!$I$5:$I$56,0)),""))
A19: =IF(Groups!A15="","",Groups!A15) -> 6B | B19: =IF(A19="","",IF(Groups!B15="","Track not set",Groups!B15)) -> Oxygenation | C19: =IF(A19="","",Groups!C15) -> 4 | D19: =IF(A19="","",MIN(C19*$C$5,$C$6)) -> 80 | E19: =IF($A19="","",IFERROR(INDEX(Roster!$D$5:$D$56,MATCH($A19&"#"&1,Roster!$I$5:$I$56,0)),"")) -> Maryam Ka | F19: =IF($A19="","",IFERROR(INDEX(Roster!$D$5:$D$56,MATCH($A19&"#"&2,Roster!$I$5:$I$56,0)),"")) -> Daniela Osorio | G19: =IF($A19="","",IFERROR(INDEX(Roster!$D$5:$D$56,MATCH($A19&"#"&3,Roster!$I$5:$I$56,0)),"")) -> Yasmine Padilla | H19: =IF($A19="","",IFERROR(INDEX(Roster!$D$5:$D$56,MATCH($A19&"#"&4,Roster!$I$5:$I$56,0)),"")) -> Hayley Tarin | I19: =IF($A19="","",IFERROR(INDEX(Roster!$D$5:$D$56,MATCH($A19&"#"&5,Roster!$I$5:$I$56,0)),"")) | J19: =IF($A19="","",IFERROR(INDEX(Roster!$D$5:$D$56,MATCH($A19&"#"&6,Roster!$I$5:$I$56,0)),""))
A20: =IF(Groups!A16="","",Groups!A16) | B20: =IF(A20="","",IF(Groups!B16="","Track not set",Groups!B16)) | C20: =IF(A20="","",Groups!C16) | D20: =IF(A20="","",MIN(C20*$C$5,$C$6)) | E20: =IF($A20="","",IFERROR(INDEX(Roster!$D$5:$D$56,MATCH($A20&"#"&1,Roster!$I$5:$I$56,0)),"")) | F20: =IF($A20="","",IFERROR(INDEX(Roster!$D$5:$D$56,MATCH($A20&"#"&2,Roster!$I$5:$I$56,0)),"")) | G20: =IF($A20="","",IFERROR(INDEX(Roster!$D$5:$D$56,MATCH($A20&"#"&3,Roster!$I$5:$I$56,0)),"")) | H20: =IF($A20="","",IFERROR(INDEX(Roster!$D$5:$D$56,MATCH($A20&"#"&4,Roster!$I$5:$I$56,0)),"")) | I20: =IF($A20="","",IFERROR(INDEX(Roster!$D$5:$D$56,MATCH($A20&"#"&5,Roster!$I$5:$I$56,0)),"")) | J20: =IF($A20="","",IFERROR(INDEX(Roster!$D$5:$D$56,MATCH($A20&"#"&6,Roster!$I$5:$I$56,0)),""))
A21: =IF(Groups!A17="","",Groups!A17) | B21: =IF(A21="","",IF(Groups!B17="","Track not set",Groups!B17)) | C21: =IF(A21="","",Groups!C17) | D21: =IF(A21="","",MIN(C21*$C$5,$C$6)) | E21: =IF($A21="","",IFERROR(INDEX(Roster!$D$5:$D$56,MATCH($A21&"#"&1,Roster!$I$5:$I$56,0)),"")) | F21: =IF($A21="","",IFERROR(INDEX(Roster!$D$5:$D$56,MATCH($A21&"#"&2,Roster!$I$5:$I$56,0)),"")) | G21: =IF($A21="","",IFERROR(INDEX(Roster!$D$5:$D$56,MATCH($A21&"#"&3,Roster!$I$5:$I$56,0)),"")) | H21: =IF($A21="","",IFERROR(INDEX(Roster!$D$5:$D$56,MATCH($A21&"#"&4,Roster!$I$5:$I$56,0)),"")) | I21: =IF($A21="","",IFERROR(INDEX(Roster!$D$5:$D$56,MATCH($A21&"#"&5,Roster!$I$5:$I$56,0)),"")) | J21: =IF($A21="","",IFERROR(INDEX(Roster!$D$5:$D$56,MATCH($A21&"#"&6,Roster!$I$5:$I$56,0)),""))
A23: Methylene Blue Removal (Project A — DREAM) | C23: =SUMIF($B$9:$B$21,"Methylene Blue Removal",$C$9:$C$21) -> 24 | D23: =SUMIF($B$9:$B$21,"Methylene Blue Removal",$D$9:$D$21) -> 400
A24: Oxygenation (Project B — BOOST) | C24: =SUMIF($B$9:$B$21,"Oxygenation",$C$9:$C$21) -> 28 | D24: =SUMIF($B$9:$B$21,"Oxygenation",$D$9:$D$21) -> 480
A25: All groups | C25: =SUM(C9:C21) -> 52 | D25: =SUM(D9:D21) -> 880
A27: To move a student, change their group on the Roster tab (column E); this page updates. Every group has 4–5 students, so each reaches the $80 cap.

Sheet Quiz 1 Grades
A1: Quiz 1 — Grades by Student
A2: Blue cells = scores you type. Subtotals, total, %, band, rank and status are formulas. Rows turn yellow when a student has no scores. | R2: Performance bands
R3: Strong (green) if total ≥ | S3: 40
A4: Student | C4: ="Problem 1 ("&G5&" pts)" -> Problem 1 (35 pts) | H4: ="Problem 2 ("&K5&" pts)" -> Problem 2 (15 pts) | L4: Results | R4: Satisfactory (yellow) if total ≥ | S4: 26
B5: Max points | C5: 10 | D5: 15 | E5: 5 | F5: 5 | G5: =SUM(C5:F5) -> 35 | H5: 5 | I5: 5 | J5: 5 | K5: =SUM(H5:J5) -> 15 | L5: =G5+K5 -> 50 | R5: Needs support (red) if total < | S5: =S4 -> 26
A6: # | B6: Student Name | C6: 1.1 | D6: 1.2 | E6: 1.3 A | F6: 1.3 B | G6: P1 Total | H6: 2.1 | I6: 2.2 | J6: 2.3 | K6: P2 Total | L6: TOTAL | M6: % | N6: Performance | O6: Rank | P6: Status
A7: 1 | B7: =IFERROR(INDEX(Roster!$D$5:$D$56,MATCH($A7,Roster!$A$5:$A$56,0)),"(not on roster)") -> David Abagwe | C7: 8 | D7: 13 | E7: 4 | F7: 4 | G7: =IF(COUNT(C7:F7)=0,"",SUM(C7:F7)) -> 29 | H7: 5 | I7: 5 | J7: 5 | K7: =IF(COUNT(H7:J7)=0,"",SUM(H7:J7)) -> 15 | L7: =IF(COUNT(C7:F7,H7:J7)=COUNT($C$5:$F$5,$H$5:$J$5),SUM(C7:F7,H7:J7),"") -> 44 | M7: =IF(ISNUMBER(L7),L7/$L$5,"") -> 0.88 | N7: =IF(ISNUMBER(L7),IF(L7>=$S$3,"Strong",IF(L7>=$S$4,"Satisfactory","Needs support")),"") -> Strong | O7: =IF(ISNUMBER(L7),RANK(L7,$L$7:$L$58,0),"") -> 14 | P7: =IF(COUNT(C7:F7,H7:J7)=0,"Missing",IF(COUNT(C7:F7,H7:J7)<COUNT($C$5:$F$5,$H$5:$J$5),"Incomplete","Graded")) -> Graded
A8: 2 | B8: =IFERROR(INDEX(Roster!$D$5:$D$56,MATCH($A8,Roster!$A$5:$A$56,0)),"(not on roster)") -> Sonu Acharya | C8: 0 | D8: 5 | E8: 3 | F8: 3 | G8: =IF(COUNT(C8:F8)=0,"",SUM(C8:F8)) -> 11 | H8: 5 | I8: 5 | J8: 0 | K8: =IF(COUNT(H8:J8)=0,"",SUM(H8:J8)) -> 10 | L8: =IF(COUNT(C8:F8,H8:J8)=COUNT($C$5:$F$5,$H$5:$J$5),SUM(C8:F8,H8:J8),"") -> 21 | M8: =IF(ISNUMBER(L8),L8/$L$5,"") -> 0.42 | N8: =IF(ISNUMBER(L8),IF(L8>=$S$3,"Strong",IF(L8>=$S$4,"Satisfactory","Needs support")),"") -> Needs support | O8: =IF(ISNUMBER(L8),RANK(L8,$L$7:$L$58,0),"") -> 49 | P8: =IF(COUNT(C8:F8,H8:J8)=0,"Missing",IF(COUNT(C8:F8,H8:J8)<COUNT($C$5:$F$5,$H$5:$J$5),"Incomplete","Graded")) -> Graded
A9: 3 | B9: =IFERROR(INDEX(Roster!$D$5:$D$56,MATCH($A9,Roster!$A$5:$A$56,0)),"(not on roster)") -> Ashton Adams | C9: 8 | D9: 10 | E9: 5 | F9: 5 | G9: =IF(COUNT(C9:F9)=0,"",SUM(C9:F9)) -> 28 | H9: 5 | I9: 5 | J9: 5 | K9: =IF(COUNT(H9:J9)=0,"",SUM(H9:J9)) -> 15 | L9: =IF(COUNT(C9:F9,H9:J9)=COUNT($C$5:$F$5,$H$5:$J$5),SUM(C9:F9,H9:J9),"") -> 43 | M9: =IF(ISNUMBER(L9),L9/$L$5,"") -> 0.86 | N9: =IF(ISNUMBER(L9),IF(L9>=$S$3,"Strong",IF(L9>=$S$4,"Satisfactory","Needs support")),"") -> Strong | O9: =IF(ISNUMBER(L9),RANK(L9,$L$7:$L$58,0),"") -> 17 | P9: =IF(COUNT(C9:F9,H9:J9)=0,"Missing",IF(COUNT(C9:F9,H9:J9)<COUNT($C$5:$F$5,$H$5:$J$5),"Incomplete","Graded")) -> Graded
A10: 4 | B10: =IFERROR(INDEX(Roster!$D$5:$D$56,MATCH($A10,Roster!$A$5:$A$56,0)),"(not on roster)") -> Hayden Albert | C10: 5 | D10: 15 | E10: 4 | F10: 4 | G10: =IF(COUNT(C10:F10)=0,"",SUM(C10:F10)) -> 28 | H10: 5 | I10: 5 | J10: 5 | K10: =IF(COUNT(H10:J10)=0,"",SUM(H10:J10)) -> 15 | L10: =IF(COUNT(C10:F10,H10:J10)=COUNT($C$5:$F$5,$H$5:$J$5),SUM(C10:F10,H10:J10),"") -> 43 | M10: =IF(ISNUMBER(L10),L10/$L$5,"") -> 0.86 | N10: =IF(ISNUMBER(L10),IF(L10>=$S$3,"Strong",IF(L10>=$S$4,"Satisfactory","Needs support")),"") -> Strong | O10: =IF(ISNUMBER(L10),RANK(L10,$L$7:$L$58,0),"") -> 17 | P10: =IF(COUNT(C10:F10,H10:J10)=0,"Missing",IF(COUNT(C10:F10,H10:J10)<COUNT($C$5:$F$5,$H$5:$J$5),"Incomplete","Graded")) -> Graded
A11: 5 | B11: =IFERROR(INDEX(Roster!$D$5:$D$56,MATCH($A11,Roster!$A$5:$A$56,0)),"(not on roster)") -> Lani Allen | C11: 10 | D11: 15 | E11: 5 | F11: 5 | G11: =IF(COUNT(C11:F11)=0,"",SUM(C11:F11)) -> 35 | H11: 5 | I11: 5 | J11: 5 | K11: =IF(COUNT(H11:J11)=0,"",SUM(H11:J11)) -> 15 | L11: =IF(COUNT(C11:F11,H11:J11)=COUNT($C$5:$F$5,$H$5:$J$5),SUM(C11:F11,H11:J11),"") -> 50 | M11: =IF(ISNUMBER(L11),L11/$L$5,"") -> 1 | N11: =IF(ISNUMBER(L11),IF(L11>=$S$3,"Strong",IF(L11>=$S$4,"Satisfactory","Needs support")),"") -> Strong | O11: =IF(ISNUMBER(L11),RANK(L11,$L$7:$L$58,0),"") -> 1 | P11: =IF(COUNT(C11:F11,H11:J11)=0,"Missing",IF(COUNT(C11:F11,H11:J11)<COUNT($C$5:$F$5,$H$5:$J$5),"Incomplete","Graded")) -> Graded
A12: 6 | B12: =IFERROR(INDEX(Roster!$D$5:$D$56,MATCH($A12,Roster!$A$5:$A$56,0)),"(not on roster)") -> John David Andrade | C12: 8 | D12: 10 | E12: 5 | F12: 4 | G12: =IF(COUNT(C12:F12)=0,"",SUM(C12:F12)) -> 27 | H12: 0 | I12: 0 | J12: 5 | K12: =IF(COUNT(H12:J12)=0,"",SUM(H12:J12)) -> 5 | L12: =IF(COUNT(C12:F12,H12:J12)=COUNT($C$5:$F$5,$H$5:$J$5),SUM(C12:F12,H12:J12),"") -> 32 | M12: =IF(ISNUMBER(L12),L12/$L$5,"") -> 0.64 | N12: =IF(ISNUMBER(L12),IF(L12>=$S$3,"Strong",IF(L12>=$S$4,"Satisfactory","Needs support")),"") -> Satisfactory | O12: =IF(ISNUMBER(L12),RANK(L12,$L$7:$L$58,0),"") -> 37 | P12: =IF(COUNT(C12:F12,H12:J12)=0,"Missing",IF(COUNT(C12:F12,H12:J12)<COUNT($C$5:$F$5,$H$5:$J$5),"Incomplete","Graded")) -> Graded
A13: 7 | B13: =IFERROR(INDEX(Roster!$D$5:$D$56,MATCH($A13,Roster!$A$5:$A$56,0)),"(not on roster)") -> Landon Atkins | C13: 5 | D13: 5 | E13: 3 | F13: 3 | G13: =IF(COUNT(C13:F13)=0,"",SUM(C13:F13)) -> 16 | H13: 5 | I13: 0 | J13: 5 | K13: =IF(COUNT(H13:J13)=0,"",SUM(H13:J13)) -> 10 | L13: =IF(COUNT(C13:F13,H13:J13)=COUNT($C$5:$F$5,$H$5:$J$5),SUM(C13:F13,H13:J13),"") -> 26 | M13: =IF(ISNUMBER(L13),L13/$L$5,"") -> 0.52 | N13: =IF(ISNUMBER(L13),IF(L13>=$S$3,"Strong",IF(L13>=$S$4,"Satisfactory","Needs support")),"") -> Satisfactory | O13: =IF(ISNUMBER(L13),RANK(L13,$L$7:$L$58,0),"") -> 44 | P13: =IF(COUNT(C13:F13,H13:J13)=0,"Missing",IF(COUNT(C13:F13,H13:J13)<COUNT($C$5:$F$5,$H$5:$J$5),"Incomplete","Graded")) -> Graded
A14: 8 | B14: =IFERROR(INDEX(Roster!$D$5:$D$56,MATCH($A14,Roster!$A$5:$A$56,0)),"(not on roster)") -> Ryan Borkland | C14: 10 | D14: 15 | E14: 3 | F14: 3 | G14: =IF(COUNT(C14:F14)=0,"",SUM(C14:F14)) -> 31 | H14: 5 | I14: 5 | J14: 5 | K14: =IF(COUNT(H14:J14)=0,"",SUM(H14:J14)) -> 15 | L14: =IF(COUNT(C14:F14,H14:J14)=COUNT($C$5:$F$5,$H$5:$J$5),SUM(C14:F14,H14:J14),"") -> 46 | M14: =IF(ISNUMBER(L14),L14/$L$5,"") -> 0.92 | N14: =IF(ISNUMBER(L14),IF(L14>=$S$3,"Strong",IF(L14>=$S$4,"Satisfactory","Needs support")),"") -> Strong | O14: =IF(ISNUMBER(L14),RANK(L14,$L$7:$L$58,0),"") -> 8 | P14: =IF(COUNT(C14:F14,H14:J14)=0,"Missing",IF(COUNT(C14:F14,H14:J14)<COUNT($C$5:$F$5,$H$5:$J$5),"Incomplete","Graded")) -> Graded
A15: 9 | B15: =IFERROR(INDEX(Roster!$D$5:$D$56,MATCH($A15,Roster!$A$5:$A$56,0)),"(not on roster)") -> Jermy Brown | C15: 8 | D15: 15 | E15: 3 | F15: 3 | G15: =IF(COUNT(C15:F15)=0,"",SUM(C15:F15)) -> 29 | H15: 5 | I15: 5 | J15: 5 | K15: =IF(COUNT(H15:J15)=0,"",SUM(H15:J15)) -> 15 | L15: =IF(COUNT(C15:F15,H15:J15)=COUNT($C$5:$F$5,$H$5:$J$5),SUM(C15:F15,H15:J15),"") -> 44 | M15: =IF(ISNUMBER(L15),L15/$L$5,"") -> 0.88 | N15: =IF(ISNUMBER(L15),IF(L15>=$S$3,"Strong",IF(L15>=$S$4,"Satisfactory","Needs support")),"") -> Strong | O15: =IF(ISNUMBER(L15),RANK(L15,$L$7:$L$58,0),"") -> 14 | P15: =IF(COUNT(C15:F15,H15:J15)=0,"Missing",IF(COUNT(C15:F15,H15:J15)<COUNT($C$5:$F$5,$H$5:$J$5),"Incomplete","Graded")) -> Graded
A16: 10 | B16: =IFERROR(INDEX(Roster!$D$5:$D$56,MATCH($A16,Roster!$A$5:$A$56,0)),"(not on roster)") -> Eric Calderon | C16: 3 | D16: 15 | E16: 5 | F16: 5 | G16: =IF(COUNT(C16:F16)=0,"",SUM(C16:F16)) -> 28 | H16: 5 | I16: 0 | J16: 5 | K16: =IF(COUNT(H16:J16)=0,"",SUM(H16:J16)) -> 10 | L16: =IF(COUNT(C16:F16,H16:J16)=COUNT($C$5:$F$5,$H$5:$J$5),SUM(C16:F16,H16:J16),"") -> 38 | M16: =IF(ISNUMBER(L16),L16/$L$5,"") -> 0.76 | N16: =IF(ISNUMBER(L16),IF(L16>=$S$3,"Strong",IF(L16>=$S$4,"Satisfactory","Needs support")),"") -> Satisfactory | O16: =IF(ISNUMBER(L16),RANK(L16,$L$7:$L$58,0),"") -> 29 | P16: =IF(COUNT(C16:F16,H16:J16)=0,"Missing",IF(COUNT(C16:F16,H16:J16)<COUNT($C$5:$F$5,$H$5:$J$5),"Incomplete","Graded")) -> Graded
A17: 11 | B17: =IFERROR(INDEX(Roster!$D$5:$D$56,MATCH($A17,Roster!$A$5:$A$56,0)),"(not on roster)") -> Angel Camarillo | C17: 2 | D17: 8 | E17: 3 | F17: 3 | G17: =IF(COUNT(C17:F17)=0,"",SUM(C17:F17)) -> 16 | H17: 5 | I17: 0 | J17: 5 | K17: =IF(COUNT(H17:J17)=0,"",SUM(H17:J17)) -> 10 | L17: =IF(COUNT(C17:F17,H17:J17)=COUNT($C$5:$F$5,$H$5:$J$5),SUM(C17:F17,H17:J17),"") -> 26 | M17: =IF(ISNUMBER(L17),L17/$L$5,"") -> 0.52 | N17: =IF(ISNUMBER(L17),IF(L17>=$S$3,"Strong",IF(L17>=$S$4,"Satisfactory","Needs support")),"") -> Satisfactory | O17: =IF(ISNUMBER(L17),RANK(L17,$L$7:$L$58,0),"") -> 44 | P17: =IF(COUNT(C17:F17,H17:J17)=0,"Missing",IF(COUNT(C17:F17,H17:J17)<COUNT($C$5:$F$5,$H$5:$J$5),"Incomplete","Graded")) -> Graded
A18: 12 | B18: =IFERROR(INDEX(Roster!$D$5:$D$56,MATCH($A18,Roster!$A$5:$A$56,0)),"(not on roster)") -> Gavin Cappel | G18: =IF(COUNT(C18:F18)=0,"",SUM(C18:F18)) | K18: =IF(COUNT(H18:J18)=0,"",SUM(H18:J18)) | L18: =IF(COUNT(C18:F18,H18:J18)=COUNT($C$5:$F$5,$H$5:$J$5),SUM(C18:F18,H18:J18),"") | M18: =IF(ISNUMBER(L18),L18/$L$5,"") | N18: =IF(ISNUMBER(L18),IF(L18>=$S$3,"Strong",IF(L18>=$S$4,"Satisfactory","Needs support")),"") | O18: =IF(ISNUMBER(L18),RANK(L18,$L$7:$L$58,0),"") | P18: =IF(COUNT(C18:F18,H18:J18)=0,"Missing",IF(COUNT(C18:F18,H18:J18)<COUNT($C$5:$F$5,$H$5:$J$5),"Incomplete","Graded")) -> Missing
A19: 13 | B19: =IFERROR(INDEX(Roster!$D$5:$D$56,MATCH($A19,Roster!$A$5:$A$56,0)),"(not on roster)") -> Venditha Chelikani | C19: 10 | D19: 15 | E19: 4 | F19: 4 | G19: =IF(COUNT(C19:F19)=0,"",SUM(C19:F19)) -> 33 | H19: 5 | I19: 5 | J19: 5 | K19: =IF(COUNT(H19:J19)=0,"",SUM(H19:J19)) -> 15 | L19: =IF(COUNT(C19:F19,H19:J19)=COUNT($C$5:$F$5,$H$5:$J$5),SUM(C19:F19,H19:J19),"") -> 48 | M19: =IF(ISNUMBER(L19),L19/$L$5,"") -> 0.96 | N19: =IF(ISNUMBER(L19),IF(L19>=$S$3,"Strong",IF(L19>=$S$4,"Satisfactory","Needs support")),"") -> Strong | O19: =IF(ISNUMBER(L19),RANK(L19,$L$7:$L$58,0),"") -> 6 | P19: =IF(COUNT(C19:F19,H19:J19)=0,"Missing",IF(COUNT(C19:F19,H19:J19)<COUNT($C$5:$F$5,$H$5:$J$5),"Incomplete","Graded")) -> Graded
A20: 14 | B20: =IFERROR(INDEX(Roster!$D$5:$D$56,MATCH($A20,Roster!$A$5:$A$56,0)),"(not on roster)") -> Brisa Colunga | C20: 10 | D20: 15 | E20: 4 | F20: 4 | G20: =IF(COUNT(C20:F20)=0,"",SUM(C20:F20)) -> 33 | H20: 5 | I20: 0 | J20: 5 | K20: =IF(COUNT(H20:J20)=0,"",SUM(H20:J20)) -> 10 | L20: =IF(COUNT(C20:F20,H20:J20)=COUNT($C$5:$F$5,$H$5:$J$5),SUM(C20:F20,H20:J20),"") -> 43 | M20: =IF(ISNUMBER(L20),L20/$L$5,"") -> 0.86 | N20: =IF(ISNUMBER(L20),IF(L20>=$S$3,"Strong",IF(L20>=$S$4,"Satisfactory","Needs support")),"") -> Strong | O20: =IF(ISNUMBER(L20),RANK(L20,$L$7:$L$58,0),"") -> 17 | P20: =IF(COUNT(C20:F20,H20:J20)=0,"Missing",IF(COUNT(C20:F20,H20:J20)<COUNT($C$5:$F$5,$H$5:$J$5),"Incomplete","Graded")) -> Graded
A21: 15 | B21: =IFERROR(INDEX(Roster!$D$5:$D$56,MATCH($A21,Roster!$A$5:$A$56,0)),"(not on roster)") -> Axel Cruz-Hernandez | C21: 3 | D21: 8 | E21: 4 | F21: 4 | G21: =IF(COUNT(C21:F21)=0,"",SUM(C21:F21)) -> 19 | H21: 5 | I21: 0 | J21: 5 | K21: =IF(COUNT(H21:J21)=0,"",SUM(H21:J21)) -> 10 | L21: =IF(COUNT(C21:F21,H21:J21)=COUNT($C$5:$F$5,$H$5:$J$5),SUM(C21:F21,H21:J21),"") -> 29 | M21: =IF(ISNUMBER(L21),L21/$L$5,"") -> 0.58 | N21: =IF(ISNUMBER(L21),IF(L21>=$S$3,"Strong",IF(L21>=$S$4,"Satisfactory","Needs support")),"") -> Satisfactory | O21: =IF(ISNUMBER(L21),RANK(L21,$L$7:$L$58,0),"") -> 38 | P21: =IF(COUNT(C21:F21,H21:J21)=0,"Missing",IF(COUNT(C21:F21,H21:J21)<COUNT($C$5:$F$5,$H$5:$J$5),"Incomplete","Graded")) -> Graded
A22: 16 | B22: =IFERROR(INDEX(Roster!$D$5:$D$56,MATCH($A22,Roster!$A$5:$A$56,0)),"(not on roster)") -> Devin Cuellar | C22: 8 | D22: 15 | E22: 5 | F22: 5 | G22: =IF(COUNT(C22:F22)=0,"",SUM(C22:F22)) -> 33 | H22: 5 | I22: 0 | J22: 5 | K22: =IF(COUNT(H22:J22)=0,"",SUM(H22:J22)) -> 10 | L22: =IF(COUNT(C22:F22,H22:J22)=COUNT($C$5:$F$5,$H$5:$J$5),SUM(C22:F22,H22:J22),"") -> 43 | M22: =IF(ISNUMBER(L22),L22/$L$5,"") -> 0.86 | N22: =IF(ISNUMBER(L22),IF(L22>=$S$3,"Strong",IF(L22>=$S$4,"Satisfactory","Needs support")),"") -> Strong | O22: =IF(ISNUMBER(L22),RANK(L22,$L$7:$L$58,0),"") -> 17 | P22: =IF(COUNT(C22:F22,H22:J22)=0,"Missing",IF(COUNT(C22:F22,H22:J22)<COUNT($C$5:$F$5,$H$5:$J$5),"Incomplete","Graded")) -> Graded
A23: 17 | B23: =IFERROR(INDEX(Roster!$D$5:$D$56,MATCH($A23,Roster!$A$5:$A$56,0)),"(not on roster)") -> Mia Cuellar | C23: 3 | D23: 5 | E23: 4 | F23: 4 | G23: =IF(COUNT(C23:F23)=0,"",SUM(C23:F23)) -> 16 | H23: 0 | I23: 5 | J23: 5 | K23: =IF(COUNT(H23:J23)=0,"",SUM(H23:J23)) -> 10 | L23: =IF(COUNT(C23:F23,H23:J23)=COUNT($C$5:$F$5,$H$5:$J$5),SUM(C23:F23,H23:J23),"") -> 26 | M23: =IF(ISNUMBER(L23),L23/$L$5,"") -> 0.52 | N23: =IF(ISNUMBER(L23),IF(L23>=$S$3,"Strong",IF(L23>=$S$4,"Satisfactory","Needs support")),"") -> Satisfactory | O23: =IF(ISNUMBER(L23),RANK(L23,$L$7:$L$58,0),"") -> 44 | P23: =IF(COUNT(C23:F23,H23:J23)=0,"Missing",IF(COUNT(C23:F23,H23:J23)<COUNT($C$5:$F$5,$H$5:$J$5),"Incomplete","Graded")) -> Graded
A24: 18 | B24: =IFERROR(INDEX(Roster!$D$5:$D$56,MATCH($A24,Roster!$A$5:$A$56,0)),"(not on roster)") -> Trevin Cutrer | C24: 4 | D24: 8 | E24: 3 | F24: 3 | G24: =IF(COUNT(C24:F24)=0,"",SUM(C24:F24)) -> 18 | H24: 0 | I24: 5 | J24: 5 | K24: =IF(COUNT(H24:J24)=0,"",SUM(H24:J24)) -> 10 | L24: =IF(COUNT(C24:F24,H24:J24)=COUNT($C$5:$F$5,$H$5:$J$5),SUM(C24:F24,H24:J24),"") -> 28 | M24: =IF(ISNUMBER(L24),L24/$L$5,"") -> 0.56 | N24: =IF(ISNUMBER(L24),IF(L24>=$S$3,"Strong",IF(L24>=$S$4,"Satisfactory","Needs support")),"") -> Satisfactory | O24: =IF(ISNUMBER(L24),RANK(L24,$L$7:$L$58,0),"") -> 41 | P24: =IF(COUNT(C24:F24,H24:J24)=0,"Missing",IF(COUNT(C24:F24,H24:J24)<COUNT($C$5:$F$5,$H$5:$J$5),"Incomplete","Graded")) -> Graded
A25: 19 | B25: =IFERROR(INDEX(Roster!$D$5:$D$56,MATCH($A25,Roster!$A$5:$A$56,0)),"(not on roster)") -> Elizabeth Dillah | C25: 8 | D25: 5 | E25: 5 | F25: 5 | G25: =IF(COUNT(C25:F25)=0,"",SUM(C25:F25)) -> 23 | H25: 0 | I25: 0 | J25: 0 | K25: =IF(COUNT(H25:J25)=0,"",SUM(H25:J25)) -> 0 | L25: =IF(COUNT(C25:F25,H25:J25)=COUNT($C$5:$F$5,$H$5:$J$5),SUM(C25:F25,H25:J25),"") -> 23 | M25: =IF(ISNUMBER(L25),L25/$L$5,"") -> 0.46 | N25: =IF(ISNUMBER(L25),IF(L25>=$S$3,"Strong",IF(L25>=$S$4,"Satisfactory","Needs support")),"") -> Needs support | O25: =IF(ISNUMBER(L25),RANK(L25,$L$7:$L$58,0),"") -> 47 | P25: =IF(COUNT(C25:F25,H25:J25)=0,"Missing",IF(COUNT(C25:F25,H25:J25)<COUNT($C$5:$F$5,$H$5:$J$5),"Incomplete","Graded")) -> Graded
A26: 20 | B26: =IFERROR(INDEX(Roster!$D$5:$D$56,MATCH($A26,Roster!$A$5:$A$56,0)),"(not on roster)") -> Jack Elsas | C26: 10 | D26: 15 | E26: 5 | F26: 5 | G26: =IF(COUNT(C26:F26)=0,"",SUM(C26:F26)) -> 35 | H26: 5 | I26: 5 | J26: 5 | K26: =IF(COUNT(H26:J26)=0,"",SUM(H26:J26)) -> 15 | L26: =IF(COUNT(C26:F26,H26:J26)=COUNT($C$5:$F$5,$H$5:$J$5),SUM(C26:F26,H26:J26),"") -> 50 | M26: =IF(ISNUMBER(L26),L26/$L$5,"") -> 1 | N26: =IF(ISNUMBER(L26),IF(L26>=$S$3,"Strong",IF(L26>=$S$4,"Satisfactory","Needs support")),"") -> Strong | O26: =IF(ISNUMBER(L26),RANK(L26,$L$7:$L$58,0),"") -> 1 | P26: =IF(COUNT(C26:F26,H26:J26)=0,"Missing",IF(COUNT(C26:F26,H26:J26)<COUNT($C$5:$F$5,$H$5:$J$5),"Incomplete","Graded")) -> Graded
A27: 21 | B27: =IFERROR(INDEX(Roster!$D$5:$D$56,MATCH($A27,Roster!$A$5:$A$56,0)),"(not on roster)") -> Connor Felux | C27: 8 | D27: 15 | E27: 4 | F27: 4 | G27: =IF(COUNT(C27:F27)=0,"",SUM(C27:F27)) -> 31 | H27: 5 | I27: 5 | J27: 5 | K27: =IF(COUNT(H27:J27)=0,"",SUM(H27:J27)) -> 15 | L27: =IF(COUNT(C27:F27,H27:J27)=COUNT($C$5:$F$5,$H$5:$J$5),SUM(C27:F27,H27:J27),"") -> 46 | M27: =IF(ISNUMBER(L27),L27/$L$5,"") -> 0.92 | N27: =IF(ISNUMBER(L27),IF(L27>=$S$3,"Strong",IF(L27>=$S$4,"Satisfactory","Needs support")),"") -> Strong | O27: =IF(ISNUMBER(L27),RANK(L27,$L$7:$L$58,0),"") -> 8 | P27: =IF(COUNT(C27:F27,H27:J27)=0,"Missing",IF(COUNT(C27:F27,H27:J27)<COUNT($C$5:$F$5,$H$5:$J$5),"Incomplete","Graded")) -> Graded
A28: 22 | B28: =IFERROR(INDEX(Roster!$D$5:$D$56,MATCH($A28,Roster!$A$5:$A$56,0)),"(not on roster)") -> Hunter Gates | C28: 8 | D28: 15 | E28: 4 | F28: 4 | G28: =IF(COUNT(C28:F28)=0,"",SUM(C28:F28)) -> 31 | H28: 5 | I28: 5 | J28: 5 | K28: =IF(COUNT(H28:J28)=0,"",SUM(H28:J28)) -> 15 | L28: =IF(COUNT(C28:F28,H28:J28)=COUNT($C$5:$F$5,$H$5:$J$5),SUM(C28:F28,H28:J28),"") -> 46 | M28: =IF(ISNUMBER(L28),L28/$L$5,"") -> 0.92 | N28: =IF(ISNUMBER(L28),IF(L28>=$S$3,"Strong",IF(L28>=$S$4,"Satisfactory","Needs support")),"") -> Strong | O28: =IF(ISNUMBER(L28),RANK(L28,$L$7:$L$58,0),"") -> 8 | P28: =IF(COUNT(C28:F28,H28:J28)=0,"Missing",IF(COUNT(C28:F28,H28:J28)<COUNT($C$5:$F$5,$H$5:$J$5),"Incomplete","Graded")) -> Graded
A29: 23 | B29: =IFERROR(INDEX(Roster!$D$5:$D$56,MATCH($A29,Roster!$A$5:$A$56,0)),"(not on roster)") -> Brinda Gayen | C29: 5 | D29: 10 | E29: 4 | F29: 4 | G29: =IF(COUNT(C29:F29)=0,"",SUM(C29:F29)) -> 23 | H29: 5 | I29: 0 | J29: 0 | K29: =IF(COUNT(H29:J29)=0,"",SUM(H29:J29)) -> 5 | L29: =IF(COUNT(C29:F29,H29:J29)=COUNT($C$5:$F$5,$H$5:$J$5),SUM(C29:F29,H29:J29),"") -> 28 | M29: =IF(ISNUMBER(L29),L29/$L$5,"") -> 0.56 | N29: =IF(ISNUMBER(L29),IF(L29>=$S$3,"Strong",IF(L29>=$S$4,"Satisfactory","Needs support")),"") -> Satisfactory | O29: =IF(ISNUMBER(L29),RANK(L29,$L$7:$L$58,0),"") -> 41 | P29: =IF(COUNT(C29:F29,H29:J29)=0,"Missing",IF(COUNT(C29:F29,H29:J29)<COUNT($C$5:$F$5,$H$5:$J$5),"Incomplete","Graded")) -> Graded
A30: 24 | B30: =IFERROR(INDEX(Roster!$D$5:$D$56,MATCH($A30,Roster!$A$5:$A$56,0)),"(not on roster)") -> Victoria Gaytan | C30: 8 | D30: 15 | E30: 4 | F30: 4 | G30: =IF(COUNT(C30:F30)=0,"",SUM(C30:F30)) -> 31 | H30: 5 | I30: 5 | J30: 5 | K30: =IF(COUNT(H30:J30)=0,"",SUM(H30:J30)) -> 15 | L30: =IF(COUNT(C30:F30,H30:J30)=COUNT($C$5:$F$5,$H$5:$J$5),SUM(C30:F30,H30:J30),"") -> 46 | M30: =IF(ISNUMBER(L30),L30/$L$5,"") -> 0.92 | N30: =IF(ISNUMBER(L30),IF(L30>=$S$3,"Strong",IF(L30>=$S$4,"Satisfactory","Needs support")),"") -> Strong | O30: =IF(ISNUMBER(L30),RANK(L30,$L$7:$L$58,0),"") -> 8 | P30: =IF(COUNT(C30:F30,H30:J30)=0,"Missing",IF(COUNT(C30:F30,H30:J30)<COUNT($C$5:$F$5,$H$5:$J$5),"Incomplete","Graded")) -> Graded
A31: 25 | B31: =IFERROR(INDEX(Roster!$D$5:$D$56,MATCH($A31,Roster!$A$5:$A$56,0)),"(not on roster)") -> Jocelyn Gonzalez | C31: 7 | D31: 15 | E31: 5 | F31: 5 | G31: =IF(COUNT(C31:F31)=0,"",SUM(C31:F31)) -> 32 | H31: 5 | I31: 0 | J31: 5 | K31: =IF(COUNT(H31:J31)=0,"",SUM(H31:J31)) -> 10 | L31: =IF(COUNT(C31:F31,H31:J31)=COUNT($C$5:$F$5,$H$5:$J$5),SUM(C31:F31,H31:J31),"") -> 42 | M31: =IF(ISNUMBER(L31),L31/$L$5,"") -> 0.84 | N31: =IF(ISNUMBER(L31),IF(L31>=$S$3,"Strong",IF(L31>=$S$4,"Satisfactory","Needs support")),"") -> Strong | O31: =IF(ISNUMBER(L31),RANK(L31,$L$7:$L$58,0),"") -> 22 | P31: =IF(COUNT(C31:F31,H31:J31)=0,"Missing",IF(COUNT(C31:F31,H31:J31)<COUNT($C$5:$F$5,$H$5:$J$5),"Incomplete","Graded")) -> Graded
A32: 26 | B32: =IFERROR(INDEX(Roster!$D$5:$D$56,MATCH($A32,Roster!$A$5:$A$56,0)),"(not on roster)") -> Michelle Gutierrez | G32: =IF(COUNT(C32:F32)=0,"",SUM(C32:F32)) | K32: =IF(COUNT(H32:J32)=0,"",SUM(H32:J32)) | L32: =IF(COUNT(C32:F32,H32:J32)=COUNT($C$5:$F$5,$H$5:$J$5),SUM(C32:F32,H32:J32),"") | M32: =IF(ISNUMBER(L32),L32/$L$5,"") | N32: =IF(ISNUMBER(L32),IF(L32>=$S$3,"Strong",IF(L32>=$S$4,"Satisfactory","Needs support")),"") | O32: =IF(ISNUMBER(L32),RANK(L32,$L$7:$L$58,0),"") | P32: =IF(COUNT(C32:F32,H32:J32)=0,"Missing",IF(COUNT(C32:F32,H32:J32)<COUNT($C$5:$F$5,$H$5:$J$5),"Incomplete","Graded")) -> Missing
A33: 27 | B33: =IFERROR(INDEX(Roster!$D$5:$D$56,MATCH($A33,Roster!$A$5:$A$56,0)),"(not on roster)") -> Rachel Holmes | C33: 3 | D33: 6 | E33: 4 | F33: 4 | G33: =IF(COUNT(C33:F33)=0,"",SUM(C33:F33)) -> 17 | H33: 5 | I33: 0 | J33: 5 | K33: =IF(COUNT(H33:J33)=0,"",SUM(H33:J33)) -> 10 | L33: =IF(COUNT(C33:F33,H33:J33)=COUNT($C$5:$F$5,$H$5:$J$5),SUM(C33:F33,H33:J33),"") -> 27 | M33: =IF(ISNUMBER(L33),L33/$L$5,"") -> 0.54 | N33: =IF(ISNUMBER(L33),IF(L33>=$S$3,"Strong",IF(L33>=$S$4,"Satisfactory","Needs support")),"") -> Satisfactory | O33: =IF(ISNUMBER(L33),RANK(L33,$L$7:$L$58,0),"") -> 43 | P33: =IF(COUNT(C33:F33,H33:J33)=0,"Missing",IF(COUNT(C33:F33,H33:J33)<COUNT($C$5:$F$5,$H$5:$J$5),"Incomplete","Graded")) -> Graded
A34: 28 | B34: =IFERROR(INDEX(Roster!$D$5:$D$56,MATCH($A34,Roster!$A$5:$A$56,0)),"(not on roster)") -> Emily Ickert | C34: 10 | D34: 15 | E34: 5 | F34: 5 | G34: =IF(COUNT(C34:F34)=0,"",SUM(C34:F34)) -> 35 | H34: 5 | I34: 5 | J34: 5 | K34: =IF(COUNT(H34:J34)=0,"",SUM(H34:J34)) -> 15 | L34: =IF(COUNT(C34:F34,H34:J34)=COUNT($C$5:$F$5,$H$5:$J$5),SUM(C34:F34,H34:J34),"") -> 50 | M34: =IF(ISNUMBER(L34),L34/$L$5,"") -> 1 | N34: =IF(ISNUMBER(L34),IF(L34>=$S$3,"Strong",IF(L34>=$S$4,"Satisfactory","Needs support")),"") -> Strong | O34: =IF(ISNUMBER(L34),RANK(L34,$L$7:$L$58,0),"") -> 1 | P34: =IF(COUNT(C34:F34,H34:J34)=0,"Missing",IF(COUNT(C34:F34,H34:J34)<COUNT($C$5:$F$5,$H$5:$J$5),"Incomplete","Graded")) -> Graded
A35: 29 | B35: =IFERROR(INDEX(Roster!$D$5:$D$56,MATCH($A35,Roster!$A$5:$A$56,0)),"(not on roster)") -> Mihal Jacob | C35: 5 | D35: 8 | E35: 4 | F35: 4 | G35: =IF(COUNT(C35:F35)=0,"",SUM(C35:F35)) -> 21 | H35: 5 | I35: 5 | J35: 5 | K35: =IF(COUNT(H35:J35)=0,"",SUM(H35:J35)) -> 15 | L35: =IF(COUNT(C35:F35,H35:J35)=COUNT($C$5:$F$5,$H$5:$J$5),SUM(C35:F35,H35:J35),"") -> 36 | M35: =IF(ISNUMBER(L35),L35/$L$5,"") -> 0.72 | N35: =IF(ISNUMBER(L35),IF(L35>=$S$3,"Strong",IF(L35>=$S$4,"Satisfactory","Needs support")),"") -> Satisfactory | O35: =IF(ISNUMBER(L35),RANK(L35,$L$7:$L$58,0),"") -> 34 | P35: =IF(COUNT(C35:F35,H35:J35)=0,"Missing",IF(COUNT(C35:F35,H35:J35)<COUNT($C$5:$F$5,$H$5:$J$5),"Incomplete","Graded")) -> Graded
A36: 30 | B36: =IFERROR(INDEX(Roster!$D$5:$D$56,MATCH($A36,Roster!$A$5:$A$56,0)),"(not on roster)") -> Alyssa Jasso | C36: 8 | D36: 8 | E36: 4 | F36: 4 | G36: =IF(COUNT(C36:F36)=0,"",SUM(C36:F36)) -> 24 | H36: 5 | I36: 5 | J36: 5 | K36: =IF(COUNT(H36:J36)=0,"",SUM(H36:J36)) -> 15 | L36: =IF(COUNT(C36:F36,H36:J36)=COUNT($C$5:$F$5,$H$5:$J$5),SUM(C36:F36,H36:J36),"") -> 39 | M36: =IF(ISNUMBER(L36),L36/$L$5,"") -> 0.78 | N36: =IF(ISNUMBER(L36),IF(L36>=$S$3,"Strong",IF(L36>=$S$4,"Satisfactory","Needs support")),"") -> Satisfactory | O36: =IF(ISNUMBER(L36),RANK(L36,$L$7:$L$58,0),"") -> 28 | P36: =IF(COUNT(C36:F36,H36:J36)=0,"Missing",IF(COUNT(C36:F36,H36:J36)<COUNT($C$5:$F$5,$H$5:$J$5),"Incomplete","Graded")) -> Graded
A37: 31 | B37: =IFERROR(INDEX(Roster!$D$5:$D$56,MATCH($A37,Roster!$A$5:$A$56,0)),"(not on roster)") -> Isabella Juarez | C37: 10 | D37: 15 | E37: 5 | F37: 5 | G37: =IF(COUNT(C37:F37)=0,"",SUM(C37:F37)) -> 35 | H37: 5 | I37: 5 | J37: 5 | K37: =IF(COUNT(H37:J37)=0,"",SUM(H37:J37)) -> 15 | L37: =IF(COUNT(C37:F37,H37:J37)=COUNT($C$5:$F$5,$H$5:$J$5),SUM(C37:F37,H37:J37),"") -> 50 | M37: =IF(ISNUMBER(L37),L37/$L$5,"") -> 1 | N37: =IF(ISNUMBER(L37),IF(L37>=$S$3,"Strong",IF(L37>=$S$4,"Satisfactory","Needs support")),"") -> Strong | O37: =IF(ISNUMBER(L37),RANK(L37,$L$7:$L$58,0),"") -> 1 | P37: =IF(COUNT(C37:F37,H37:J37)=0,"Missing",IF(COUNT(C37:F37,H37:J37)<COUNT($C$5:$F$5,$H$5:$J$5),"Incomplete","Graded")) -> Graded
A38: 32 | B38: =IFERROR(INDEX(Roster!$D$5:$D$56,MATCH($A38,Roster!$A$5:$A$56,0)),"(not on roster)") -> Maryam Ka | C38: 0 | D38: 10 | E38: 4 | F38: 4 | G38: =IF(COUNT(C38:F38)=0,"",SUM(C38:F38)) -> 18 | H38: 0 | I38: 5 | J38: 0 | K38: =IF(COUNT(H38:J38)=0,"",SUM(H38:J38)) -> 5 | L38: =IF(COUNT(C38:F38,H38:J38)=COUNT($C$5:$F$5,$H$5:$J$5),SUM(C38:F38,H38:J38),"") -> 23 | M38: =IF(ISNUMBER(L38),L38/$L$5,"") -> 0.46 | N38: =IF(ISNUMBER(L38),IF(L38>=$S$3,"Strong",IF(L38>=$S$4,"Satisfactory","Needs support")),"") -> Needs support | O38: =IF(ISNUMBER(L38),RANK(L38,$L$7:$L$58,0),"") -> 47 | P38: =IF(COUNT(C38:F38,H38:J38)=0,"Missing",IF(COUNT(C38:F38,H38:J38)<COUNT($C$5:$F$5,$H$5:$J$5),"Incomplete","Graded")) -> Graded
A39: 33 | B39: =IFERROR(INDEX(Roster!$D$5:$D$56,MATCH($A39,Roster!$A$5:$A$56,0)),"(not on roster)") -> Jenna Koestler | C39: 5 | D39: 12 | E39: 4 | F39: 4 | G39: =IF(COUNT(C39:F39)=0,"",SUM(C39:F39)) -> 25 | H39: 0 | I39: 5 | J39: 5 | K39: =IF(COUNT(H39:J39)=0,"",SUM(H39:J39)) -> 10 | L39: =IF(COUNT(C39:F39,H39:J39)=COUNT($C$5:$F$5,$H$5:$J$5),SUM(C39:F39,H39:J39),"") -> 35 | M39: =IF(ISNUMBER(L39),L39/$L$5,"") -> 0.7 | N39: =IF(ISNUMBER(L39),IF(L39>=$S$3,"Strong",IF(L39>=$S$4,"Satisfactory","Needs support")),"") -> Satisfactory | O39: =IF(ISNUMBER(L39),RANK(L39,$L$7:$L$58,0),"") -> 35 | P39: =IF(COUNT(C39:F39,H39:J39)=0,"Missing",IF(COUNT(C39:F39,H39:J39)<COUNT($C$5:$F$5,$H$5:$J$5),"Incomplete","Graded")) -> Graded
A40: 34 | B40: =IFERROR(INDEX(Roster!$D$5:$D$56,MATCH($A40,Roster!$A$5:$A$56,0)),"(not on roster)") -> Shawn Kwende | C40: 8 | D40: 15 | E40: 4 | F40: 4 | G40: =IF(COUNT(C40:F40)=0,"",SUM(C40:F40)) -> 31 | H40: 5 | I40: 5 | J40: 5 | K40: =IF(COUNT(H40:J40)=0,"",SUM(H40:J40)) -> 15 | L40: =IF(COUNT(C40:F40,H40:J40)=COUNT($C$5:$F$5,$H$5:$J$5),SUM(C40:F40,H40:J40),"") -> 46 | M40: =IF(ISNUMBER(L40),L40/$L$5,"") -> 0.92 | N40: =IF(ISNUMBER(L40),IF(L40>=$S$3,"Strong",IF(L40>=$S$4,"Satisfactory","Needs support")),"") -> Strong | O40: =IF(ISNUMBER(L40),RANK(L40,$L$7:$L$58,0),"") -> 8 | P40: =IF(COUNT(C40:F40,H40:J40)=0,"Missing",IF(COUNT(C40:F40,H40:J40)<COUNT($C$5:$F$5,$H$5:$J$5),"Incomplete","Graded")) -> Graded
A41: 35 | B41: =IFERROR(INDEX(Roster!$D$5:$D$56,MATCH($A41,Roster!$A$5:$A$56,0)),"(not on roster)") -> Kara Larsen | C41: 8 | D41: 15 | E41: 4 | F41: 4 | G41: =IF(COUNT(C41:F41)=0,"",SUM(C41:F41)) -> 31 | H41: 5 | I41: 0 | J41: 5 | K41: =IF(COUNT(H41:J41)=0,"",SUM(H41:J41)) -> 10 | L41: =IF(COUNT(C41:F41,H41:J41)=COUNT($C$5:$F$5,$H$5:$J$5),SUM(C41:F41,H41:J41),"") -> 41 | M41: =IF(ISNUMBER(L41),L41/$L$5,"") -> 0.82 | N41: =IF(ISNUMBER(L41),IF(L41>=$S$3,"Strong",IF(L41>=$S$4,"Satisfactory","Needs support")),"") -> Strong | O41: =IF(ISNUMBER(L41),RANK(L41,$L$7:$L$58,0),"") -> 23 | P41: =IF(COUNT(C41:F41,H41:J41)=0,"Missing",IF(COUNT(C41:F41,H41:J41)<COUNT($C$5:$F$5,$H$5:$J$5),"Incomplete","Graded")) -> Graded
A42: 36 | B42: =IFERROR(INDEX(Roster!$D$5:$D$56,MATCH($A42,Roster!$A$5:$A$56,0)),"(not on roster)") -> Diego Leal | C42: 0 | D42: 8 | E42: 1 | F42: 2 | G42: =IF(COUNT(C42:F42)=0,"",SUM(C42:F42)) -> 11 | H42: 0 | I42: 0 | J42: 5 | K42: =IF(COUNT(H42:J42)=0,"",SUM(H42:J42)) -> 5 | L42: =IF(COUNT(C42:F42,H42:J42)=COUNT($C$5:$F$5,$H$5:$J$5),SUM(C42:F42,H42:J42),"") -> 16 | M42: =IF(ISNUMBER(L42),L42/$L$5,"") -> 0.32 | N42: =IF(ISNUMBER(L42),IF(L42>=$S$3,"Strong",IF(L42>=$S$4,"Satisfactory","Needs support")),"") -> Needs support | O42: =IF(ISNUMBER(L42),RANK(L42,$L$7:$L$58,0),"") -> 50 | P42: =IF(COUNT(C42:F42,H42:J42)=0,"Missing",IF(COUNT(C42:F42,H42:J42)<COUNT($C$5:$F$5,$H$5:$J$5),"Incomplete","Graded")) -> Graded
A43: 37 | B43: =IFERROR(INDEX(Roster!$D$5:$D$56,MATCH($A43,Roster!$A$5:$A$56,0)),"(not on roster)") -> Valeria Leon | C43: 10 | D43: 15 | E43: 5 | F43: 5 | G43: =IF(COUNT(C43:F43)=0,"",SUM(C43:F43)) -> 35 | H43: 5 | I43: 5 | J43: 5 | K43: =IF(COUNT(H43:J43)=0,"",SUM(H43:J43)) -> 15 | L43: =IF(COUNT(C43:F43,H43:J43)=COUNT($C$5:$F$5,$H$5:$J$5),SUM(C43:F43,H43:J43),"") -> 50 | M43: =IF(ISNUMBER(L43),L43/$L$5,"") -> 1 | N43: =IF(ISNUMBER(L43),IF(L43>=$S$3,"Strong",IF(L43>=$S$4,"Satisfactory","Needs support")),"") -> Strong | O43: =IF(ISNUMBER(L43),RANK(L43,$L$7:$L$58,0),"") -> 1 | P43: =IF(COUNT(C43:F43,H43:J43)=0,"Missing",IF(COUNT(C43:F43,H43:J43)<COUNT($C$5:$F$5,$H$5:$J$5),"Incomplete","Graded")) -> Graded
A44: 38 | B44: =IFERROR(INDEX(Roster!$D$5:$D$56,MATCH($A44,Roster!$A$5:$A$56,0)),"(not on roster)") -> Aaron Linhart | C44: 8 | D44: 12 | E44: 5 | F44: 5 | G44: =IF(COUNT(C44:F44)=0,"",SUM(C44:F44)) -> 30 | H44: 5 | I44: 5 | J44: 5 | K44: =IF(COUNT(H44:J44)=0,"",SUM(H44:J44)) -> 15 | L44: =IF(COUNT(C44:F44,H44:J44)=COUNT($C$5:$F$5,$H$5:$J$5),SUM(C44:F44,H44:J44),"") -> 45 | M44: =IF(ISNUMBER(L44),L44/$L$5,"") -> 0.9 | N44: =IF(ISNUMBER(L44),IF(L44>=$S$3,"Strong",IF(L44>=$S$4,"Satisfactory","Needs support")),"") -> Strong | O44: =IF(ISNUMBER(L44),RANK(L44,$L$7:$L$58,0),"") -> 13 | P44: =IF(COUNT(C44:F44,H44:J44)=0,"Missing",IF(COUNT(C44:F44,H44:J44)<COUNT($C$5:$F$5,$H$5:$J$5),"Incomplete","Graded")) -> Graded
... A58: 52 | B58: =IFERROR(INDEX(Roster!$D$5:$D$56,MATCH($A58,Roster!$A$5:$A$56,0)),"(not on roster)") -> Shaman Wildman | C58: 8 | D58: 15 | E58: 4 | F58: 4 | G58: =IF(COUNT(C58:F58)=0,"",SUM(C58:F58)) -> 31 | H58: 5 | I58: 0 | J58: 5 | K58: =IF(COUNT(H58:J58)=0,"",SUM(H58:J58)) -> 10 | L58: =IF(COUNT(C58:F58,H58:J58)=COUNT($C$5:$F$5,$H$5:$J$5),SUM(C58:F58,H58:J58),"") -> 41 | M58: =IF(ISNUMBER(L58),L58/$L$5,"") -> 0.82 | N58: =IF(ISNUMBER(L58),IF(L58>=$S$3,"Strong",IF(L58>=$S$4,"Satisfactory","Needs support")),"") -> Strong | O58: =IF(ISNUMBER(L58),RANK(L58,$L$7:$L$58,0),"") -> 23 | P58: =IF(COUNT(C58:F58,H58:J58)=0,"Missing",IF(COUNT(C58:F58,H58:J58)<COUNT($C$5:$F$5,$H$5:$J$5),"Incomplete","Graded")) -> Graded
B60: Class average | C60: =IFERROR(AVERAGE(C7:C58),"") -> 6.32 | D60: =IFERROR(AVERAGE(D7:D58),"") -> 11.92 | E60: =IFERROR(AVERAGE(E7:E58),"") -> 4.14 | F60: =IFERROR(AVERAGE(F7:F58),"") -> 4.08 | G60: =IFERROR(AVERAGE(G7:G58),"") -> 26.46 | H60: =IFERROR(AVERAGE(H7:H58),"") -> 4.1 | I60: =IFERROR(AVERAGE(I7:I58),"") -> 3.2 | J60: =IFERROR(AVERAGE(J7:J58),"") -> 4.4 | ... M60: =IFERROR(AVERAGE(M7:M58),"") -> 0.7632
B61: Average % of max | C61: =IFERROR(C60/C$5,"") -> 0.632 | D61: =IFERROR(D60/D$5,"") -> 0.79466667 | E61: =IFERROR(E60/E$5,"") -> 0.828 | F61: =IFERROR(F60/F$5,"") -> 0.816 | G61: =IFERROR(G60/G$5,"") -> 0.756 | H61: =IFERROR(H60/H$5,"") -> 0.82 | I61: =IFERROR(I60/I$5,"") -> 0.64 | J61: =IFERROR(J60/J$5,"") -> 0.88 | ... L61: =IFERROR(L60/L$5,"") -> 0.7632
B62: Highest | C62: =IFERROR(MAX(C7:C58),"") -> 10 | D62: =IFERROR(MAX(D7:D58),"") -> 15 | E62: =IFERROR(MAX(E7:E58),"") -> 5 | F62: =IFERROR(MAX(F7:F58),"") -> 5 | G62: =IFERROR(MAX(G7:G58),"") -> 35 | H62: =IFERROR(MAX(H7:H58),"") -> 5 | I62: =IFERROR(MAX(I7:I58),"") -> 5 | J62: =IFERROR(MAX(J7:J58),"") -> 5 | ... M62: =IFERROR(MAX(M7:M58),"") -> 1
B63: Lowest | C63: =IFERROR(MIN(C7:C58),"") -> 0 | D63: =IFERROR(MIN(D7:D58),"") -> 5 | E63: =IFERROR(MIN(E7:E58),"") -> 1 | F63: =IFERROR(MIN(F7:F58),"") -> 2 | G63: =IFERROR(MIN(G7:G58),"") -> 11 | H63: =IFERROR(MIN(H7:H58),"") -> 0 | I63: =IFERROR(MIN(I7:I58),"") -> 0 | J63: =IFERROR(MIN(J7:J58),"") -> 0 | ... M63: =IFERROR(MIN(M7:M58),"") -> 0.32
B64: Students graded | C64: =IFERROR(COUNT(C7:C58),"") -> 50 | D64: =IFERROR(COUNT(D7:D58),"") -> 50 | E64: =IFERROR(COUNT(E7:E58),"") -> 50 | F64: =IFERROR(COUNT(F7:F58),"") -> 50 | G64: =IFERROR(COUNT(G7:G58),"") -> 50 | H64: =IFERROR(COUNT(H7:H58),"") -> 50 | I64: =IFERROR(COUNT(I7:I58),"") -> 50 | J64: =IFERROR(COUNT(J7:J58),"") -> 50 | ... L64: =IFERROR(COUNT(L7:L58),"") -> 50
B65: Totals, ranks and statistics include only fully graded quizzes (Status = Graded).

Sheet Performance per Problem
A1: Performance per Problem
A2: All statistics are formulas that read the Quiz 1 Grades sheet (students with no scores are excluded). Use the Flag column to decide what to review in class.
A4: Question | B4: Max Pts | C4: # Graded | D4: Average | E4: Average % | F4: Median | G4: Std Dev | H4: Lowest | I4: Highest | J4: # Full Marks | K4: % Full Marks | L4: # Zeros | M4: % Zeros | N4: Flag | P4: Flag thresholds
A5: ='Quiz 1 Grades'!C6 -> 1.1 | B5: ='Quiz 1 Grades'!C$5 -> 10 | C5: =COUNT('Quiz 1 Grades'!C$7:C$58) -> 50 | D5: =IFERROR(AVERAGE('Quiz 1 Grades'!C$7:C$58),"") -> 6.32 | E5: =IFERROR(D5/B5,"") -> 0.632 | F5: =IFERROR(MEDIAN('Quiz 1 Grades'!C$7:C$58),"") -> 8 | G5: =IFERROR(STDEV('Quiz 1 Grades'!C$7:C$58),"") -> 3.145713 | H5: =IFERROR(MIN('Quiz 1 Grades'!C$7:C$58),"") -> 0 | I5: =IFERROR(MAX('Quiz 1 Grades'!C$7:C$58),"") -> 10 | J5: =COUNTIF('Quiz 1 Grades'!C$7:C$58,B5) -> 11 | K5: =IFERROR(J5/C5,"") -> 0.22 | L5: =COUNTIF('Quiz 1 Grades'!C$7:C$58,0) -> 4 | M5: =IFERROR(L5/C5,"") -> 0.08 | N5: =IF(ISNUMBER(E5),IF(OR(E5<$Q$6,AND(ISNUMBER(M5),M5>=$Q$7)),"Review in class",IF(E5<$Q$5,"Monitor","OK")),"") -> Monitor | P5: OK if average % ≥ | Q5: 0.75
A6: ='Quiz 1 Grades'!D6 -> 1.2 | B6: ='Quiz 1 Grades'!D$5 -> 15 | C6: =COUNT('Quiz 1 Grades'!D$7:D$58) -> 50 | D6: =IFERROR(AVERAGE('Quiz 1 Grades'!D$7:D$58),"") -> 11.92 | E6: =IFERROR(D6/B6,"") -> 0.79466667 | F6: =IFERROR(MEDIAN('Quiz 1 Grades'!D$7:D$58),"") -> 14 | G6: =IFERROR(STDEV('Quiz 1 Grades'!D$7:D$58),"") -> 3.5157953 | H6: =IFERROR(MIN('Quiz 1 Grades'!D$7:D$58),"") -> 5 | I6: =IFERROR(MAX('Quiz 1 Grades'!D$7:D$58),"") -> 15 | J6: =COUNTIF('Quiz 1 Grades'!D$7:D$58,B6) -> 25 | K6: =IFERROR(J6/C6,"") -> 0.5 | L6: =COUNTIF('Quiz 1 Grades'!D$7:D$58,0) -> 0 | M6: =IFERROR(L6/C6,"") -> 0 | N6: =IF(ISNUMBER(E6),IF(OR(E6<$Q$6,AND(ISNUMBER(M6),M6>=$Q$7)),"Review in class",IF(E6<$Q$5,"Monitor","OK")),"") -> OK | P6: Review in class if average % < | Q6: 0.6
A7: ='Quiz 1 Grades'!E6 -> 1.3 A | B7: ='Quiz 1 Grades'!E$5 -> 5 | C7: =COUNT('Quiz 1 Grades'!E$7:E$58) -> 50 | D7: =IFERROR(AVERAGE('Quiz 1 Grades'!E$7:E$58),"") -> 4.14 | E7: =IFERROR(D7/B7,"") -> 0.828 | F7: =IFERROR(MEDIAN('Quiz 1 Grades'!E$7:E$58),"") -> 4 | G7: =IFERROR(STDEV('Quiz 1 Grades'!E$7:E$58),"") -> 0.88086229 | H7: =IFERROR(MIN('Quiz 1 Grades'!E$7:E$58),"") -> 1 | I7: =IFERROR(MAX('Quiz 1 Grades'!E$7:E$58),"") -> 5 | J7: =COUNTIF('Quiz 1 Grades'!E$7:E$58,B7) -> 19 | K7: =IFERROR(J7/C7,"") -> 0.38 | L7: =COUNTIF('Quiz 1 Grades'!E$7:E$58,0) -> 0 | M7: =IFERROR(L7/C7,"") -> 0 | N7: =IF(ISNUMBER(E7),IF(OR(E7<$Q$6,AND(ISNUMBER(M7),M7>=$Q$7)),"Review in class",IF(E7<$Q$5,"Monitor","OK")),"") -> OK | P7: …or if % of zeros ≥ | Q7: 0.25
A8: ='Quiz 1 Grades'!F6 -> 1.3 B | B8: ='Quiz 1 Grades'!F$5 -> 5 | C8: =COUNT('Quiz 1 Grades'!F$7:F$58) -> 50 | D8: =IFERROR(AVERAGE('Quiz 1 Grades'!F$7:F$58),"") -> 4.08 | E8: =IFERROR(D8/B8,"") -> 0.816 | F8: =IFERROR(MEDIAN('Quiz 1 Grades'!F$7:F$58),"") -> 4 | G8: =IFERROR(STDEV('Quiz 1 Grades'!F$7:F$58),"") -> 0.80407127 | H8: =IFERROR(MIN('Quiz 1 Grades'!F$7:F$58),"") -> 2 | I8: =IFERROR(MAX('Quiz 1 Grades'!F$7:F$58),"") -> 5 | J8: =COUNTIF('Quiz 1 Grades'!F$7:F$58,B8) -> 16 | K8: =IFERROR(J8/C8,"") -> 0.32 | L8: =COUNTIF('Quiz 1 Grades'!F$7:F$58,0) -> 0 | M8: =IFERROR(L8/C8,"") -> 0 | N8: =IF(ISNUMBER(E8),IF(OR(E8<$Q$6,AND(ISNUMBER(M8),M8>=$Q$7)),"Review in class",IF(E8<$Q$5,"Monitor","OK")),"") -> OK | P8: (otherwise, below the OK line = Monitor)
A9: ='Quiz 1 Grades'!H6 -> 2.1 | B9: ='Quiz 1 Grades'!H$5 -> 5 | C9: =COUNT('Quiz 1 Grades'!H$7:H$58) -> 50 | D9: =IFERROR(AVERAGE('Quiz 1 Grades'!H$7:H$58),"") -> 4.1 | E9: =IFERROR(D9/B9,"") -> 0.82 | F9: =IFERROR(MEDIAN('Quiz 1 Grades'!H$7:H$58),"") -> 5 | G9: =IFERROR(STDEV('Quiz 1 Grades'!H$7:H$58),"") -> 1.9404397 | H9: =IFERROR(MIN('Quiz 1 Grades'!H$7:H$58),"") -> 0 | I9: =IFERROR(MAX('Quiz 1 Grades'!H$7:H$58),"") -> 5 | J9: =COUNTIF('Quiz 1 Grades'!H$7:H$58,B9) -> 41 | K9: =IFERROR(J9/C9,"") -> 0.82 | L9: =COUNTIF('Quiz 1 Grades'!H$7:H$58,0) -> 9 | M9: =IFERROR(L9/C9,"") -> 0.18 | N9: =IF(ISNUMBER(E9),IF(OR(E9<$Q$6,AND(ISNUMBER(M9),M9>=$Q$7)),"Review in class",IF(E9<$Q$5,"Monitor","OK")),"") -> OK
A10: ='Quiz 1 Grades'!I6 -> 2.2 | B10: ='Quiz 1 Grades'!I$5 -> 5 | C10: =COUNT('Quiz 1 Grades'!I$7:I$58) -> 50 | D10: =IFERROR(AVERAGE('Quiz 1 Grades'!I$7:I$58),"") -> 3.2 | E10: =IFERROR(D10/B10,"") -> 0.64 | F10: =IFERROR(MEDIAN('Quiz 1 Grades'!I$7:I$58),"") -> 5 | G10: =IFERROR(STDEV('Quiz 1 Grades'!I$7:I$58),"") -> 2.4243661 | H10: =IFERROR(MIN('Quiz 1 Grades'!I$7:I$58),"") -> 0 | I10: =IFERROR(MAX('Quiz 1 Grades'!I$7:I$58),"") -> 5 | J10: =COUNTIF('Quiz 1 Grades'!I$7:I$58,B10) -> 32 | K10: =IFERROR(J10/C10,"") -> 0.64 | L10: =COUNTIF('Quiz 1 Grades'!I$7:I$58,0) -> 18 | M10: =IFERROR(L10/C10,"") -> 0.36 | N10: =IF(ISNUMBER(E10),IF(OR(E10<$Q$6,AND(ISNUMBER(M10),M10>=$Q$7)),"Review in class",IF(E10<$Q$5,"Monitor","OK")),"") -> Review in class
A11: ='Quiz 1 Grades'!J6 -> 2.3 | B11: ='Quiz 1 Grades'!J$5 -> 5 | C11: =COUNT('Quiz 1 Grades'!J$7:J$58) -> 50 | D11: =IFERROR(AVERAGE('Quiz 1 Grades'!J$7:J$58),"") -> 4.4 | E11: =IFERROR(D11/B11,"") -> 0.88 | F11: =IFERROR(MEDIAN('Quiz 1 Grades'!J$7:J$58),"") -> 5 | G11: =IFERROR(STDEV('Quiz 1 Grades'!J$7:J$58),"") -> 1.6413036 | H11: =IFERROR(MIN('Quiz 1 Grades'!J$7:J$58),"") -> 0 | I11: =IFERROR(MAX('Quiz 1 Grades'!J$7:J$58),"") -> 5 | J11: =COUNTIF('Quiz 1 Grades'!J$7:J$58,B11) -> 44 | K11: =IFERROR(J11/C11,"") -> 0.88 | L11: =COUNTIF('Quiz 1 Grades'!J$7:J$58,0) -> 6 | M11: =IFERROR(L11/C11,"") -> 0.12 | N11: =IF(ISNUMBER(E11),IF(OR(E11<$Q$6,AND(ISNUMBER(M11),M11>=$Q$7)),"Review in class",IF(E11<$Q$5,"Monitor","OK")),"") -> OK
A12: Problem 1 total | B12: ='Quiz 1 Grades'!G$5 -> 35 | C12: =COUNT('Quiz 1 Grades'!G$7:G$58) -> 50 | D12: =IFERROR(AVERAGE('Quiz 1 Grades'!G$7:G$58),"") -> 26.46 | E12: =IFERROR(D12/B12,"") -> 0.756 | F12: =IFERROR(MEDIAN('Quiz 1 Grades'!G$7:G$58),"") -> 28 | G12: =IFERROR(STDEV('Quiz 1 Grades'!G$7:G$58),"") -> 6.692091 | H12: =IFERROR(MIN('Quiz 1 Grades'!G$7:G$58),"") -> 11 | I12: =IFERROR(MAX('Quiz 1 Grades'!G$7:G$58),"") -> 35 | J12: =COUNTIF('Quiz 1 Grades'!G$7:G$58,B12) -> 5 | K12: =IFERROR(J12/C12,"") -> 0.1 | L12: =COUNTIF('Quiz 1 Grades'!G$7:G$58,0) -> 0 | M12: =IFERROR(L12/C12,"") -> 0 | N12: =IF(ISNUMBER(E12),IF(OR(E12<$Q$6,AND(ISNUMBER(M12),M12>=$Q$7)),"Review in class",IF(E12<$Q$5,"Monitor","OK")),"") -> OK
A13: Problem 2 total | B13: ='Quiz 1 Grades'!K$5 -> 15 | C13: =COUNT('Quiz 1 Grades'!K$7:K$58) -> 50 | D13: =IFERROR(AVERAGE('Quiz 1 Grades'!K$7:K$58),"") -> 11.7 | E13: =IFERROR(D13/B13,"") -> 0.78 | F13: =IFERROR(MEDIAN('Quiz 1 Grades'!K$7:K$58),"") -> 12.5 | G13: =IFERROR(STDEV('Quiz 1 Grades'!K$7:K$58),"") -> 3.9910614 | H13: =IFERROR(MIN('Quiz 1 Grades'!K$7:K$58),"") -> 0 | I13: =IFERROR(MAX('Quiz 1 Grades'!K$7:K$58),"") -> 15 | J13: =COUNTIF('Quiz 1 Grades'!K$7:K$58,B13) -> 25 | K13: =IFERROR(J13/C13,"") -> 0.5 | L13: =COUNTIF('Quiz 1 Grades'!K$7:K$58,0) -> 2 | M13: =IFERROR(L13/C13,"") -> 0.04 | N13: =IF(ISNUMBER(E13),IF(OR(E13<$Q$6,AND(ISNUMBER(M13),M13>=$Q$7)),"Review in class",IF(E13<$Q$5,"Monitor","OK")),"") -> OK
A14: QUIZ TOTAL | B14: ='Quiz 1 Grades'!L$5 -> 50 | C14: =COUNT('Quiz 1 Grades'!L$7:L$58) -> 50 | D14: =IFERROR(AVERAGE('Quiz 1 Grades'!L$7:L$58),"") -> 38.16 | E14: =IFERROR(D14/B14,"") -> 0.7632 | F14: =IFERROR(MEDIAN('Quiz 1 Grades'!L$7:L$58),"") -> 40.5 | G14: =IFERROR(STDEV('Quiz 1 Grades'!L$7:L$58),"") -> 8.8832794 | H14: =IFERROR(MIN('Quiz 1 Grades'!L$7:L$58),"") -> 16 | I14: =IFERROR(MAX('Quiz 1 Grades'!L$7:L$58),"") -> 50 | J14: =COUNTIF('Quiz 1 Grades'!L$7:L$58,B14) -> 5 | K14: =IFERROR(J14/C14,"") -> 0.1 | L14: =COUNTIF('Quiz 1 Grades'!L$7:L$58,0) -> 0 | M14: =IFERROR(L14/C14,"") -> 0 | N14: =IF(ISNUMBER(E14),IF(OR(E14<$Q$6,AND(ISNUMBER(M14),M14>=$Q$7)),"Review in class",IF(E14<$Q$5,"Monitor","OK")),"") -> OK

Sheet Class Summary
A1: Quiz 1 — Class Summary
A2: Everything on this sheet is calculated from the Quiz 1 Grades and Roster sheets (fully graded quizzes only).
A4: At a glance | E4: Performance bands
A5: Students on roster | B5: =COUNTA(Roster!$B$5:$B$56) -> 52 | E5: Band | F5: Range | G5: # Students | H5: % of graded
A6: Quizzes fully graded | B6: =COUNTIF('Quiz 1 Grades'!$P$7:$P$58,"Graded") -> 50 | E6: Strong | F6: ="≥ "&'Quiz 1 Grades'!$S$3 -> ≥ 40 | G6: =COUNTIF('Quiz 1 Grades'!$N$7:$N$58,E6) -> 27 | H6: =IFERROR(G6/SUM($G$6:$G$8),"") -> 0.54
A7: Incomplete (some scores missing) | B7: =COUNTIF('Quiz 1 Grades'!$P$7:$P$58,"Incomplete") -> 0 | E7: Satisfactory | F7: ='Quiz 1 Grades'!$S$4&" – "&('Quiz 1 Grades'!$S$3-1) -> 26 – 39 | G7: =COUNTIF('Quiz 1 Grades'!$N$7:$N$58,E7) -> 19 | H7: =IFERROR(G7/SUM($G$6:$G$8),"") -> 0.38
A8: Missing (no scores) | B8: =COUNTIF('Quiz 1 Grades'!$P$7:$P$58,"Missing") -> 2 | E8: Needs support | F8: ="< "&'Quiz 1 Grades'!$S$4 -> < 26 | G8: =COUNTIF('Quiz 1 Grades'!$N$7:$N$58,E8) -> 4 | H8: =IFERROR(G8/SUM($G$6:$G$8),"") -> 0.08
A9: Class average (/50) | B9: =IFERROR(AVERAGE('Quiz 1 Grades'!$L$7:$L$58),"") -> 38.16 | E9: Total graded | G9: =SUM(G6:G8) -> 50
A10: Class average (%) | B10: =IFERROR(B9/'Quiz 1 Grades'!$L$5,"") -> 0.7632
A11: Median (/50) | B11: =IFERROR(MEDIAN('Quiz 1 Grades'!$L$7:$L$58),"") -> 40.5
A12: Standard deviation | B12: =IFERROR(STDEV('Quiz 1 Grades'!$L$7:$L$58),"") -> 8.8832794
A13: Highest score | B13: =IFERROR(MAX('Quiz 1 Grades'!$L$7:$L$58),"") -> 50
A14: Lowest score | B14: =IFERROR(MIN('Quiz 1 Grades'!$L$7:$L$58),"") -> 16
A16: Score distribution (total /50)
A17: Score range | B17: From | C17: To | D17: # Students
A18: =B18&"–"&C18 -> 0–9 | B18: 0 | C18: 9 | D18: =COUNTIFS('Quiz 1 Grades'!$L$7:$L$58,">="&B18,'Quiz 1 Grades'!$L$7:$L$58,"<"&(C18+1)) -> 0
A19: =B19&"–"&C19 -> 10–19 | B19: 10 | C19: 19 | D19: =COUNTIFS('Quiz 1 Grades'!$L$7:$L$58,">="&B19,'Quiz 1 Grades'!$L$7:$L$58,"<"&(C19+1)) -> 1
A20: =B20&"–"&C20 -> 20–29 | B20: 20 | C20: 29 | D20: =COUNTIFS('Quiz 1 Grades'!$L$7:$L$58,">="&B20,'Quiz 1 Grades'!$L$7:$L$58,"<"&(C20+1)) -> 12
A21: =B21&"–"&C21 -> 30–39 | B21: 30 | C21: 39 | D21: =COUNTIFS('Quiz 1 Grades'!$L$7:$L$58,">="&B21,'Quiz 1 Grades'!$L$7:$L$58,"<"&(C21+1)) -> 10
A22: =B22&"–"&C22 -> 40–50 | B22: 40 | C22: 50 | D22: =COUNTIFS('Quiz 1 Grades'!$L$7:$L$58,">="&B22,'Quiz 1 Grades'!$L$7:$L$58,"<"&(C22+1)) -> 27
A23: Total | D23: =SUM(D18:D22) -> 50
A24: Check: equals quizzes fully graded? | D24: =IF(D23=B6,"✔ OK","Check bins") -> ✔ OK

Sheet Statistical Analysis
A1: Statistical Analysis — Quiz 1 (Gaussian fit)
A2: Every value is a formula over the fully graded Quiz 1 totals, so the analysis updates when grades change. Blue cells = settings you can change. Tests use α = 0.05 (cell B34).
A4: Key findings (these sentences update automatically)
A5: ="Center: mean "&TEXT(MeanScore,"0.0")&" / "&MaxScore&" ("&TEXT(MeanScore/MaxScore,"0%")&"), median "&TEXT(MedianScore,"0.0")&" ("&TEXT(MedianScore/MaxScore,"0%")&"). "&TEXT($B$35,"0%")&" confidence interval for the class mean: "&TEXT($B$21,"0.0")&" – "&TEXT($B$22,"0.0")&" points (n = "&nGraded&")." -> Center: mean 38.2 / 50 (76%), median 40.5 (81%). 95% confidence interval for the class mean: 35.6 – 40.7 points (n = 50).
A6: ="Spread: standard deviation "&TEXT(SDScore,"0.0")&" points (CV "&TEXT($B$29,"0%")&"). The middle 50% of students scored between "&TEXT($B$24,"0")&" and "&TEXT($B$25,"0")&"; range "&$B$23&" – "&$B$26&"." -> Spread: standard deviation 8.9 points (CV 23%). The middle 50% of students scored between 30 and 45; range 16 – 50.
A7: =IF(SkewScore<=-0.5,"Shape: left-skewed (skewness "&TEXT(SkewScore,"0.00")&") — most students scored high, with a tail of low scores, so the median ("&TEXT(MedianScore,"0.0")&") describes the typical student better than the mean.",IF(SkewScore>=0.5,"Shape: right-skewed (skewness "&TEXT(SkewScore,"0.00")&") — most students scored low with a few high scores.","Shape: roughly symmetric (skewness "&TEXT(SkewScore,"0.00")&")."))&IF(KurtScore<=-0.5," The peak is flatter than a bell curve (excess kurtosis "&TEXT(KurtScore,"0.00")&"): scores are spread out rather than piled up near the mean.",IF(KurtScore>=0.5," The peak is sharper than a bell curve (excess kurtosis "&TEXT(KurtScore,"0.00")&").","")) -> Shape: left-skewed (skewness -0.61) — most students scored high, with a tail of low scores, so the median (40.5) describes the typical student better than the mean. The peak is flatter than a bell curve (excess kurtosis -0.58): scores are spread out rather than piled up near the mean.
A8: =IF(nGraded<12,"Normality: need at least 12 graded quizzes.",IF(AND($L$19>=Alpha,$L$18>=Alpha),"Normality: consistent with a Gaussian distribution (Shapiro–Wilk p = "&TEXT($L$19,"0.000")&", Anderson–Darling p = "&TEXT($L$18,"0.000")&"), so z-scores and σ-bands are a fair summary of standing.",IF(AND($L$19<Alpha,$L$18<Alpha),"Normality: the scores are NOT Gaussian — a moderate departure, mainly the left skew and the ceiling (Shapiro–Wilk p = "&TEXT($L$19,"0.000")&", Anderson–Darling p = "&TEXT($L$18,"0.000")&"). Use the median and percentiles as the main summary and treat z-scores as approximate; avoid curving grades with a normal curve.","Normality: borderline — Shapiro–Wilk p = "&TEXT($L$19,"0.000")&", Anderson–Darling p = "&TEXT($L$18,"0.000")&". The Gaussian curve is a rough approximation only."))) -> Normality: the scores are NOT Gaussian — a moderate departure, mainly the left skew and the ceiling (Shapiro–Wilk p = 0.006, Anderson–Darling p = 0.004). Use the median and percentiles as the main summary and treat z-scores as approximate; avoid curving grades with a normal curve.
A9: ="Ceiling: a Gaussian curve with this mean and SD would place "&TEXT(G51,"0.0%")&" of students above the maximum of "&MaxScore&" points, and "&COUNTIF(Totals,MaxScore)&" students scored exactly "&MaxScore&"."&IF(G51>=0.05," This ceiling effect means the quiz could not separate the strongest students (and is one reason the distribution is not bell-shaped).","") -> Ceiling: a Gaussian curve with this mean and SD would place 9.1% of students above the maximum of 50 points, and 5 students scored exactly 50. This ceiling effect means the quiz could not separate the strongest students (and is one reason the distribution is not bell-shaped).
A10: ="Lower tail: "&COUNTIF(Totals,"<"&(MeanScore-SDScore))&" students scored more than 1σ below the mean (below "&TEXT(MeanScore-SDScore,"0.0")&") and "&COUNTIF(Totals,"<"&(MeanScore-2*SDScore))&" more than 2σ below (below "&TEXT(MeanScore-2*SDScore,"0.0")&"); a Gaussian curve predicts "&TEXT(nGraded*(1-NORMSDIST(1)),"0")&" and "&TEXT(nGraded*(1-NORMSDIST(2)),"0")&". See section 6 for names." -> Lower tail: 13 students scored more than 1σ below the mean (below 29.3) and 1 more than 2σ below (below 20.4); a Gaussian curve predicts 8 and 1. See section 6 for names.
A11: =IFERROR("Questions: reliability (Cronbach's α) = "&TEXT(C64,"0.00")&" ("&LOWER(D64)&"). Hardest question: "&INDEX(A57:A63,MATCH(MIN(D57:D63),D57:D63,0))&" (average "&TEXT(MIN(D57:D63),"0%")&"). Weakest at separating strong from weak students: "&INDEX(A57:A63,MATCH(MIN(F57:F63),F57:F63,0))&" (item–rest r = "&TEXT(MIN(F57:F63),"0.00")&").","Questions: not enough graded quizzes for item analysis.") -> Questions: reliability (Cronbach's α) = 0.63 (moderate). Hardest question: 1.1 (average 63%). Weakest at separating strong from weak students: 2.2 (item–rest r = 0.18).
A13: 1. Descriptive statistics | J13: 2. Is the class distribution Gaussian? (normality tests) | P13: Calculation helpers (formulas — do not edit) | Y13: Test intermediates | AB13: Graded-only data for item analysis (formulas — do not edit)
A14: Statistic | B14: Value | C14: Note | J14: Test | K14: Statistic | L14: p-value | M14: Verdict | N14: What it checks | P14: i | Q14: Sorted score y(i) | R14: Plot position p | S14: Normal quantile m | T14: Expected score (Q–Q x) | U14: SW weight a | V14: a × y(i) | W14: AD term | AB14: Total | AC14: 1.1 | AD14: 1.2 | AE14: 1.3 A | AF14: 1.3 B | AG14: 2.1 | AH14: 2.2 | AI14: 2.3 | AJ14: Rest 1.1 | AK14: Rest 1.2 | AL14: Rest 1.3 A | AM14: Rest 1.3 B | AN14: Rest 2.1 | AO14: Rest 2.2 | AP14: Rest 2.3
A15: Graded quizzes (n) | B15: =COUNT(Totals) -> 50 | C15: Only fully graded quizzes count | J15: Skewness z-test | K15: =IFERROR(SkewScore/$Z$33,"") -> -1.8260536 | L15: =IFERROR(2*(1-NORMSDIST(ABS(K15))),"") -> 0.067842185 | M15: =IF(ISNUMBER(L15),IF(L15<Alpha,"Not normal (p < α)","Consistent with normal"),"") -> Consistent with normal | N15: Symmetry (z = skewness ÷ its standard error) | P15: 1 | Q15: =IF(P15<=nGraded,SMALL(Totals,P15),NA()) -> 16 | R15: =IF(P15<=nGraded,(P15-0.375)/(nGraded+0.25),"") -> 0.012437811 | S15: =IF(P15<=nGraded,NORMSINV(R15),"") -> -2.2433288 | T15: =IF(P15<=nGraded,MeanScore+SDScore*S15,NA()) -> 18.231884 | U15: =IFERROR(IF(P15>nGraded,"",IF(P15=nGraded,$Z$19,IF(P15=nGraded-1,$Z$20,IF(P15=1,-$Z$19,IF(P15=2,-$Z$20,S15/SQRT($Z$21)))))),"") -> -0.35059925 | V15: =IFERROR(IF(P15<=nGraded,U15*Q15,""),"") -> -5.6095881 | W15: =IFERROR(IF(P15<=nGraded,(2*P15-1)*(LN(NORMDIST(Q15,MeanScore,SDScore,TRUE))+LN(1-NORMDIST(LARGE(Totals,P15),MeanScore,SDScore,TRUE))),""),"") -> -7.4600385 | Y15: Σ m² | Z15: =IFERROR(SUMSQ(S15:S66),"") -> 47.202649 | AB15: =IF('Quiz 1 Grades'!$P7="Graded",'Quiz 1 Grades'!$L7,"") -> 44 | AC15: =IF('Quiz 1 Grades'!$P7="Graded",'Quiz 1 Grades'!C7,"") -> 8 | AD15: =IF('Quiz 1 Grades'!$P7="Graded",'Quiz 1 Grades'!D7,"") -> 13 | AE15: =IF('Quiz 1 Grades'!$P7="Graded",'Quiz 1 Grades'!E7,"") -> 4 | AF15: =IF('Quiz 1 Grades'!$P7="Graded",'Quiz 1 Grades'!F7,"") -> 4 | AG15: =IF('Quiz 1 Grades'!$P7="Graded",'Quiz 1 Grades'!H7,"") -> 5 | AH15: =IF('Quiz 1 Grades'!$P7="Graded",'Quiz 1 Grades'!I7,"") -> 5 | AI15: =IF('Quiz 1 Grades'!$P7="Graded",'Quiz 1 Grades'!J7,"") -> 5 | AJ15: =IF(ISNUMBER(AB15),AB15-AC15,"") -> 36 | AK15: =IF(ISNUMBER(AB15),AB15-AD15,"") -> 31 | AL15: =IF(ISNUMBER(AB15),AB15-AE15,"") -> 40 | AM15: =IF(ISNUMBER(AB15),AB15-AF15,"") -> 40 | AN15: =IF(ISNUMBER(AB15),AB15-AG15,"") -> 39 | AO15: =IF(ISNUMBER(AB15),AB15-AH15,"") -> 39 | AP15: =IF(ISNUMBER(AB15),AB15-AI15,"") -> 39
A16: Mean (points) | B16: =IFERROR(AVERAGE(Totals),"") -> 38.16 | J16: Kurtosis z-test | K16: =IFERROR(KurtScore/$Z$34,"") -> -0.88340015 | L16: =IFERROR(2*(1-NORMSDIST(ABS(K16))),"") -> 0.37702011 | M16: =IF(ISNUMBER(L16),IF(L16<Alpha,"Not normal (p < α)","Consistent with normal"),"") -> Consistent with normal | N16: Peak / tails vs. a bell curve | P16: 2 | Q16: =IF(P16<=nGraded,SMALL(Totals,P16),NA()) -> 21 | R16: =IF(P16<=nGraded,(P16-0.375)/(nGraded+0.25),"") -> 0.032338308 | S16: =IF(P16<=nGraded,NORMSINV(R16),"") -> -1.8474868 | T16: =IF(P16<=nGraded,MeanScore+SDScore*S16,NA()) -> 21.748258 | U16: =IFERROR(IF(P16>nGraded,"",IF(P16=nGraded,$Z$19,IF(P16=nGraded-1,$Z$20,IF(P16=1,-$Z$19,IF(P16=2,-$Z$20,S16/SQRT($Z$21)))))),"") -> -0.26622143 | V16: =IFERROR(IF(P16<=nGraded,U16*Q16,""),"") -> -5.59065 | W16: =IFERROR(IF(P16<=nGraded,(2*P16-1)*(LN(NORMDIST(Q16,MeanScore,SDScore,TRUE))+LN(1-NORMDIST(LARGE(Totals,P16),MeanScore,SDScore,TRUE))),""),"") -> -18.050679 | Y16: u = 1/√n | Z16: =IFERROR(1/SQRT(nGraded),"") -> 0.14142136 | AB16: =IF('Quiz 1 Grades'!$P8="Graded",'Quiz 1 Grades'!$L8,"") -> 21 | AC16: =IF('Quiz 1 Grades'!$P8="Graded",'Quiz 1 Grades'!C8,"") -> 0 | AD16: =IF('Quiz 1 Grades'!$P8="Graded",'Quiz 1 Grades'!D8,"") -> 5 | AE16: =IF('Quiz 1 Grades'!$P8="Graded",'Quiz 1 Grades'!E8,"") -> 3 | AF16: =IF('Quiz 1 Grades'!$P8="Graded",'Quiz 1 Grades'!F8,"") -> 3 | AG16: =IF('Quiz 1 Grades'!$P8="Graded",'Quiz 1 Grades'!H8,"") -> 5 | AH16: =IF('Quiz 1 Grades'!$P8="Graded",'Quiz 1 Grades'!I8,"") -> 5 | AI16: =IF('Quiz 1 Grades'!$P8="Graded",'Quiz 1 Grades'!J8,"") -> 0 | AJ16: =IF(ISNUMBER(AB16),AB16-AC16,"") -> 21 | AK16: =IF(ISNUMBER(AB16),AB16-AD16,"") -> 16 | AL16: =IF(ISNUMBER(AB16),AB16-AE16,"") -> 18 | AM16: =IF(ISNUMBER(AB16),AB16-AF16,"") -> 18 | AN16: =IF(ISNUMBER(AB16),AB16-AG16,"") -> 16 | AO16: =IF(ISNUMBER(AB16),AB16-AH16,"") -> 16 | AP16: =IF(ISNUMBER(AB16),AB16-AI16,"") -> 21
A17: Median (points) | B17: =IFERROR(MEDIAN(Totals),"") -> 40.5 | C17: Middle student | J17: Jarque–Bera | K17: =IFERROR(nGraded/6*(SkewScore^2+KurtScore^2/4),"") -> 3.8606089 | L17: =IFERROR(CHIDIST(K17,2),"") -> 0.14510402 | M17: =IF(ISNUMBER(L17),IF(L17<Alpha,"Not normal (p < α)","Consistent with normal"),"") -> Consistent with normal | N17: Skewness + kurtosis together (large-sample test) | P17: 3 | Q17: =IF(P17<=nGraded,SMALL(Totals,P17),NA()) -> 23 | R17: =IF(P17<=nGraded,(P17-0.375)/(nGraded+0.25),"") -> 0.052238806 | S17: =IF(P17<=nGraded,NORMSINV(R17),"") -> -1.6235232 | T17: =IF(P17<=nGraded,MeanScore+SDScore*S17,NA()) -> 23.73779 | U17: =IFERROR(IF(P17>nGraded,"",IF(P17=nGraded,$Z$19,IF(P17=nGraded-1,$Z$20,IF(P17=1,-$Z$19,IF(P17=2,-$Z$20,S17/SQRT($Z$21)))))),"") -> -0.23076987 | V17: =IFERROR(IF(P17<=nGraded,U17*Q17,""),"") -> -5.3077069 | W17: =IFERROR(IF(P17<=nGraded,(2*P17-1)*(LN(NORMDIST(Q17,MeanScore,SDScore,TRUE))+LN(1-NORMDIST(LARGE(Totals,P17),MeanScore,SDScore,TRUE))),""),"") -> -27.591935 | Y17: c(n) = m(n)/√Σm² | Z17: =IFERROR(INDEX(S15:S66,nGraded)/SQRT(Z15),"") -> 0.32651996 | AB17: =IF('Quiz 1 Grades'!$P9="Graded",'Quiz 1 Grades'!$L9,"") -> 43 | AC17: =IF('Quiz 1 Grades'!$P9="Graded",'Quiz 1 Grades'!C9,"") -> 8 | AD17: =IF('Quiz 1 Grades'!$P9="Graded",'Quiz 1 Grades'!D9,"") -> 10 | AE17: =IF('Quiz 1 Grades'!$P9="Graded",'Quiz 1 Grades'!E9,"") -> 5 | AF17: =IF('Quiz 1 Grades'!$P9="Graded",'Quiz 1 Grades'!F9,"") -> 5 | AG17: =IF('Quiz 1 Grades'!$P9="Graded",'Quiz 1 Grades'!H9,"") -> 5 | AH17: =IF('Quiz 1 Grades'!$P9="Graded",'Quiz 1 Grades'!I9,"") -> 5 | AI17: =IF('Quiz 1 Grades'!$P9="Graded",'Quiz 1 Grades'!J9,"") -> 5 | AJ17: =IF(ISNUMBER(AB17),AB17-AC17,"") -> 35 | AK17: =IF(ISNUMBER(AB17),AB17-AD17,"") -> 33 | AL17: =IF(ISNUMBER(AB17),AB17-AE17,"") -> 38 | AM17: =IF(ISNUMBER(AB17),AB17-AF17,"") -> 38 | AN17: =IF(ISNUMBER(AB17),AB17-AG17,"") -> 38 | AO17: =IF(ISNUMBER(AB17),AB17-AH17,"") -> 38 | AP17: =IF(ISNUMBER(AB17),AB17-AI17,"") -> 38
A18: Standard deviation (sample) | B18: =IFERROR(STDEV(Totals),"") -> 8.8832794 | C18: Typical distance from the mean | J18: Anderson–Darling (A²*) | K18: =IFERROR($Z$31,"") -> 1.2147315 | L18: =IFERROR(MIN(1,MAX(0,$Z$32)),"") -> 0.0036473423 | M18: =IF(ISNUMBER(L18),IF(L18<Alpha,"Not normal (p < α)","Consistent with normal"),"") -> Not normal (p < α) | N18: Whole distribution, extra weight on the tails | P18: 4 | Q18: =IF(P18<=nGraded,SMALL(Totals,P18),NA()) -> 23 | R18: =IF(P18<=nGraded,(P18-0.375)/(nGraded+0.25),"") -> 0.072139303 | S18: =IF(P18<=nGraded,NORMSINV(R18),"") -> -1.4600417 | T18: =IF(P18<=nGraded,MeanScore+SDScore*S18,NA()) -> 25.190041 | U18: =IFERROR(IF(P18>nGraded,"",IF(P18=nGraded,$Z$19,IF(P18=nGraded-1,$Z$20,IF(P18=1,-$Z$19,IF(P18=2,-$Z$20,S18/SQRT($Z$21)))))),"") -> -0.20753238 | V18: =IFERROR(IF(P18<=nGraded,U18*Q18,""),"") -> -4.7732448 | W18: =IFERROR(IF(P18<=nGraded,(2*P18-1)*(LN(NORMDIST(Q18,MeanScore,SDScore,TRUE))+LN(1-NORMDIST(LARGE(Totals,P18),MeanScore,SDScore,TRUE))),""),"") -> -38.628709 | Y18: c(n−1) | Z18: =IFERROR(INDEX(S15:S66,nGraded-1)/SQRT(Z15),"") -> 0.26890456 | AB18: =IF('Quiz 1 Grades'!$P10="Graded",'Quiz 1 Grades'!$L10,"") -> 43 | AC18: =IF('Quiz 1 Grades'!$P10="Graded",'Quiz 1 Grades'!C10,"") -> 5 | AD18: =IF('Quiz 1 Grades'!$P10="Graded",'Quiz 1 Grades'!D10,"") -> 15 | AE18: =IF('Quiz 1 Grades'!$P10="Graded",'Quiz 1 Grades'!E10,"") -> 4 | AF18: =IF('Quiz 1 Grades'!$P10="Graded",'Quiz 1 Grades'!F10,"") -> 4 | AG18: =IF('Quiz 1 Grades'!$P10="Graded",'Quiz 1 Grades'!H10,"") -> 5 | AH18: =IF('Quiz 1 Grades'!$P10="Graded",'Quiz 1 Grades'!I10,"") -> 5 | AI18: =IF('Quiz 1 Grades'!$P10="Graded",'Quiz 1 Grades'!J10,"") -> 5 | AJ18: =IF(ISNUMBER(AB18),AB18-AC18,"") -> 38 | AK18: =IF(ISNUMBER(AB18),AB18-AD18,"") -> 28 | AL18: =IF(ISNUMBER(AB18),AB18-AE18,"") -> 39 | AM18: =IF(ISNUMBER(AB18),AB18-AF18,"") -> 39 | AN18: =IF(ISNUMBER(AB18),AB18-AG18,"") -> 38 | AO18: =IF(ISNUMBER(AB18),AB18-AH18,"") -> 38 | AP18: =IF(ISNUMBER(AB18),AB18-AI18,"") -> 38
A19: Variance | B19: =IFERROR(VAR(Totals),"") -> 78.912653 | J19: Shapiro–Wilk (W) | K19: =IF(nGraded<12,"n < 12",IFERROR($Z$24,"")) -> 0.9314023 | L19: =IF(nGraded<12,"",IFERROR($Z$29,"")) -> 0.0062465692 | M19: =IF(ISNUMBER(L19),IF(L19<Alpha,"Not normal (p < α)","Consistent with normal"),"") -> Not normal (p < α) | N19: Most powerful general test for n ≤ 50 (Royston 1992 approximation) | P19: 5 | Q19: =IF(P19<=nGraded,SMALL(Totals,P19),NA()) -> 26 | R19: =IF(P19<=nGraded,(P19-0.375)/(nGraded+0.25),"") -> 0.092039801 | S19: =IF(P19<=nGraded,NORMSINV(R19),"") -> -1.3282982 | T19: =IF(P19<=nGraded,MeanScore+SDScore*S19,NA()) -> 26.360356 | U19: =IFERROR(IF(P19>nGraded,"",IF(P19=nGraded,$Z$19,IF(P19=nGraded-1,$Z$20,IF(P19=1,-$Z$19,IF(P19=2,-$Z$20,S19/SQRT($Z$21)))))),"") -> -0.18880618 | V19: =IFERROR(IF(P19<=nGraded,U19*Q19,""),"") -> -4.9089606 | W19: =IFERROR(IF(P19<=nGraded,(2*P19-1)*(LN(NORMDIST(Q19,MeanScore,SDScore,TRUE))+LN(1-NORMDIST(LARGE(Totals,P19),MeanScore,SDScore,TRUE))),""),"") -> -43.67418 | Y19: a(n) [Royston 1992] | Z19: =IFERROR(Z17+0.221157*Z16-0.147981*Z16^2-2.07119*Z16^3+4.434685*Z16^4-2.706056*Z16^5,"") -> 0.35059925 | AB19: =IF('Quiz 1 Grades'!$P11="Graded",'Quiz 1 Grades'!$L11,"") -> 50 | AC19: =IF('Quiz 1 Grades'!$P11="Graded",'Quiz 1 Grades'!C11,"") -> 10 | AD19: =IF('Quiz 1 Grades'!$P11="Graded",'Quiz 1 Grades'!D11,"") -> 15 | AE19: =IF('Quiz 1 Grades'!$P11="Graded",'Quiz 1 Grades'!E11,"") -> 5 | AF19: =IF('Quiz 1 Grades'!$P11="Graded",'Quiz 1 Grades'!F11,"") -> 5 | AG19: =IF('Quiz 1 Grades'!$P11="Graded",'Quiz 1 Grades'!H11,"") -> 5 | AH19: =IF('Quiz 1 Grades'!$P11="Graded",'Quiz 1 Grades'!I11,"") -> 5 | AI19: =IF('Quiz 1 Grades'!$P11="Graded",'Quiz 1 Grades'!J11,"") -> 5 | AJ19: =IF(ISNUMBER(AB19),AB19-AC19,"") -> 40 | AK19: =IF(ISNUMBER(AB19),AB19-AD19,"") -> 35 | AL19: =IF(ISNUMBER(AB19),AB19-AE19,"") -> 45 | AM19: =IF(ISNUMBER(AB19),AB19-AF19,"") -> 45 | AN19: =IF(ISNUMBER(AB19),AB19-AG19,"") -> 45 | AO19: =IF(ISNUMBER(AB19),AB19-AH19,"") -> 45 | AP19: =IF(ISNUMBER(AB19),AB19-AI19,"") -> 45
A20: Standard error of the mean | B20: =IFERROR(B18/SQRT(B15),"") -> 1.2562854 | C20: SD ÷ √n | J20: =IF(nGraded<12,"Need at least 12 graded quizzes for the normality tests.",IF(COUNTIF(M18:M19,"Not normal*")=2,"Overall: NOT Gaussian — Shapiro–Wilk and Anderson–Darling (the most powerful tests at this sample size) both reject normality."&IF(COUNTIF(M15:M17,"Not normal*")=0," The skewness / kurtosis tests alone do not reject, so the departure is moderate (left skew + ceiling at "&MaxScore&"), not extreme.",""),IF(COUNTIF(M18:M19,"Not normal*")=0,"Overall: consistent with a Gaussian distribution — neither Shapiro–Wilk nor Anderson–Darling rejects normality."&IF(COUNTIF(M15:M17,"Not normal*")>0," (Some moment tests flag skewness/kurtosis; treat as a mild departure.)",""),"Overall: borderline — Shapiro–Wilk and Anderson–Darling disagree; treat the Gaussian curve as a rough approximation."))) -> Overall: NOT Gaussian — Shapiro–Wilk and Anderson–Darling (the most powerful tests at this sample size) both reject normality. The skewness / kurtosis tests alone do not reject, so the departure is moderate (left skew + ceiling at 50), not extreme. | P20: 6 | Q20: =IF(P20<=nGraded,SMALL(Totals,P20),NA()) -> 26 | R20: =IF(P20<=nGraded,(P20-0.375)/(nGraded+0.25),"") -> 0.1119403 | S20: =IF(P20<=nGraded,NORMSINV(R20),"") -> -1.2162739 | T20: =IF(P20<=nGraded,MeanScore+SDScore*S20,NA()) -> 27.355499 | U20: =IFERROR(IF(P20>nGraded,"",IF(P20=nGraded,$Z$19,IF(P20=nGraded-1,$Z$20,IF(P20=1,-$Z$19,IF(P20=2,-$Z$20,S20/SQRT($Z$21)))))),"") -> -0.17288288 | V20: =IFERROR(IF(P20<=nGraded,U20*Q20,""),"") -> -4.494955 | W20: =IFERROR(IF(P20<=nGraded,(2*P20-1)*(LN(NORMDIST(Q20,MeanScore,SDScore,TRUE))+LN(1-NORMDIST(LARGE(Totals,P20),MeanScore,SDScore,TRUE))),""),"") -> -49.158343 | Y20: a(n−1) | Z20: =IFERROR(Z18+0.042981*Z16-0.293762*Z16^2-1.752461*Z16^3+5.682633*Z16^4-3.582633*Z16^5,"") -> 0.26622143 | AB20: =IF('Quiz 1 Grades'!$P12="Graded",'Quiz 1 Grades'!$L12,"") -> 32 | AC20: =IF('Quiz 1 Grades'!$P12="Graded",'Quiz 1 Grades'!C12,"") -> 8 | AD20: =IF('Quiz 1 Grades'!$P12="Graded",'Quiz 1 Grades'!D12,"") -> 10 | AE20: =IF('Quiz 1 Grades'!$P12="Graded",'Quiz 1 Grades'!E12,"") -> 5 | AF20: =IF('Quiz 1 Grades'!$P12="Graded",'Quiz 1 Grades'!F12,"") -> 4 | AG20: =IF('Quiz 1 Grades'!$P12="Graded",'Quiz 1 Grades'!H12,"") -> 0 | AH20: =IF('Quiz 1 Grades'!$P12="Graded",'Quiz 1 Grades'!I12,"") -> 0 | AI20: =IF('Quiz 1 Grades'!$P12="Graded",'Quiz 1 Grades'!J12,"") -> 5 | AJ20: =IF(ISNUMBER(AB20),AB20-AC20,"") -> 24 | AK20: =IF(ISNUMBER(AB20),AB20-AD20,"") -> 22 | AL20: =IF(ISNUMBER(AB20),AB20-AE20,"") -> 27 | AM20: =IF(ISNUMBER(AB20),AB20-AF20,"") -> 28 | AN20: =IF(ISNUMBER(AB20),AB20-AG20,"") -> 32 | AO20: =IF(ISNUMBER(AB20),AB20-AH20,"") -> 32 | AP20: =IF(ISNUMBER(AB20),AB20-AI20,"") -> 27
A21: =TEXT($B$35,"0%")&" CI for the mean — lower" -> 95% CI for the mean — lower | B21: =IFERROR(B16-TINV(1-$B$35,B15-1)*B20,"") -> 35.6354 | C21: t-distribution | P21: 7 | Q21: =IF(P21<=nGraded,SMALL(Totals,P21),NA()) -> 26 | R21: =IF(P21<=nGraded,(P21-0.375)/(nGraded+0.25),"") -> 0.1318408 | S21: =IF(P21<=nGraded,NORMSINV(R21),"") -> -1.1177317 | T21: =IF(P21<=nGraded,MeanScore+SDScore*S21,NA()) -> 28.230877 | U21: =IFERROR(IF(P21>nGraded,"",IF(P21=nGraded,$Z$19,IF(P21=nGraded-1,$Z$20,IF(P21=1,-$Z$19,IF(P21=2,-$Z$20,S21/SQRT($Z$21)))))),"") -> -0.15887596 | V21: =IFERROR(IF(P21<=nGraded,U21*Q21,""),"") -> -4.1307749 | W21: =IFERROR(IF(P21<=nGraded,(2*P21-1)*(LN(NORMDIST(Q21,MeanScore,SDScore,TRUE))+LN(1-NORMDIST(LARGE(Totals,P21),MeanScore,SDScore,TRUE))),""),"") -> -58.096223 | Y21: φ | Z21: =IFERROR((Z15-2*INDEX(S15:S66,nGraded)^2-2*INDEX(S15:S66,nGraded-1)^2)/(1-2*Z19^2-2*Z20^2),"") -> 49.49471 | AB21: =IF('Quiz 1 Grades'!$P13="Graded",'Quiz 1 Grades'!$L13,"") -> 26 | AC21: =IF('Quiz 1 Grades'!$P13="Graded",'Quiz 1 Grades'!C13,"") -> 5 | AD21: =IF('Quiz 1 Grades'!$P13="Graded",'Quiz 1 Grades'!D13,"") -> 5 | AE21: =IF('Quiz 1 Grades'!$P13="Graded",'Quiz 1 Grades'!E13,"") -> 3 | AF21: =IF('Quiz 1 Grades'!$P13="Graded",'Quiz 1 Grades'!F13,"") -> 3 | AG21: =IF('Quiz 1 Grades'!$P13="Graded",'Quiz 1 Grades'!H13,"") -> 5 | AH21: =IF('Quiz 1 Grades'!$P13="Graded",'Quiz 1 Grades'!I13,"") -> 0 | AI21: =IF('Quiz 1 Grades'!$P13="Graded",'Quiz 1 Grades'!J13,"") -> 5 | AJ21: =IF(ISNUMBER(AB21),AB21-AC21,"") -> 21 | AK21: =IF(ISNUMBER(AB21),AB21-AD21,"") -> 21 | AL21: =IF(ISNUMBER(AB21),AB21-AE21,"") -> 23 | AM21: =IF(ISNUMBER(AB21),AB21-AF21,"") -> 23 | AN21: =IF(ISNUMBER(AB21),AB21-AG21,"") -> 21 | AO21: =IF(ISNUMBER(AB21),AB21-AH21,"") -> 26 | AP21: =IF(ISNUMBER(AB21),AB21-AI21,"") -> 21
A22: =TEXT($B$35,"0%")&" CI for the mean — upper" -> 95% CI for the mean — upper | B22: =IFERROR(B16+TINV(1-$B$35,B15-1)*B20,"") -> 40.6846 | J22: 3. Empirical rule — students within ±σ of the mean | P22: 8 | Q22: =IF(P22<=nGraded,SMALL(Totals,P22),NA()) -> 27 | R22: =IF(P22<=nGraded,(P22-0.375)/(nGraded+0.25),"") -> 0.15174129 | S22: =IF(P22<=nGraded,NORMSINV(R22),"") -> -1.0289938 | T22: =IF(P22<=nGraded,MeanScore+SDScore*S22,NA()) -> 29.019161 | U22: =IFERROR(IF(P22>nGraded,"",IF(P22=nGraded,$Z$19,IF(P22=nGraded-1,$Z$20,IF(P22=1,-$Z$19,IF(P22=2,-$Z$20,S22/SQRT($Z$21)))))),"") -> -0.14626263 | V22: =IFERROR(IF(P22<=nGraded,U22*Q22,""),"") -> -3.9490909 | W22: =IFERROR(IF(P22<=nGraded,(2*P22-1)*(LN(NORMDIST(Q22,MeanScore,SDScore,TRUE))+LN(1-NORMDIST(LARGE(Totals,P22),MeanScore,SDScore,TRUE))),""),"") -> -58.888762 | Y22: Σ a·y | Z22: =IFERROR(SUM(V15:V66),"") -> 60.012265 | AB22: =IF('Quiz 1 Grades'!$P14="Graded",'Quiz 1 Grades'!$L14,"") -> 46 | AC22: =IF('Quiz 1 Grades'!$P14="Graded",'Quiz 1 Grades'!C14,"") -> 10 | AD22: =IF('Quiz 1 Grades'!$P14="Graded",'Quiz 1 Grades'!D14,"") -> 15 | AE22: =IF('Quiz 1 Grades'!$P14="Graded",'Quiz 1 Grades'!E14,"") -> 3 | AF22: =IF('Quiz 1 Grades'!$P14="Graded",'Quiz 1 Grades'!F14,"") -> 3 | AG22: =IF('Quiz 1 Grades'!$P14="Graded",'Quiz 1 Grades'!H14,"") -> 5 | AH22: =IF('Quiz 1 Grades'!$P14="Graded",'Quiz 1 Grades'!I14,"") -> 5 | AI22: =IF('Quiz 1 Grades'!$P14="Graded",'Quiz 1 Grades'!J14,"") -> 5 | AJ22: =IF(ISNUMBER(AB22),AB22-AC22,"") -> 36 | AK22: =IF(ISNUMBER(AB22),AB22-AD22,"") -> 31 | AL22: =IF(ISNUMBER(AB22),AB22-AE22,"") -> 43 | AM22: =IF(ISNUMBER(AB22),AB22-AF22,"") -> 43 | AN22: =IF(ISNUMBER(AB22),AB22-AG22,"") -> 41 | AO22: =IF(ISNUMBER(AB22),AB22-AH22,"") -> 41 | AP22: =IF(ISNUMBER(AB22),AB22-AI22,"") -> 41
A23: Minimum | B23: =IFERROR(MIN(Totals),"") -> 16 | J23: Interval | K23: Score range | L23: Expected % (Gaussian) | M23: Observed students | N23: Observed % | P23: 9 | Q23: =IF(P23<=nGraded,SMALL(Totals,P23),NA()) -> 28 | R23: =IF(P23<=nGraded,(P23-0.375)/(nGraded+0.25),"") -> 0.17164179 | S23: =IF(P23<=nGraded,NORMSINV(R23),"") -> -0.94769729 | T23: =IF(P23<=nGraded,MeanScore+SDScore*S23,NA()) -> 29.74134 | U23: =IFERROR(IF(P23>nGraded,"",IF(P23=nGraded,$Z$19,IF(P23=nGraded-1,$Z$20,IF(P23=1,-$Z$19,IF(P23=2,-$Z$20,S23/SQRT($Z$21)))))),"") -> -0.13470702 | V23: =IFERROR(IF(P23<=nGraded,U23*Q23,""),"") -> -3.7717967 | W23: =IFERROR(IF(P23<=nGraded,(2*P23-1)*(LN(NORMDIST(Q23,MeanScore,SDScore,TRUE))+LN(1-NORMDIST(LARGE(Totals,P23),MeanScore,SDScore,TRUE))),""),"") -> -63.511001 | Y23: Σ (y − ȳ)² | Z23: =IFERROR(DEVSQ(Totals),"") -> 3866.72 | AB23: =IF('Quiz 1 Grades'!$P15="Graded",'Quiz 1 Grades'!$L15,"") -> 44 | AC23: =IF('Quiz 1 Grades'!$P15="Graded",'Quiz 1 Grades'!C15,"") -> 8 | AD23: =IF('Quiz 1 Grades'!$P15="Graded",'Quiz 1 Grades'!D15,"") -> 15 | AE23: =IF('Quiz 1 Grades'!$P15="Graded",'Quiz 1 Grades'!E15,"") -> 3 | AF23: =IF('Quiz 1 Grades'!$P15="Graded",'Quiz 1 Grades'!F15,"") -> 3 | AG23: =IF('Quiz 1 Grades'!$P15="Graded",'Quiz 1 Grades'!H15,"") -> 5 | AH23: =IF('Quiz 1 Grades'!$P15="Graded",'Quiz 1 Grades'!I15,"") -> 5 | AI23: =IF('Quiz 1 Grades'!$P15="Graded",'Quiz 1 Grades'!J15,"") -> 5 | AJ23: =IF(ISNUMBER(AB23),AB23-AC23,"") -> 36 | AK23: =IF(ISNUMBER(AB23),AB23-AD23,"") -> 29 | AL23: =IF(ISNUMBER(AB23),AB23-AE23,"") -> 41 | AM23: =IF(ISNUMBER(AB23),AB23-AF23,"") -> 41 | AN23: =IF(ISNUMBER(AB23),AB23-AG23,"") -> 39 | AO23: =IF(ISNUMBER(AB23),AB23-AH23,"") -> 39 | AP23: =IF(ISNUMBER(AB23),AB23-AI23,"") -> 39
A24: 1st quartile (Q1) | B24: =IFERROR(QUARTILE(Totals,1),"") -> 29.75 | C24: 25% of students scored below | J24: Within ±1σ | K24: =TEXT(MeanScore-1*SDScore,"0.0")&" – "&TEXT(MeanScore+1*SDScore,"0.0") -> 29.3 – 47.0 | L24: =1-2*(1-NORMSDIST(1)) -> 0.68268949 | M24: =COUNTIFS(Totals,">="&(MeanScore-1*SDScore),Totals,"<="&(MeanScore+1*SDScore)) -> 30 | N24: =IFERROR(M24/nGraded,"") -> 0.6 | P24: 10 | Q24: =IF(P24<=nGraded,SMALL(Totals,P24),NA()) -> 28 | R24: =IF(P24<=nGraded,(P24-0.375)/(nGraded+0.25),"") -> 0.19154229 | S24: =IF(P24<=nGraded,NORMSINV(R24),"") -> -0.87222696 | T24: =IF(P24<=nGraded,MeanScore+SDScore*S24,NA()) -> 30.411764 | U24: =IFERROR(IF(P24>nGraded,"",IF(P24=nGraded,$Z$19,IF(P24=nGraded-1,$Z$20,IF(P24=1,-$Z$19,IF(P24=2,-$Z$20,S24/SQRT($Z$21)))))),"") -> -0.12397957 | V24: =IFERROR(IF(P24<=nGraded,U24*Q24,""),"") -> -3.4714278 | W24: =IFERROR(IF(P24<=nGraded,(2*P24-1)*(LN(NORMDIST(Q24,MeanScore,SDScore,TRUE))+LN(1-NORMDIST(LARGE(Totals,P24),MeanScore,SDScore,TRUE))),""),"") -> -70.982883 | Y24: Shapiro–Wilk W | Z24: =IFERROR(Z22^2/Z23,"") -> 0.9314023 | AB24: =IF('Quiz 1 Grades'!$P16="Graded",'Quiz 1 Grades'!$L16,"") -> 38 | AC24: =IF('Quiz 1 Grades'!$P16="Graded",'Quiz 1 Grades'!C16,"") -> 3 | AD24: =IF('Quiz 1 Grades'!$P16="Graded",'Quiz 1 Grades'!D16,"") -> 15 | AE24: =IF('Quiz 1 Grades'!$P16="Graded",'Quiz 1 Grades'!E16,"") -> 5 | AF24: =IF('Quiz 1 Grades'!$P16="Graded",'Quiz 1 Grades'!F16,"") -> 5 | AG24: =IF('Quiz 1 Grades'!$P16="Graded",'Quiz 1 Grades'!H16,"") -> 5 | AH24: =IF('Quiz 1 Grades'!$P16="Graded",'Quiz 1 Grades'!I16,"") -> 0 | AI24: =IF('Quiz 1 Grades'!$P16="Graded",'Quiz 1 Grades'!J16,"") -> 5 | AJ24: =IF(ISNUMBER(AB24),AB24-AC24,"") -> 35 | AK24: =IF(ISNUMBER(AB24),AB24-AD24,"") -> 23 | AL24: =IF(ISNUMBER(AB24),AB24-AE24,"") -> 33 | AM24: =IF(ISNUMBER(AB24),AB24-AF24,"") -> 33 | AN24: =IF(ISNUMBER(AB24),AB24-AG24,"") -> 33 | AO24: =IF(ISNUMBER(AB24),AB24-AH24,"") -> 38 | AP24: =IF(ISNUMBER(AB24),AB24-AI24,"") -> 33
A25: 3rd quartile (Q3) | B25: =IFERROR(QUARTILE(Totals,3),"") -> 44.75 | C25: 75% of students scored below | J25: Within ±2σ | K25: =TEXT(MeanScore-2*SDScore,"0.0")&" – "&TEXT(MeanScore+2*SDScore,"0.0") -> 20.4 – 55.9 | L25: =1-2*(1-NORMSDIST(2)) -> 0.95449974 | M25: =COUNTIFS(Totals,">="&(MeanScore-2*SDScore),Totals,"<="&(MeanScore+2*SDScore)) -> 49 | N25: =IFERROR(M25/nGraded,"") -> 0.98 | P25: 11 | Q25: =IF(P25<=nGraded,SMALL(Totals,P25),NA()) -> 29 | R25: =IF(P25<=nGraded,(P25-0.375)/(nGraded+0.25),"") -> 0.21144279 | S25: =IF(P25<=nGraded,NORMSINV(R25),"") -> -0.80142513 | T25: =IF(P25<=nGraded,MeanScore+SDScore*S25,NA()) -> 31.040717 | U25: =IFERROR(IF(P25>nGraded,"",IF(P25=nGraded,$Z$19,IF(P25=nGraded-1,$Z$20,IF(P25=1,-$Z$19,IF(P25=2,-$Z$20,S25/SQRT($Z$21)))))),"") -> -0.11391569 | V25: =IFERROR(IF(P25<=nGraded,U25*Q25,""),"") -> -3.3035551 | W25: =IFERROR(IF(P25<=nGraded,(2*P25-1)*(LN(NORMDIST(Q25,MeanScore,SDScore,TRUE))+LN(1-NORMDIST(LARGE(Totals,P25),MeanScore,SDScore,TRUE))),""),"") -> -74.682639 | Y25: ln n | Z25: =IFERROR(LN(nGraded),"") -> 3.912023 | AB25: =IF('Quiz 1 Grades'!$P17="Graded",'Quiz 1 Grades'!$L17,"") -> 26 | AC25: =IF('Quiz 1 Grades'!$P17="Graded",'Quiz 1 Grades'!C17,"") -> 2 | AD25: =IF('Quiz 1 Grades'!$P17="Graded",'Quiz 1 Grades'!D17,"") -> 8 | AE25: =IF('Quiz 1 Grades'!$P17="Graded",'Quiz 1 Grades'!E17,"") -> 3 | AF25: =IF('Quiz 1 Grades'!$P17="Graded",'Quiz 1 Grades'!F17,"") -> 3 | AG25: =IF('Quiz 1 Grades'!$P17="Graded",'Quiz 1 Grades'!H17,"") -> 5 | AH25: =IF('Quiz 1 Grades'!$P17="Graded",'Quiz 1 Grades'!I17,"") -> 0 | AI25: =IF('Quiz 1 Grades'!$P17="Graded",'Quiz 1 Grades'!J17,"") -> 5 | AJ25: =IF(ISNUMBER(AB25),AB25-AC25,"") -> 24 | AK25: =IF(ISNUMBER(AB25),AB25-AD25,"") -> 18 | AL25: =IF(ISNUMBER(AB25),AB25-AE25,"") -> 23 | AM25: =IF(ISNUMBER(AB25),AB25-AF25,"") -> 23 | AN25: =IF(ISNUMBER(AB25),AB25-AG25,"") -> 21 | AO25: =IF(ISNUMBER(AB25),AB25-AH25,"") -> 26 | AP25: =IF(ISNUMBER(AB25),AB25-AI25,"") -> 21
A26: Maximum | B26: =IFERROR(MAX(Totals),"") -> 50 | J26: Within ±3σ | K26: =TEXT(MeanScore-3*SDScore,"0.0")&" – "&TEXT(MeanScore+3*SDScore,"0.0") -> 11.5 – 64.8 | L26: =1-2*(1-NORMSDIST(3)) -> 0.9973002 | M26: =COUNTIFS(Totals,">="&(MeanScore-3*SDScore),Totals,"<="&(MeanScore+3*SDScore)) -> 50 | N26: =IFERROR(M26/nGraded,"") -> 1 | P26: 12 | Q26: =IF(P26<=nGraded,SMALL(Totals,P26),NA()) -> 29 | R26: =IF(P26<=nGraded,(P26-0.375)/(nGraded+0.25),"") -> 0.23134328 | S26: =IF(P26<=nGraded,NORMSINV(R26),"") -> -0.73443023 | T26: =IF(P26<=nGraded,MeanScore+SDScore*S26,NA()) -> 31.635851 | U26: =IFERROR(IF(P26>nGraded,"",IF(P26=nGraded,$Z$19,IF(P26=nGraded-1,$Z$20,IF(P26=1,-$Z$19,IF(P26=2,-$Z$20,S26/SQRT($Z$21)))))),"") -> -0.10439295 | V26: =IFERROR(IF(P26<=nGraded,U26*Q26,""),"") -> -3.0273954 | W26: =IFERROR(IF(P26<=nGraded,(2*P26-1)*(LN(NORMDIST(Q26,MeanScore,SDScore,TRUE))+LN(1-NORMDIST(LARGE(Totals,P26),MeanScore,SDScore,TRUE))),""),"") -> -81.795272 | Y26: μ (Royston, n ≥ 12) | Z26: =IFERROR(0.0038915*Z25^3-0.083751*Z25^2-0.31082*Z25-1.5861,"") -> -3.8507725 | AB26: =IF('Quiz 1 Grades'!$P18="Graded",'Quiz 1 Grades'!$L18,"") | AC26: =IF('Quiz 1 Grades'!$P18="Graded",'Quiz 1 Grades'!C18,"") | AD26: =IF('Quiz 1 Grades'!$P18="Graded",'Quiz 1 Grades'!D18,"") | AE26: =IF('Quiz 1 Grades'!$P18="Graded",'Quiz 1 Grades'!E18,"") | AF26: =IF('Quiz 1 Grades'!$P18="Graded",'Quiz 1 Grades'!F18,"") | AG26: =IF('Quiz 1 Grades'!$P18="Graded",'Quiz 1 Grades'!H18,"") | AH26: =IF('Quiz 1 Grades'!$P18="Graded",'Quiz 1 Grades'!I18,"") | AI26: =IF('Quiz 1 Grades'!$P18="Graded",'Quiz 1 Grades'!J18,"") | AJ26: =IF(ISNUMBER(AB26),AB26-AC26,"") | AK26: =IF(ISNUMBER(AB26),AB26-AD26,"") | AL26: =IF(ISNUMBER(AB26),AB26-AE26,"") | AM26: =IF(ISNUMBER(AB26),AB26-AF26,"") | AN26: =IF(ISNUMBER(AB26),AB26-AG26,"") | AO26: =IF(ISNUMBER(AB26),AB26-AH26,"") | AP26: =IF(ISNUMBER(AB26),AB26-AI26,"")
A27: Range | B27: =IFERROR(B26-B23,"") -> 34 | C27: Max − min | P27: 13 | Q27: =IF(P27<=nGraded,SMALL(Totals,P27),NA()) -> 29 | R27: =IF(P27<=nGraded,(P27-0.375)/(nGraded+0.25),"") -> 0.25124378 | S27: =IF(P27<=nGraded,NORMSINV(R27),"") -> -0.67058089 | T27: =IF(P27<=nGraded,MeanScore+SDScore*S27,NA()) -> 32.203043 | U27: =IFERROR(IF(P27>nGraded,"",IF(P27=nGraded,$Z$19,IF(P27=nGraded-1,$Z$20,IF(P27=1,-$Z$19,IF(P27=2,-$Z$20,S27/SQRT($Z$21)))))),"") -> -0.09531731 | V27: =IFERROR(IF(P27<=nGraded,U27*Q27,""),"") -> -2.764202 | W27: =IFERROR(IF(P27<=nGraded,(2*P27-1)*(LN(NORMDIST(Q27,MeanScore,SDScore,TRUE))+LN(1-NORMDIST(LARGE(Totals,P27),MeanScore,SDScore,TRUE))),""),"") -> -85.001968 | Y27: σ (Royston, n ≥ 12) | Z27: =IFERROR(EXP(0.0030302*Z25^2-0.082676*Z25-0.4803),"") -> 0.46890436 | AB27: =IF('Quiz 1 Grades'!$P19="Graded",'Quiz 1 Grades'!$L19,"") -> 48 | AC27: =IF('Quiz 1 Grades'!$P19="Graded",'Quiz 1 Grades'!C19,"") -> 10 | AD27: =IF('Quiz 1 Grades'!$P19="Graded",'Quiz 1 Grades'!D19,"") -> 15 | AE27: =IF('Quiz 1 Grades'!$P19="Graded",'Quiz 1 Grades'!E19,"") -> 4 | AF27: =IF('Quiz 1 Grades'!$P19="Graded",'Quiz 1 Grades'!F19,"") -> 4 | AG27: =IF('Quiz 1 Grades'!$P19="Graded",'Quiz 1 Grades'!H19,"") -> 5 | AH27: =IF('Quiz 1 Grades'!$P19="Graded",'Quiz 1 Grades'!I19,"") -> 5 | AI27: =IF('Quiz 1 Grades'!$P19="Graded",'Quiz 1 Grades'!J19,"") -> 5 | AJ27: =IF(ISNUMBER(AB27),AB27-AC27,"") -> 38 | AK27: =IF(ISNUMBER(AB27),AB27-AD27,"") -> 33 | AL27: =IF(ISNUMBER(AB27),AB27-AE27,"") -> 44 | AM27: =IF(ISNUMBER(AB27),AB27-AF27,"") -> 44 | AN27: =IF(ISNUMBER(AB27),AB27-AG27,"") -> 43 | AO27: =IF(ISNUMBER(AB27),AB27-AH27,"") -> 43 | AP27: =IF(ISNUMBER(AB27),AB27-AI27,"") -> 43
A28: Interquartile range (IQR) | B28: =IFERROR(B25-B24,"") -> 15 | C28: Spread of the middle 50% | J28: σ band | K28: Score range | L28: Expected % (Gaussian) | M28: Observed students | N28: Observed % | P28: 14 | Q28: =IF(P28<=nGraded,SMALL(Totals,P28),NA()) -> 32 | R28: =IF(P28<=nGraded,(P28-0.375)/(nGraded+0.25),"") -> 0.27114428 | S28: =IF(P28<=nGraded,NORMSINV(R28),"") -> -0.60935591 | T28: =IF(P28<=nGraded,MeanScore+SDScore*S28,NA()) -> 32.746921 | U28: =IFERROR(IF(P28>nGraded,"",IF(P28=nGraded,$Z$19,IF(P28=nGraded-1,$Z$20,IF(P28=1,-$Z$19,IF(P28=2,-$Z$20,S28/SQRT($Z$21)))))),"") -> -0.086614705 | V28: =IFERROR(IF(P28<=nGraded,U28*Q28,""),"") -> -2.7716706 | W28: =IFERROR(IF(P28<=nGraded,(2*P28-1)*(LN(NORMDIST(Q28,MeanScore,SDScore,TRUE))+LN(1-NORMDIST(LARGE(Totals,P28),MeanScore,SDScore,TRUE))),""),"") -> -74.930838 | Y28: z(W) | Z28: =IFERROR((LN(1-Z24)-Z26)/Z27,"") -> 2.4979001 | AB28: =IF('Quiz 1 Grades'!$P20="Graded",'Quiz 1 Grades'!$L20,"") -> 43 | AC28: =IF('Quiz 1 Grades'!$P20="Graded",'Quiz 1 Grades'!C20,"") -> 10 | AD28: =IF('Quiz 1 Grades'!$P20="Graded",'Quiz 1 Grades'!D20,"") -> 15 | AE28: =IF('Quiz 1 Grades'!$P20="Graded",'Quiz 1 Grades'!E20,"") -> 4 | AF28: =IF('Quiz 1 Grades'!$P20="Graded",'Quiz 1 Grades'!F20,"") -> 4 | AG28: =IF('Quiz 1 Grades'!$P20="Graded",'Quiz 1 Grades'!H20,"") -> 5 | AH28: =IF('Quiz 1 Grades'!$P20="Graded",'Quiz 1 Grades'!I20,"") -> 0 | AI28: =IF('Quiz 1 Grades'!$P20="Graded",'Quiz 1 Grades'!J20,"") -> 5 | AJ28: =IF(ISNUMBER(AB28),AB28-AC28,"") -> 33 | AK28: =IF(ISNUMBER(AB28),AB28-AD28,"") -> 28 | AL28: =IF(ISNUMBER(AB28),AB28-AE28,"") -> 39 | AM28: =IF(ISNUMBER(AB28),AB28-AF28,"") -> 39 | AN28: =IF(ISNUMBER(AB28),AB28-AG28,"") -> 38 | AO28: =IF(ISNUMBER(AB28),AB28-AH28,"") -> 43 | AP28: =IF(ISNUMBER(AB28),AB28-AI28,"") -> 38
A29: Coefficient of variation | B29: =IFERROR(B18/B16,"") -> 0.23279034 | C29: SD ÷ mean | J29: Above +1σ | K29: ="≥ "&TEXT(MeanScore+SDScore,"0.0") -> ≥ 47.0 | L29: =1-NORMSDIST(1) -> 0.15865525 | M29: =COUNTIF(Totals,">="&(MeanScore+SDScore)) -> 7 | N29: =IFERROR(M29/nGraded,"") -> 0.14 | P29: 15 | Q29: =IF(P29<=nGraded,SMALL(Totals,P29),NA()) -> 33 | R29: =IF(P29<=nGraded,(P29-0.375)/(nGraded+0.25),"") -> 0.29104478 | S29: =IF(P29<=nGraded,NORMSINV(R29),"") -> -0.5503351 | T29: =IF(P29<=nGraded,MeanScore+SDScore*S29,NA()) -> 33.27122 | U29: =IFERROR(IF(P29>nGraded,"",IF(P29=nGraded,$Z$19,IF(P29=nGraded-1,$Z$20,IF(P29=1,-$Z$19,IF(P29=2,-$Z$20,S29/SQRT($Z$21)))))),"") -> -0.078225405 | V29: =IFERROR(IF(P29<=nGraded,U29*Q29,""),"") -> -2.5814384 | W29: =IFERROR(IF(P29<=nGraded,(2*P29-1)*(LN(NORMDIST(Q29,MeanScore,SDScore,TRUE))+LN(1-NORMDIST(LARGE(Totals,P29),MeanScore,SDScore,TRUE))),""),"") -> -76.423515 | Y29: p (Shapiro–Wilk) | Z29: =IFERROR(1-NORMSDIST(Z28),"") -> 0.0062465692 | AB29: =IF('Quiz 1 Grades'!$P21="Graded",'Quiz 1 Grades'!$L21,"") -> 29 | AC29: =IF('Quiz 1 Grades'!$P21="Graded",'Quiz 1 Grades'!C21,"") -> 3 | AD29: =IF('Quiz 1 Grades'!$P21="Graded",'Quiz 1 Grades'!D21,"") -> 8 | AE29: =IF('Quiz 1 Grades'!$P21="Graded",'Quiz 1 Grades'!E21,"") -> 4 | AF29: =IF('Quiz 1 Grades'!$P21="Graded",'Quiz 1 Grades'!F21,"") -> 4 | AG29: =IF('Quiz 1 Grades'!$P21="Graded",'Quiz 1 Grades'!H21,"") -> 5 | AH29: =IF('Quiz 1 Grades'!$P21="Graded",'Quiz 1 Grades'!I21,"") -> 0 | AI29: =IF('Quiz 1 Grades'!$P21="Graded",'Quiz 1 Grades'!J21,"") -> 5 | AJ29: =IF(ISNUMBER(AB29),AB29-AC29,"") -> 26 | AK29: =IF(ISNUMBER(AB29),AB29-AD29,"") -> 21 | AL29: =IF(ISNUMBER(AB29),AB29-AE29,"") -> 25 | AM29: =IF(ISNUMBER(AB29),AB29-AF29,"") -> 25 | AN29: =IF(ISNUMBER(AB29),AB29-AG29,"") -> 24 | AO29: =IF(ISNUMBER(AB29),AB29-AH29,"") -> 29 | AP29: =IF(ISNUMBER(AB29),AB29-AI29,"") -> 24
A30: Skewness | B30: =IFERROR(SKEW(Totals),"") -> -0.61465094 | C30: < 0: tail toward low scores | J30: Mean to +1σ | K30: =TEXT(MeanScore,"0.0")&" – "&TEXT(MeanScore+SDScore,"0.0") -> 38.2 – 47.0 | L30: =NORMSDIST(1)-0.5 -> 0.34134475 | M30: =COUNTIFS(Totals,">="&(MeanScore),Totals,"<"&(MeanScore+SDScore)) -> 21 | N30: =IFERROR(M30/nGraded,"") -> 0.42 | P30: 16 | Q30: =IF(P30<=nGraded,SMALL(Totals,P30),NA()) -> 35 | R30: =IF(P30<=nGraded,(P30-0.375)/(nGraded+0.25),"") -> 0.31094527 | S30: =IF(P30<=nGraded,NORMSINV(R30),"") -> -0.49317273 | T30: =IF(P30<=nGraded,MeanScore+SDScore*S30,NA()) -> 33.779009 | U30: =IFERROR(IF(P30>nGraded,"",IF(P30=nGraded,$Z$19,IF(P30=nGraded-1,$Z$20,IF(P30=1,-$Z$19,IF(P30=2,-$Z$20,S30/SQRT($Z$21)))))),"") -> -0.070100265 | V30: =IFERROR(IF(P30<=nGraded,U30*Q30,""),"") -> -2.4535093 | W30: =IFERROR(IF(P30<=nGraded,(2*P30-1)*(LN(NORMDIST(Q30,MeanScore,SDScore,TRUE))+LN(1-NORMDIST(LARGE(Totals,P30),MeanScore,SDScore,TRUE))),""),"") -> -73.888908 | Y30: A² (Anderson–Darling) | Z30: =IFERROR(-nGraded-SUM(W15:W66)/nGraded,"") -> 1.1957196 | AB30: =IF('Quiz 1 Grades'!$P22="Graded",'Quiz 1 Grades'!$L22,"") -> 43 | AC30: =IF('Quiz 1 Grades'!$P22="Graded",'Quiz 1 Grades'!C22,"") -> 8 | AD30: =IF('Quiz 1 Grades'!$P22="Graded",'Quiz 1 Grades'!D22,"") -> 15 | AE30: =IF('Quiz 1 Grades'!$P22="Graded",'Quiz 1 Grades'!E22,"") -> 5 | AF30: =IF('Quiz 1 Grades'!$P22="Graded",'Quiz 1 Grades'!F22,"") -> 5 | AG30: =IF('Quiz 1 Grades'!$P22="Graded",'Quiz 1 Grades'!H22,"") -> 5 | AH30: =IF('Quiz 1 Grades'!$P22="Graded",'Quiz 1 Grades'!I22,"") -> 0 | AI30: =IF('Quiz 1 Grades'!$P22="Graded",'Quiz 1 Grades'!J22,"") -> 5 | AJ30: =IF(ISNUMBER(AB30),AB30-AC30,"") -> 35 | AK30: =IF(ISNUMBER(AB30),AB30-AD30,"") -> 28 | AL30: =IF(ISNUMBER(AB30),AB30-AE30,"") -> 38 | AM30: =IF(ISNUMBER(AB30),AB30-AF30,"") -> 38 | AN30: =IF(ISNUMBER(AB30),AB30-AG30,"") -> 38 | AO30: =IF(ISNUMBER(AB30),AB30-AH30,"") -> 43 | AP30: =IF(ISNUMBER(AB30),AB30-AI30,"") -> 38
A31: Excess kurtosis | B31: =IFERROR(KURT(Totals),"") -> -0.58472996 | C31: 0 = bell curve; < 0 flatter | J31: −1σ to mean | K31: =TEXT(MeanScore-SDScore,"0.0")&" – "&TEXT(MeanScore,"0.0") -> 29.3 – 38.2 | L31: =NORMSDIST(1)-0.5 -> 0.34134475 | M31: =COUNTIFS(Totals,">="&(MeanScore-SDScore),Totals,"<"&(MeanScore)) -> 9 | N31: =IFERROR(M31/nGraded,"") -> 0.18 | P31: 17 | Q31: =IF(P31<=nGraded,SMALL(Totals,P31),NA()) -> 36 | R31: =IF(P31<=nGraded,(P31-0.375)/(nGraded+0.25),"") -> 0.33084577 | S31: =IF(P31<=nGraded,NORMSINV(R31),"") -> -0.43757894 | T31: =IF(P31<=nGraded,MeanScore+SDScore*S31,NA()) -> 34.272864 | U31: =IFERROR(IF(P31>nGraded,"",IF(P31=nGraded,$Z$19,IF(P31=nGraded-1,$Z$20,IF(P31=1,-$Z$19,IF(P31=2,-$Z$20,S31/SQRT($Z$21)))))),"") -> -0.062198085 | V31: =IFERROR(IF(P31<=nGraded,U31*Q31,""),"") -> -2.2391311 | W31: =IFERROR(IF(P31<=nGraded,(2*P31-1)*(LN(NORMDIST(Q31,MeanScore,SDScore,TRUE))+LN(1-NORMDIST(LARGE(Totals,P31),MeanScore,SDScore,TRUE))),""),"") -> -70.431929 | Y31: A²* = A²(1 + 0.75/n + 2.25/n²) | Z31: =IFERROR(Z30*(1+0.75/nGraded+2.25/nGraded^2),"") -> 1.2147315 | AB31: =IF('Quiz 1 Grades'!$P23="Graded",'Quiz 1 Grades'!$L23,"") -> 26 | AC31: =IF('Quiz 1 Grades'!$P23="Graded",'Quiz 1 Grades'!C23,"") -> 3 | AD31: =IF('Quiz 1 Grades'!$P23="Graded",'Quiz 1 Grades'!D23,"") -> 5 | AE31: =IF('Quiz 1 Grades'!$P23="Graded",'Quiz 1 Grades'!E23,"") -> 4 | AF31: =IF('Quiz 1 Grades'!$P23="Graded",'Quiz 1 Grades'!F23,"") -> 4 | AG31: =IF('Quiz 1 Grades'!$P23="Graded",'Quiz 1 Grades'!H23,"") -> 0 | AH31: =IF('Quiz 1 Grades'!$P23="Graded",'Quiz 1 Grades'!I23,"") -> 5 | AI31: =IF('Quiz 1 Grades'!$P23="Graded",'Quiz 1 Grades'!J23,"") -> 5 | AJ31: =IF(ISNUMBER(AB31),AB31-AC31,"") -> 23 | AK31: =IF(ISNUMBER(AB31),AB31-AD31,"") -> 21 | AL31: =IF(ISNUMBER(AB31),AB31-AE31,"") -> 22 | AM31: =IF(ISNUMBER(AB31),AB31-AF31,"") -> 22 | AN31: =IF(ISNUMBER(AB31),AB31-AG31,"") -> 26 | AO31: =IF(ISNUMBER(AB31),AB31-AH31,"") -> 21 | AP31: =IF(ISNUMBER(AB31),AB31-AI31,"") -> 21
A32: Mean as % of max | B32: =IFERROR(B16/MaxScore,"") -> 0.7632 | J32: −2σ to −1σ | K32: =TEXT(MeanScore-2*SDScore,"0.0")&" – "&TEXT(MeanScore-SDScore,"0.0") -> 20.4 – 29.3 | L32: =NORMSDIST(2)-NORMSDIST(1) -> 0.13590512 | M32: =COUNTIFS(Totals,">="&(MeanScore-2*SDScore),Totals,"<"&(MeanScore-SDScore)) -> 12 | N32: =IFERROR(M32/nGraded,"") -> 0.24 | P32: 18 | Q32: =IF(P32<=nGraded,SMALL(Totals,P32),NA()) -> 37 | R32: =IF(P32<=nGraded,(P32-0.375)/(nGraded+0.25),"") -> 0.35074627 | S32: =IF(P32<=nGraded,NORMSINV(R32),"") -> -0.38330648 | T32: =IF(P32<=nGraded,MeanScore+SDScore*S32,NA()) -> 34.754981 | U32: =IFERROR(IF(P32>nGraded,"",IF(P32=nGraded,$Z$19,IF(P32=nGraded-1,$Z$20,IF(P32=1,-$Z$19,IF(P32=2,-$Z$20,S32/SQRT($Z$21)))))),"") -> -0.054483721 | V32: =IFERROR(IF(P32<=nGraded,U32*Q32,""),"") -> -2.0158977 | W32: =IFERROR(IF(P32<=nGraded,(2*P32-1)*(LN(NORMDIST(Q32,MeanScore,SDScore,TRUE))+LN(1-NORMDIST(LARGE(Totals,P32),MeanScore,SDScore,TRUE))),""),"") -> -71.073245 | Y32: p (Anderson–Darling) | Z32: =IFERROR(IF(Z31>=0.6,EXP(1.2937-5.709*Z31+0.0186*Z31^2),IF(Z31>=0.34,EXP(0.9177-4.279*Z31-1.38*Z31^2),IF(Z31>=0.2,1-EXP(-8.318+42.796*Z31-59.938*Z31^2),1-EXP(-13.436+101.14*Z31-223.73*Z31^2)))),"") -> 0.0036473423 | AB32: =IF('Quiz 1 Grades'!$P24="Graded",'Quiz 1 Grades'!$L24,"") -> 28 | AC32: =IF('Quiz 1 Grades'!$P24="Graded",'Quiz 1 Grades'!C24,"") -> 4 | AD32: =IF('Quiz 1 Grades'!$P24="Graded",'Quiz 1 Grades'!D24,"") -> 8 | AE32: =IF('Quiz 1 Grades'!$P24="Graded",'Quiz 1 Grades'!E24,"") -> 3 | AF32: =IF('Quiz 1 Grades'!$P24="Graded",'Quiz 1 Grades'!F24,"") -> 3 | AG32: =IF('Quiz 1 Grades'!$P24="Graded",'Quiz 1 Grades'!H24,"") -> 0 | AH32: =IF('Quiz 1 Grades'!$P24="Graded",'Quiz 1 Grades'!I24,"") -> 5 | AI32: =IF('Quiz 1 Grades'!$P24="Graded",'Quiz 1 Grades'!J24,"") -> 5 | AJ32: =IF(ISNUMBER(AB32),AB32-AC32,"") -> 24 | AK32: =IF(ISNUMBER(AB32),AB32-AD32,"") -> 20 | AL32: =IF(ISNUMBER(AB32),AB32-AE32,"") -> 25 | AM32: =IF(ISNUMBER(AB32),AB32-AF32,"") -> 25 | AN32: =IF(ISNUMBER(AB32),AB32-AG32,"") -> 28 | AO32: =IF(ISNUMBER(AB32),AB32-AH32,"") -> 23 | AP32: =IF(ISNUMBER(AB32),AB32-AI32,"") -> 23
A33: Median as % of max | B33: =IFERROR(B17/MaxScore,"") -> 0.81 | J33: Below −2σ | K33: ="< "&TEXT(MeanScore-2*SDScore,"0.0") -> < 20.4 | L33: =1-NORMSDIST(2) -> 0.022750132 | M33: =COUNTIF(Totals,"<"&(MeanScore-2*SDScore)) -> 1 | N33: =IFERROR(M33/nGraded,"") -> 0.02 | P33: 19 | Q33: =IF(P33<=nGraded,SMALL(Totals,P33),NA()) -> 38 | R33: =IF(P33<=nGraded,(P33-0.375)/(nGraded+0.25),"") -> 0.37064677 | S33: =IF(P33<=nGraded,NORMSINV(R33),"") -> -0.33014086 | T33: =IF(P33<=nGraded,MeanScore+SDScore*S33,NA()) -> 35.227267 | U33: =IFERROR(IF(P33>nGraded,"",IF(P33=nGraded,$Z$19,IF(P33=nGraded-1,$Z$20,IF(P33=1,-$Z$19,IF(P33=2,-$Z$20,S33/SQRT($Z$21)))))),"") -> -0.046926686 | V33: =IFERROR(IF(P33<=nGraded,U33*Q33,""),"") -> -1.7832141 | W33: =IFERROR(IF(P33<=nGraded,(2*P33-1)*(LN(NORMDIST(Q33,MeanScore,SDScore,TRUE))+LN(1-NORMDIST(LARGE(Totals,P33),MeanScore,SDScore,TRUE))),""),"") -> -71.611342 | Y33: SE of skewness | Z33: =IFERROR(SQRT(6*nGraded*(nGraded-1)/((nGraded-2)*(nGraded+1)*(nGraded+3))),"") -> 0.33660071 | AB33: =IF('Quiz 1 Grades'!$P25="Graded",'Quiz 1 Grades'!$L25,"") -> 23 | AC33: =IF('Quiz 1 Grades'!$P25="Graded",'Quiz 1 Grades'!C25,"") -> 8 | AD33: =IF('Quiz 1 Grades'!$P25="Graded",'Quiz 1 Grades'!D25,"") -> 5 | AE33: =IF('Quiz 1 Grades'!$P25="Graded",'Quiz 1 Grades'!E25,"") -> 5 | AF33: =IF('Quiz 1 Grades'!$P25="Graded",'Quiz 1 Grades'!F25,"") -> 5 | AG33: =IF('Quiz 1 Grades'!$P25="Graded",'Quiz 1 Grades'!H25,"") -> 0 | AH33: =IF('Quiz 1 Grades'!$P25="Graded",'Quiz 1 Grades'!I25,"") -> 0 | AI33: =IF('Quiz 1 Grades'!$P25="Graded",'Quiz 1 Grades'!J25,"") -> 0 | AJ33: =IF(ISNUMBER(AB33),AB33-AC33,"") -> 15 | AK33: =IF(ISNUMBER(AB33),AB33-AD33,"") -> 18 | AL33: =IF(ISNUMBER(AB33),AB33-AE33,"") -> 18 | AM33: =IF(ISNUMBER(AB33),AB33-AF33,"") -> 18 | AN33: =IF(ISNUMBER(AB33),AB33-AG33,"") -> 23 | AO33: =IF(ISNUMBER(AB33),AB33-AH33,"") -> 23 | AP33: =IF(ISNUMBER(AB33),AB33-AI33,"") -> 23
A34: Significance level α (for tests) | B34: 0.05 | J34: Total | M34: =SUM(M29:M33) -> 50 | N34: =IF(M34=nGraded,"✔ = n","check") -> ✔ = n | P34: 20 | Q34: =IF(P34<=nGraded,SMALL(Totals,P34),NA()) -> 38 | R34: =IF(P34<=nGraded,(P34-0.375)/(nGraded+0.25),"") -> 0.39054726 | S34: =IF(P34<=nGraded,NORMSINV(R34),"") -> -0.27789296 | T34: =IF(P34<=nGraded,MeanScore+SDScore*S34,NA()) -> 35.691399 | U34: =IFERROR(IF(P34>nGraded,"",IF(P34=nGraded,$Z$19,IF(P34=nGraded-1,$Z$20,IF(P34=1,-$Z$19,IF(P34=2,-$Z$20,S34/SQRT($Z$21)))))),"") -> -0.039500096 | V34: =IFERROR(IF(P34<=nGraded,U34*Q34,""),"") -> -1.5010037 | W34: =IFERROR(IF(P34<=nGraded,(2*P34-1)*(LN(NORMDIST(Q34,MeanScore,SDScore,TRUE))+LN(1-NORMDIST(LARGE(Totals,P34),MeanScore,SDScore,TRUE))),""),"") -> -75.482225 | Y34: SE of kurtosis | Z34: =IFERROR(2*Z33*SQRT((nGraded^2-1)/((nGraded-3)*(nGraded+5))),"") -> 0.66190837 | AB34: =IF('Quiz 1 Grades'!$P26="Graded",'Quiz 1 Grades'!$L26,"") -> 50 | AC34: =IF('Quiz 1 Grades'!$P26="Graded",'Quiz 1 Grades'!C26,"") -> 10 | AD34: =IF('Quiz 1 Grades'!$P26="Graded",'Quiz 1 Grades'!D26,"") -> 15 | AE34: =IF('Quiz 1 Grades'!$P26="Graded",'Quiz 1 Grades'!E26,"") -> 5 | AF34: =IF('Quiz 1 Grades'!$P26="Graded",'Quiz 1 Grades'!F26,"") -> 5 | AG34: =IF('Quiz 1 Grades'!$P26="Graded",'Quiz 1 Grades'!H26,"") -> 5 | AH34: =IF('Quiz 1 Grades'!$P26="Graded",'Quiz 1 Grades'!I26,"") -> 5 | AI34: =IF('Quiz 1 Grades'!$P26="Graded",'Quiz 1 Grades'!J26,"") -> 5 | AJ34: =IF(ISNUMBER(AB34),AB34-AC34,"") -> 40 | AK34: =IF(ISNUMBER(AB34),AB34-AD34,"") -> 35 | AL34: =IF(ISNUMBER(AB34),AB34-AE34,"") -> 45 | AM34: =IF(ISNUMBER(AB34),AB34-AF34,"") -> 45 | AN34: =IF(ISNUMBER(AB34),AB34-AG34,"") -> 45 | AO34: =IF(ISNUMBER(AB34),AB34-AH34,"") -> 45 | AP34: =IF(ISNUMBER(AB34),AB34-AI34,"") -> 45
A35: Confidence level (for the CI) | B35: 0.95 | P35: 21 | Q35: =IF(P35<=nGraded,SMALL(Totals,P35),NA()) -> 38 | R35: =IF(P35<=nGraded,(P35-0.375)/(nGraded+0.25),"") -> 0.41044776 | S35: =IF(P35<=nGraded,NORMSINV(R35),"") -> -0.22639332 | T35: =IF(P35<=nGraded,MeanScore+SDScore*S35,NA()) -> 36.148885 | U35: =IFERROR(IF(P35>nGraded,"",IF(P35=nGraded,$Z$19,IF(P35=nGraded-1,$Z$20,IF(P35=1,-$Z$19,IF(P35=2,-$Z$20,S35/SQRT($Z$21)))))),"") -> -0.032179865 | V35: =IFERROR(IF(P35<=nGraded,U35*Q35,""),"") -> -1.2228349 | W35: =IFERROR(IF(P35<=nGraded,(2*P35-1)*(LN(NORMDIST(Q35,MeanScore,SDScore,TRUE))+LN(1-NORMDIST(LARGE(Totals,P35),MeanScore,SDScore,TRUE))),""),"") -> -79.353108 | AB35: =IF('Quiz 1 Grades'!$P27="Graded",'Quiz 1 Grades'!$L27,"") -> 46 | AC35: =IF('Quiz 1 Grades'!$P27="Graded",'Quiz 1 Grades'!C27,"") -> 8 | AD35: =IF('Quiz 1 Grades'!$P27="Graded",'Quiz 1 Grades'!D27,"") -> 15 | AE35: =IF('Quiz 1 Grades'!$P27="Graded",'Quiz 1 Grades'!E27,"") -> 4 | AF35: =IF('Quiz 1 Grades'!$P27="Graded",'Quiz 1 Grades'!F27,"") -> 4 | AG35: =IF('Quiz 1 Grades'!$P27="Graded",'Quiz 1 Grades'!H27,"") -> 5 | AH35: =IF('Quiz 1 Grades'!$P27="Graded",'Quiz 1 Grades'!I27,"") -> 5 | AI35: =IF('Quiz 1 Grades'!$P27="Graded",'Quiz 1 Grades'!J27,"") -> 5 | AJ35: =IF(ISNUMBER(AB35),AB35-AC35,"") -> 38 | AK35: =IF(ISNUMBER(AB35),AB35-AD35,"") -> 31 | AL35: =IF(ISNUMBER(AB35),AB35-AE35,"") -> 42 | AM35: =IF(ISNUMBER(AB35),AB35-AF35,"") -> 42 | AN35: =IF(ISNUMBER(AB35),AB35-AG35,"") -> 41 | AO35: =IF(ISNUMBER(AB35),AB35-AH35,"") -> 41 | AP35: =IF(ISNUMBER(AB35),AB35-AI35,"") -> 41
P36: 22 | Q36: =IF(P36<=nGraded,SMALL(Totals,P36),NA()) -> 38 | R36: =IF(P36<=nGraded,(P36-0.375)/(nGraded+0.25),"") -> 0.43034826 | S36: =IF(P36<=nGraded,NORMSINV(R36),"") -> -0.17548759 | T36: =IF(P36<=nGraded,MeanScore+SDScore*S36,NA()) -> 36.601095 | U36: =IFERROR(IF(P36>nGraded,"",IF(P36=nGraded,$Z$19,IF(P36=nGraded-1,$Z$20,IF(P36=1,-$Z$19,IF(P36=2,-$Z$20,S36/SQRT($Z$21)))))),"") -> -0.024944053 | V36: =IFERROR(IF(P36<=nGraded,U36*Q36,""),"") -> -0.94787403 | W36: =IFERROR(IF(P36<=nGraded,(2*P36-1)*(LN(NORMDIST(Q36,MeanScore,SDScore,TRUE))+LN(1-NORMDIST(LARGE(Totals,P36),MeanScore,SDScore,TRUE))),""),"") -> -77.740587 | Y36: Q–Q reference line | AB36: =IF('Quiz 1 Grades'!$P28="Graded",'Quiz 1 Grades'!$L28,"") -> 46 | AC36: =IF('Quiz 1 Grades'!$P28="Graded",'Quiz 1 Grades'!C28,"") -> 8 | AD36: =IF('Quiz 1 Grades'!$P28="Graded",'Quiz 1 Grades'!D28,"") -> 15 | AE36: =IF('Quiz 1 Grades'!$P28="Graded",'Quiz 1 Grades'!E28,"") -> 4 | AF36: =IF('Quiz 1 Grades'!$P28="Graded",'Quiz 1 Grades'!F28,"") -> 4 | AG36: =IF('Quiz 1 Grades'!$P28="Graded",'Quiz 1 Grades'!H28,"") -> 5 | AH36: =IF('Quiz 1 Grades'!$P28="Graded",'Quiz 1 Grades'!I28,"") -> 5 | AI36: =IF('Quiz 1 Grades'!$P28="Graded",'Quiz 1 Grades'!J28,"") -> 5 | AJ36: =IF(ISNUMBER(AB36),AB36-AC36,"") -> 38 | AK36: =IF(ISNUMBER(AB36),AB36-AD36,"") -> 31 | AL36: =IF(ISNUMBER(AB36),AB36-AE36,"") -> 42 | AM36: =IF(ISNUMBER(AB36),AB36-AF36,"") -> 42 | AN36: =IF(ISNUMBER(AB36),AB36-AG36,"") -> 41 | AO36: =IF(ISNUMBER(AB36),AB36-AH36,"") -> 41 | AP36: =IF(ISNUMBER(AB36),AB36-AI36,"") -> 41
A37: 4. Score distribution vs. the Gaussian (normal) curve | P37: 23 | Q37: =IF(P37<=nGraded,SMALL(Totals,P37),NA()) -> 39 | R37: =IF(P37<=nGraded,(P37-0.375)/(nGraded+0.25),"") -> 0.45024876 | S37: =IF(P37<=nGraded,NORMSINV(R37),"") -> -0.12503289 | T37: =IF(P37<=nGraded,MeanScore+SDScore*S37,NA()) -> 37.049298 | U37: =IFERROR(IF(P37>nGraded,"",IF(P37=nGraded,$Z$19,IF(P37=nGraded-1,$Z$20,IF(P37=1,-$Z$19,IF(P37=2,-$Z$20,S37/SQRT($Z$21)))))),"") -> -0.017772351 | V37: =IFERROR(IF(P37<=nGraded,U37*Q37,""),"") -> -0.69312168 | W37: =IFERROR(IF(P37<=nGraded,(2*P37-1)*(LN(NORMDIST(Q37,MeanScore,SDScore,TRUE))+LN(1-NORMDIST(LARGE(Totals,P37),MeanScore,SDScore,TRUE))),""),"") -> -72.108831 | Y37: =MIN(Totals,MeanScore-3*SDScore) -> 11.510162 | Z37: =Y37 -> 11.510162 | AB37: =IF('Quiz 1 Grades'!$P29="Graded",'Quiz 1 Grades'!$L29,"") -> 28 | AC37: =IF('Quiz 1 Grades'!$P29="Graded",'Quiz 1 Grades'!C29,"") -> 5 | AD37: =IF('Quiz 1 Grades'!$P29="Graded",'Quiz 1 Grades'!D29,"") -> 10 | AE37: =IF('Quiz 1 Grades'!$P29="Graded",'Quiz 1 Grades'!E29,"") -> 4 | AF37: =IF('Quiz 1 Grades'!$P29="Graded",'Quiz 1 Grades'!F29,"") -> 4 | AG37: =IF('Quiz 1 Grades'!$P29="Graded",'Quiz 1 Grades'!H29,"") -> 5 | AH37: =IF('Quiz 1 Grades'!$P29="Graded",'Quiz 1 Grades'!I29,"") -> 0 | AI37: =IF('Quiz 1 Grades'!$P29="Graded",'Quiz 1 Grades'!J29,"") -> 0 | AJ37: =IF(ISNUMBER(AB37),AB37-AC37,"") -> 23 | AK37: =IF(ISNUMBER(AB37),AB37-AD37,"") -> 18 | AL37: =IF(ISNUMBER(AB37),AB37-AE37,"") -> 24 | AM37: =IF(ISNUMBER(AB37),AB37-AF37,"") -> 24 | AN37: =IF(ISNUMBER(AB37),AB37-AG37,"") -> 23 | AO37: =IF(ISNUMBER(AB37),AB37-AH37,"") -> 28 | AP37: =IF(ISNUMBER(AB37),AB37-AI37,"") -> 28
A38: Score bin | B38: From | C38: To | D38: Midpoint | E38: Observed students | F38: Expected if Gaussian | G38: Observed − expected | P38: 24 | Q38: =IF(P38<=nGraded,SMALL(Totals,P38),NA()) -> 40 | R38: =IF(P38<=nGraded,(P38-0.375)/(nGraded+0.25),"") -> 0.47014925 | S38: =IF(P38<=nGraded,NORMSINV(R38),"") -> -0.074894682 | T38: =IF(P38<=nGraded,MeanScore+SDScore*S38,NA()) -> 37.49469 | U38: =IFERROR(IF(P38>nGraded,"",IF(P38=nGraded,$Z$19,IF(P38=nGraded-1,$Z$20,IF(P38=1,-$Z$19,IF(P38=2,-$Z$20,S38/SQRT($Z$21)))))),"") -> -0.010645635 | V38: =IFERROR(IF(P38<=nGraded,U38*Q38,""),"") -> -0.42582542 | W38: =IFERROR(IF(P38<=nGraded,(2*P38-1)*(LN(NORMDIST(Q38,MeanScore,SDScore,TRUE))+LN(1-NORMDIST(LARGE(Totals,P38),MeanScore,SDScore,TRUE))),""),"") -> -71.586148 | Y38: =MAX(MaxScore,MeanScore+3*SDScore) -> 64.809838 | Z38: =Y38 -> 64.809838 | AB38: =IF('Quiz 1 Grades'!$P30="Graded",'Quiz 1 Grades'!$L30,"") -> 46 | AC38: =IF('Quiz 1 Grades'!$P30="Graded",'Quiz 1 Grades'!C30,"") -> 8 | AD38: =IF('Quiz 1 Grades'!$P30="Graded",'Quiz 1 Grades'!D30,"") -> 15 | AE38: =IF('Quiz 1 Grades'!$P30="Graded",'Quiz 1 Grades'!E30,"") -> 4 | AF38: =IF('Quiz 1 Grades'!$P30="Graded",'Quiz 1 Grades'!F30,"") -> 4 | AG38: =IF('Quiz 1 Grades'!$P30="Graded",'Quiz 1 Grades'!H30,"") -> 5 | AH38: =IF('Quiz 1 Grades'!$P30="Graded",'Quiz 1 Grades'!I30,"") -> 5 | AI38: =IF('Quiz 1 Grades'!$P30="Graded",'Quiz 1 Grades'!J30,"") -> 5 | AJ38: =IF(ISNUMBER(AB38),AB38-AC38,"") -> 38 | AK38: =IF(ISNUMBER(AB38),AB38-AD38,"") -> 31 | AL38: =IF(ISNUMBER(AB38),AB38-AE38,"") -> 42 | AM38: =IF(ISNUMBER(AB38),AB38-AF38,"") -> 42 | AN38: =IF(ISNUMBER(AB38),AB38-AG38,"") -> 41 | AO38: =IF(ISNUMBER(AB38),AB38-AH38,"") -> 41 | AP38: =IF(ISNUMBER(AB38),AB38-AI38,"") -> 41
A39: =B39&"–"&C39 -> 0–5 | B39: 0 | C39: =B39+5 -> 5 | D39: =(B39+C39)/2 -> 2.5 | E39: =COUNTIFS(Totals,">="&B39,Totals,"<"&C39) -> 0 | F39: =IFERROR(nGraded*(NORMDIST(C39,MeanScore,SDScore,TRUE)-NORMDIST(B39,MeanScore,SDScore,TRUE)),"") -> 0.004297691 | G39: =IFERROR(E39-F39,"") -> -0.004297691 | P39: 25 | Q39: =IF(P39<=nGraded,SMALL(Totals,P39),NA()) -> 40 | R39: =IF(P39<=nGraded,(P39-0.375)/(nGraded+0.25),"") -> 0.49004975 | S39: =IF(P39<=nGraded,NORMSINV(R39),"") -> -0.024944161 | T39: =IF(P39<=nGraded,MeanScore+SDScore*S39,NA()) -> 37.938414 | U39: =IFERROR(IF(P39>nGraded,"",IF(P39=nGraded,$Z$19,IF(P39=nGraded-1,$Z$20,IF(P39=1,-$Z$19,IF(P39=2,-$Z$20,S39/SQRT($Z$21)))))),"") -> -0.0035455982 | V39: =IFERROR(IF(P39<=nGraded,U39*Q39,""),"") -> -0.14182393 | W39: =IFERROR(IF(P39<=nGraded,(2*P39-1)*(LN(NORMDIST(Q39,MeanScore,SDScore,TRUE))+LN(1-NORMDIST(LARGE(Totals,P39),MeanScore,SDScore,TRUE))),""),"") -> -74.632367 | AB39: =IF('Quiz 1 Grades'!$P31="Graded",'Quiz 1 Grades'!$L31,"") -> 42 | AC39: =IF('Quiz 1 Grades'!$P31="Graded",'Quiz 1 Grades'!C31,"") -> 7 | AD39: =IF('Quiz 1 Grades'!$P31="Graded",'Quiz 1 Grades'!D31,"") -> 15 | AE39: =IF('Quiz 1 Grades'!$P31="Graded",'Quiz 1 Grades'!E31,"") -> 5 | AF39: =IF('Quiz 1 Grades'!$P31="Graded",'Quiz 1 Grades'!F31,"") -> 5 | AG39: =IF('Quiz 1 Grades'!$P31="Graded",'Quiz 1 Grades'!H31,"") -> 5 | AH39: =IF('Quiz 1 Grades'!$P31="Graded",'Quiz 1 Grades'!I31,"") -> 0 | AI39: =IF('Quiz 1 Grades'!$P31="Graded",'Quiz 1 Grades'!J31,"") -> 5 | AJ39: =IF(ISNUMBER(AB39),AB39-AC39,"") -> 35 | AK39: =IF(ISNUMBER(AB39),AB39-AD39,"") -> 27 | AL39: =IF(ISNUMBER(AB39),AB39-AE39,"") -> 37 | AM39: =IF(ISNUMBER(AB39),AB39-AF39,"") -> 37 | AN39: =IF(ISNUMBER(AB39),AB39-AG39,"") -> 37 | AO39: =IF(ISNUMBER(AB39),AB39-AH39,"") -> 42 | AP39: =IF(ISNUMBER(AB39),AB39-AI39,"") -> 37
A40: =B40&"–"&C40 -> 5–10 | B40: 5 | C40: =B40+5 -> 10 | D40: =(B40+C40)/2 -> 7.5 | E40: =COUNTIFS(Totals,">="&B40,Totals,"<"&C40) -> 0 | F40: =IFERROR(nGraded*(NORMDIST(C40,MeanScore,SDScore,TRUE)-NORMDIST(B40,MeanScore,SDScore,TRUE)),"") -> 0.033376644 | G40: =IFERROR(E40-F40,"") -> -0.033376644 | P40: 26 | Q40: =IF(P40<=nGraded,SMALL(Totals,P40),NA()) -> 41 | R40: =IF(P40<=nGraded,(P40-0.375)/(nGraded+0.25),"") -> 0.50995025 | S40: =IF(P40<=nGraded,NORMSINV(R40),"") -> 0.024944161 | T40: =IF(P40<=nGraded,MeanScore+SDScore*S40,NA()) -> 38.381586 | U40: =IFERROR(IF(P40>nGraded,"",IF(P40=nGraded,$Z$19,IF(P40=nGraded-1,$Z$20,IF(P40=1,-$Z$19,IF(P40=2,-$Z$20,S40/SQRT($Z$21)))))),"") -> 0.0035455982 | V40: =IFERROR(IF(P40<=nGraded,U40*Q40,""),"") -> 0.14536952 | W40: =IFERROR(IF(P40<=nGraded,(2*P40-1)*(LN(NORMDIST(Q40,MeanScore,SDScore,TRUE))+LN(1-NORMDIST(LARGE(Totals,P40),MeanScore,SDScore,TRUE))),""),"") -> -68.428921 | AB40: =IF('Quiz 1 Grades'!$P32="Graded",'Quiz 1 Grades'!$L32,"") | AC40: =IF('Quiz 1 Grades'!$P32="Graded",'Quiz 1 Grades'!C32,"") | AD40: =IF('Quiz 1 Grades'!$P32="Graded",'Quiz 1 Grades'!D32,"") | AE40: =IF('Quiz 1 Grades'!$P32="Graded",'Quiz 1 Grades'!E32,"") | AF40: =IF('Quiz 1 Grades'!$P32="Graded",'Quiz 1 Grades'!F32,"") | AG40: =IF('Quiz 1 Grades'!$P32="Graded",'Quiz 1 Grades'!H32,"") | AH40: =IF('Quiz 1 Grades'!$P32="Graded",'Quiz 1 Grades'!I32,"") | AI40: =IF('Quiz 1 Grades'!$P32="Graded",'Quiz 1 Grades'!J32,"") | AJ40: =IF(ISNUMBER(AB40),AB40-AC40,"") | AK40: =IF(ISNUMBER(AB40),AB40-AD40,"") | AL40: =IF(ISNUMBER(AB40),AB40-AE40,"") | AM40: =IF(ISNUMBER(AB40),AB40-AF40,"") | AN40: =IF(ISNUMBER(AB40),AB40-AG40,"") | AO40: =IF(ISNUMBER(AB40),AB40-AH40,"") | AP40: =IF(ISNUMBER(AB40),AB40-AI40,"")
A41: =B41&"–"&C41 -> 10–15 | B41: 10 | C41: =B41+5 -> 15 | D41: =(B41+C41)/2 -> 12.5 | E41: =COUNTIFS(Totals,">="&B41,Totals,"<"&C41) -> 0 | F41: =IFERROR(nGraded*(NORMDIST(C41,MeanScore,SDScore,TRUE)-NORMDIST(B41,MeanScore,SDScore,TRUE)),"") -> 0.19014186 | G41: =IFERROR(E41-F41,"") -> -0.19014186 | P41: 27 | Q41: =IF(P41<=nGraded,SMALL(Totals,P41),NA()) -> 41 | R41: =IF(P41<=nGraded,(P41-0.375)/(nGraded+0.25),"") -> 0.52985075 | S41: =IF(P41<=nGraded,NORMSINV(R41),"") -> 0.074894682 | T41: =IF(P41<=nGraded,MeanScore+SDScore*S41,NA()) -> 38.82531 | U41: =IFERROR(IF(P41>nGraded,"",IF(P41=nGraded,$Z$19,IF(P41=nGraded-1,$Z$20,IF(P41=1,-$Z$19,IF(P41=2,-$Z$20,S41/SQRT($Z$21)))))),"") -> 0.010645635 | V41: =IFERROR(IF(P41<=nGraded,U41*Q41,""),"") -> 0.43647105 | W41: =IFERROR(IF(P41<=nGraded,(2*P41-1)*(LN(NORMDIST(Q41,MeanScore,SDScore,TRUE))+LN(1-NORMDIST(LARGE(Totals,P41),MeanScore,SDScore,TRUE))),""),"") -> -71.112408 | AB41: =IF('Quiz 1 Grades'!$P33="Graded",'Quiz 1 Grades'!$L33,"") -> 27 | AC41: =IF('Quiz 1 Grades'!$P33="Graded",'Quiz 1 Grades'!C33,"") -> 3 | AD41: =IF('Quiz 1 Grades'!$P33="Graded",'Quiz 1 Grades'!D33,"") -> 6 | AE41: =IF('Quiz 1 Grades'!$P33="Graded",'Quiz 1 Grades'!E33,"") -> 4 | AF41: =IF('Quiz 1 Grades'!$P33="Graded",'Quiz 1 Grades'!F33,"") -> 4 | AG41: =IF('Quiz 1 Grades'!$P33="Graded",'Quiz 1 Grades'!H33,"") -> 5 | AH41: =IF('Quiz 1 Grades'!$P33="Graded",'Quiz 1 Grades'!I33,"") -> 0 | AI41: =IF('Quiz 1 Grades'!$P33="Graded",'Quiz 1 Grades'!J33,"") -> 5 | AJ41: =IF(ISNUMBER(AB41),AB41-AC41,"") -> 24 | AK41: =IF(ISNUMBER(AB41),AB41-AD41,"") -> 21 | AL41: =IF(ISNUMBER(AB41),AB41-AE41,"") -> 23 | AM41: =IF(ISNUMBER(AB41),AB41-AF41,"") -> 23 | AN41: =IF(ISNUMBER(AB41),AB41-AG41,"") -> 22 | AO41: =IF(ISNUMBER(AB41),AB41-AH41,"") -> 27 | AP41: =IF(ISNUMBER(AB41),AB41-AI41,"") -> 22
A42: =B42&"–"&C42 -> 15–20 | B42: 15 | C42: =B42+5 -> 20 | D42: =(B42+C42)/2 -> 17.5 | E42: =COUNTIFS(Totals,">="&B42,Totals,"<"&C42) -> 1 | F42: =IFERROR(nGraded*(NORMDIST(C42,MeanScore,SDScore,TRUE)-NORMDIST(B42,MeanScore,SDScore,TRUE)),"") -> 0.79487093 | G42: =IFERROR(E42-F42,"") -> 0.20512907 | P42: 28 | Q42: =IF(P42<=nGraded,SMALL(Totals,P42),NA()) -> 41 | R42: =IF(P42<=nGraded,(P42-0.375)/(nGraded+0.25),"") -> 0.54975124 | S42: =IF(P42<=nGraded,NORMSINV(R42),"") -> 0.12503289 | T42: =IF(P42<=nGraded,MeanScore+SDScore*S42,NA()) -> 39.270702 | U42: =IFERROR(IF(P42>nGraded,"",IF(P42=nGraded,$Z$19,IF(P42=nGraded-1,$Z$20,IF(P42=1,-$Z$19,IF(P42=2,-$Z$20,S42/SQRT($Z$21)))))),"") -> 0.017772351 | V42: =IFERROR(IF(P42<=nGraded,U42*Q42,""),"") -> 0.72866638 | W42: =IFERROR(IF(P42<=nGraded,(2*P42-1)*(LN(NORMDIST(Q42,MeanScore,SDScore,TRUE))+LN(1-NORMDIST(LARGE(Totals,P42),MeanScore,SDScore,TRUE))),""),"") -> -68.245693 | AB42: =IF('Quiz 1 Grades'!$P34="Graded",'Quiz 1 Grades'!$L34,"") -> 50 | AC42: =IF('Quiz 1 Grades'!$P34="Graded",'Quiz 1 Grades'!C34,"") -> 10 | AD42: =IF('Quiz 1 Grades'!$P34="Graded",'Quiz 1 Grades'!D34,"") -> 15 | AE42: =IF('Quiz 1 Grades'!$P34="Graded",'Quiz 1 Grades'!E34,"") -> 5 | AF42: =IF('Quiz 1 Grades'!$P34="Graded",'Quiz 1 Grades'!F34,"") -> 5 | AG42: =IF('Quiz 1 Grades'!$P34="Graded",'Quiz 1 Grades'!H34,"") -> 5 | AH42: =IF('Quiz 1 Grades'!$P34="Graded",'Quiz 1 Grades'!I34,"") -> 5 | AI42: =IF('Quiz 1 Grades'!$P34="Graded",'Quiz 1 Grades'!J34,"") -> 5 | AJ42: =IF(ISNUMBER(AB42),AB42-AC42,"") -> 40 | AK42: =IF(ISNUMBER(AB42),AB42-AD42,"") -> 35 | AL42: =IF(ISNUMBER(AB42),AB42-AE42,"") -> 45 | AM42: =IF(ISNUMBER(AB42),AB42-AF42,"") -> 45 | AN42: =IF(ISNUMBER(AB42),AB42-AG42,"") -> 45 | AO42: =IF(ISNUMBER(AB42),AB42-AH42,"") -> 45 | AP42: =IF(ISNUMBER(AB42),AB42-AI42,"") -> 45
A43: =B43&"–"&C43 -> 20–25 | B43: 20 | C43: =B43+5 -> 25 | D43: =(B43+C43)/2 -> 22.5 | E43: =COUNTIFS(Totals,">="&B43,Totals,"<"&C43) -> 3 | F43: =IFERROR(nGraded*(NORMDIST(C43,MeanScore,SDScore,TRUE)-NORMDIST(B43,MeanScore,SDScore,TRUE)),"") -> 2.4391457 | G43: =IFERROR(E43-F43,"") -> 0.56085434 | P43: 29 | Q43: =IF(P43<=nGraded,SMALL(Totals,P43),NA()) -> 42 | R43: =IF(P43<=nGraded,(P43-0.375)/(nGraded+0.25),"") -> 0.56965174 | S43: =IF(P43<=nGraded,NORMSINV(R43),"") -> 0.17548759 | T43: =IF(P43<=nGraded,MeanScore+SDScore*S43,NA()) -> 39.718905 | U43: =IFERROR(IF(P43>nGraded,"",IF(P43=nGraded,$Z$19,IF(P43=nGraded-1,$Z$20,IF(P43=1,-$Z$19,IF(P43=2,-$Z$20,S43/SQRT($Z$21)))))),"") -> 0.024944053 | V43: =IFERROR(IF(P43<=nGraded,U43*Q43,""),"") -> 1.0476502 | W43: =IFERROR(IF(P43<=nGraded,(2*P43-1)*(LN(NORMDIST(Q43,MeanScore,SDScore,TRUE))+LN(1-NORMDIST(LARGE(Totals,P43),MeanScore,SDScore,TRUE))),""),"") -> -61.759618 | AB43: =IF('Quiz 1 Grades'!$P35="Graded",'Quiz 1 Grades'!$L35,"") -> 36 | AC43: =IF('Quiz 1 Grades'!$P35="Graded",'Quiz 1 Grades'!C35,"") -> 5 | AD43: =IF('Quiz 1 Grades'!$P35="Graded",'Quiz 1 Grades'!D35,"") -> 8 | AE43: =IF('Quiz 1 Grades'!$P35="Graded",'Quiz 1 Grades'!E35,"") -> 4 | AF43: =IF('Quiz 1 Grades'!$P35="Graded",'Quiz 1 Grades'!F35,"") -> 4 | AG43: =IF('Quiz 1 Grades'!$P35="Graded",'Quiz 1 Grades'!H35,"") -> 5 | AH43: =IF('Quiz 1 Grades'!$P35="Graded",'Quiz 1 Grades'!I35,"") -> 5 | AI43: =IF('Quiz 1 Grades'!$P35="Graded",'Quiz 1 Grades'!J35,"") -> 5 | AJ43: =IF(ISNUMBER(AB43),AB43-AC43,"") -> 31 | AK43: =IF(ISNUMBER(AB43),AB43-AD43,"") -> 28 | AL43: =IF(ISNUMBER(AB43),AB43-AE43,"") -> 32 | AM43: =IF(ISNUMBER(AB43),AB43-AF43,"") -> 32 | AN43: =IF(ISNUMBER(AB43),AB43-AG43,"") -> 31 | AO43: =IF(ISNUMBER(AB43),AB43-AH43,"") -> 31 | AP43: =IF(ISNUMBER(AB43),AB43-AI43,"") -> 31
A44: =B44&"–"&C44 -> 25–30 | B44: 25 | C44: =B44+5 -> 30 | D44: =(B44+C44)/2 -> 27.5 | E44: =COUNTIFS(Totals,">="&B44,Totals,"<"&C44) -> 9 | F44: =IFERROR(nGraded*(NORMDIST(C44,MeanScore,SDScore,TRUE)-NORMDIST(B44,MeanScore,SDScore,TRUE)),"") -> 5.4956184 | G44: =IFERROR(E44-F44,"") -> 3.5043816 | P44: 30 | Q44: =IF(P44<=nGraded,SMALL(Totals,P44),NA()) -> 43 | R44: =IF(P44<=nGraded,(P44-0.375)/(nGraded+0.25),"") -> 0.58955224 | S44: =IF(P44<=nGraded,NORMSINV(R44),"") -> 0.22639332 | T44: =IF(P44<=nGraded,MeanScore+SDScore*S44,NA()) -> 40.171115 | U44: =IFERROR(IF(P44>nGraded,"",IF(P44=nGraded,$Z$19,IF(P44=nGraded-1,$Z$20,IF(P44=1,-$Z$19,IF(P44=2,-$Z$20,S44/SQRT($Z$21)))))),"") -> 0.032179865 | V44: =IFERROR(IF(P44<=nGraded,U44*Q44,""),"") -> 1.3837342 | W44: =IFERROR(IF(P44<=nGraded,(2*P44-1)*(LN(NORMDIST(Q44,MeanScore,SDScore,TRUE))+LN(1-NORMDIST(LARGE(Totals,P44),MeanScore,SDScore,TRUE))),""),"") -> -60.504825 | AB44: =IF('Quiz 1 Grades'!$P36="Graded",'Quiz 1 Grades'!$L36,"") -> 39 | AC44: =IF('Quiz 1 Grades'!$P36="Graded",'Quiz 1 Grades'!C36,"") -> 8 | AD44: =IF('Quiz 1 Grades'!$P36="Graded",'Quiz 1 Grades'!D36,"") -> 8 | AE44: =IF('Quiz 1 Grades'!$P36="Graded",'Quiz 1 Grades'!E36,"") -> 4 | AF44: =IF('Quiz 1 Grades'!$P36="Graded",'Quiz 1 Grades'!F36,"") -> 4 | AG44: =IF('Quiz 1 Grades'!$P36="Graded",'Quiz 1 Grades'!H36,"") -> 5 | AH44: =IF('Quiz 1 Grades'!$P36="Graded",'Quiz 1 Grades'!I36,"") -> 5 | AI44: =IF('Quiz 1 Grades'!$P36="Graded",'Quiz 1 Grades'!J36,"") -> 5 | AJ44: =IF(ISNUMBER(AB44),AB44-AC44,"") -> 31 | AK44: =IF(ISNUMBER(AB44),AB44-AD44,"") -> 31 | AL44: =IF(ISNUMBER(AB44),AB44-AE44,"") -> 35 | AM44: =IF(ISNUMBER(AB44),AB44-AF44,"") -> 35 | AN44: =IF(ISNUMBER(AB44),AB44-AG44,"") -> 34 | AO44: =IF(ISNUMBER(AB44),AB44-AH44,"") -> 34 | AP44: =IF(ISNUMBER(AB44),AB44-AI44,"") -> 34
A45: =B45&"–"&C45 -> 30–35 | B45: 30 | C45: =B45+5 -> 35 | D45: =(B45+C45)/2 -> 32.5 | E45: =COUNTIFS(Totals,">="&B45,Totals,"<"&C45) -> 2 | F45: =IFERROR(nGraded*(NORMDIST(C45,MeanScore,SDScore,TRUE)-NORMDIST(B45,MeanScore,SDScore,TRUE)),"") -> 9.0932861 | G45: =IFERROR(E45-F45,"") -> -7.0932861 | P45: 31 | Q45: =IF(P45<=nGraded,SMALL(Totals,P45),NA()) -> 43 | R45: =IF(P45<=nGraded,(P45-0.375)/(nGraded+0.25),"") -> 0.60945274 | S45: =IF(P45<=nGraded,NORMSINV(R45),"") -> 0.27789296 | T45: =IF(P45<=nGraded,MeanScore+SDScore*S45,NA()) -> 40.628601 | U45: =IFERROR(IF(P45>nGraded,"",IF(P45=nGraded,$Z$19,IF(P45=nGraded-1,$Z$20,IF(P45=1,-$Z$19,IF(P45=2,-$Z$20,S45/SQRT($Z$21)))))),"") -> 0.039500096 | V45: =IFERROR(IF(P45<=nGraded,U45*Q45,""),"") -> 1.6985041 | W45: =IFERROR(IF(P45<=nGraded,(2*P45-1)*(LN(NORMDIST(Q45,MeanScore,SDScore,TRUE))+LN(1-NORMDIST(LARGE(Totals,P45),MeanScore,SDScore,TRUE))),""),"") -> -62.555836 | AB45: =IF('Quiz 1 Grades'!$P37="Graded",'Quiz 1 Grades'!$L37,"") -> 50 | AC45: =IF('Quiz 1 Grades'!$P37="Graded",'Quiz 1 Grades'!C37,"") -> 10 | AD45: =IF('Quiz 1 Grades'!$P37="Graded",'Quiz 1 Grades'!D37,"") -> 15 | AE45: =IF('Quiz 1 Grades'!$P37="Graded",'Quiz 1 Grades'!E37,"") -> 5 | AF45: =IF('Quiz 1 Grades'!$P37="Graded",'Quiz 1 Grades'!F37,"") -> 5 | AG45: =IF('Quiz 1 Grades'!$P37="Graded",'Quiz 1 Grades'!H37,"") -> 5 | AH45: =IF('Quiz 1 Grades'!$P37="Graded",'Quiz 1 Grades'!I37,"") -> 5 | AI45: =IF('Quiz 1 Grades'!$P37="Graded",'Quiz 1 Grades'!J37,"") -> 5 | AJ45: =IF(ISNUMBER(AB45),AB45-AC45,"") -> 40 | AK45: =IF(ISNUMBER(AB45),AB45-AD45,"") -> 35 | AL45: =IF(ISNUMBER(AB45),AB45-AE45,"") -> 45 | AM45: =IF(ISNUMBER(AB45),AB45-AF45,"") -> 45 | AN45: =IF(ISNUMBER(AB45),AB45-AG45,"") -> 45 | AO45: =IF(ISNUMBER(AB45),AB45-AH45,"") -> 45 | AP45: =IF(ISNUMBER(AB45),AB45-AI45,"") -> 45
A46: =B46&"–"&C46 -> 35–40 | B46: 35 | C46: =B46+5 -> 40 | D46: =(B46+C46)/2 -> 37.5 | E46: =COUNTIFS(Totals,">="&B46,Totals,"<"&C46) -> 8 | F46: =IFERROR(nGraded*(NORMDIST(C46,MeanScore,SDScore,TRUE)-NORMDIST(B46,MeanScore,SDScore,TRUE)),"") -> 11.051133 | G46: =IFERROR(E46-F46,"") -> -3.0511329 | P46: 32 | Q46: =IF(P46<=nGraded,SMALL(Totals,P46),NA()) -> 43 | R46: =IF(P46<=nGraded,(P46-0.375)/(nGraded+0.25),"") -> 0.62935323 | S46: =IF(P46<=nGraded,NORMSINV(R46),"") -> 0.33014086 | T46: =IF(P46<=nGraded,MeanScore+SDScore*S46,NA()) -> 41.092733 | U46: =IFERROR(IF(P46>nGraded,"",IF(P46=nGraded,$Z$19,IF(P46=nGraded-1,$Z$20,IF(P46=1,-$Z$19,IF(P46=2,-$Z$20,S46/SQRT($Z$21)))))),"") -> 0.046926686 | V46: =IFERROR(IF(P46<=nGraded,U46*Q46,""),"") -> 2.0178475 | W46: =IFERROR(IF(P46<=nGraded,(2*P46-1)*(LN(NORMDIST(Q46,MeanScore,SDScore,TRUE))+LN(1-NORMDIST(LARGE(Totals,P46),MeanScore,SDScore,TRUE))),""),"") -> -64.606847 | AB46: =IF('Quiz 1 Grades'!$P38="Graded",'Quiz 1 Grades'!$L38,"") -> 23 | AC46: =IF('Quiz 1 Grades'!$P38="Graded",'Quiz 1 Grades'!C38,"") -> 0 | AD46: =IF('Quiz 1 Grades'!$P38="Graded",'Quiz 1 Grades'!D38,"") -> 10 | AE46: =IF('Quiz 1 Grades'!$P38="Graded",'Quiz 1 Grades'!E38,"") -> 4 | AF46: =IF('Quiz 1 Grades'!$P38="Graded",'Quiz 1 Grades'!F38,"") -> 4 | AG46: =IF('Quiz 1 Grades'!$P38="Graded",'Quiz 1 Grades'!H38,"") -> 0 | AH46: =IF('Quiz 1 Grades'!$P38="Graded",'Quiz 1 Grades'!I38,"") -> 5 | AI46: =IF('Quiz 1 Grades'!$P38="Graded",'Quiz 1 Grades'!J38,"") -> 0 | AJ46: =IF(ISNUMBER(AB46),AB46-AC46,"") -> 23 | AK46: =IF(ISNUMBER(AB46),AB46-AD46,"") -> 13 | AL46: =IF(ISNUMBER(AB46),AB46-AE46,"") -> 19 | AM46: =IF(ISNUMBER(AB46),AB46-AF46,"") -> 19 | AN46: =IF(ISNUMBER(AB46),AB46-AG46,"") -> 23 | AO46: =IF(ISNUMBER(AB46),AB46-AH46,"") -> 18 | AP46: =IF(ISNUMBER(AB46),AB46-AI46,"") -> 23
A47: =B47&"–"&C47 -> 40–45 | B47: 40 | C47: =B47+5 -> 45 | D47: =(B47+C47)/2 -> 42.5 | E47: =COUNTIFS(Totals,">="&B47,Totals,"<"&C47) -> 14 | F47: =IFERROR(nGraded*(NORMDIST(C47,MeanScore,SDScore,TRUE)-NORMDIST(B47,MeanScore,SDScore,TRUE)),"") -> 9.8649882 | G47: =IFERROR(E47-F47,"") -> 4.1350118 | P47: 33 | Q47: =IF(P47<=nGraded,SMALL(Totals,P47),NA()) -> 43 | R47: =IF(P47<=nGraded,(P47-0.375)/(nGraded+0.25),"") -> 0.64925373 | S47: =IF(P47<=nGraded,NORMSINV(R47),"") -> 0.38330648 | T47: =IF(P47<=nGraded,MeanScore+SDScore*S47,NA()) -> 41.565019 | U47: =IFERROR(IF(P47>nGraded,"",IF(P47=nGraded,$Z$19,IF(P47=nGraded-1,$Z$20,IF(P47=1,-$Z$19,IF(P47=2,-$Z$20,S47/SQRT($Z$21)))))),"") -> 0.054483721 | V47: =IFERROR(IF(P47<=nGraded,U47*Q47,""),"") -> 2.3428 | W47: =IFERROR(IF(P47<=nGraded,(2*P47-1)*(LN(NORMDIST(Q47,MeanScore,SDScore,TRUE))+LN(1-NORMDIST(LARGE(Totals,P47),MeanScore,SDScore,TRUE))),""),"") -> -61.160399 | AB47: =IF('Quiz 1 Grades'!$P39="Graded",'Quiz 1 Grades'!$L39,"") -> 35 | AC47: =IF('Quiz 1 Grades'!$P39="Graded",'Quiz 1 Grades'!C39,"") -> 5 | AD47: =IF('Quiz 1 Grades'!$P39="Graded",'Quiz 1 Grades'!D39,"") -> 12 | AE47: =IF('Quiz 1 Grades'!$P39="Graded",'Quiz 1 Grades'!E39,"") -> 4 | AF47: =IF('Quiz 1 Grades'!$P39="Graded",'Quiz 1 Grades'!F39,"") -> 4 | AG47: =IF('Quiz 1 Grades'!$P39="Graded",'Quiz 1 Grades'!H39,"") -> 0 | AH47: =IF('Quiz 1 Grades'!$P39="Graded",'Quiz 1 Grades'!I39,"") -> 5 | AI47: =IF('Quiz 1 Grades'!$P39="Graded",'Quiz 1 Grades'!J39,"") -> 5 | AJ47: =IF(ISNUMBER(AB47),AB47-AC47,"") -> 30 | AK47: =IF(ISNUMBER(AB47),AB47-AD47,"") -> 23 | AL47: =IF(ISNUMBER(AB47),AB47-AE47,"") -> 31 | AM47: =IF(ISNUMBER(AB47),AB47-AF47,"") -> 31 | AN47: =IF(ISNUMBER(AB47),AB47-AG47,"") -> 35 | AO47: =IF(ISNUMBER(AB47),AB47-AH47,"") -> 30 | AP47: =IF(ISNUMBER(AB47),AB47-AI47,"") -> 30
A48: =B48&"–"&C48 -> 45–50 | B48: 45 | C48: =MaxScore -> 50 | D48: =(B48+C48)/2 -> 47.5 | E48: =COUNTIFS(Totals,">="&B48,Totals,"<="&C48) -> 13 | F48: =IFERROR(nGraded*(NORMDIST(C48,MeanScore,SDScore,TRUE)-NORMDIST(B48,MeanScore,SDScore,TRUE)),"") -> 6.4681075 | G48: =IFERROR(E48-F48,"") -> 6.5318925 | P48: 34 | Q48: =IF(P48<=nGraded,SMALL(Totals,P48),NA()) -> 43 | R48: =IF(P48<=nGraded,(P48-0.375)/(nGraded+0.25),"") -> 0.66915423 | S48: =IF(P48<=nGraded,NORMSINV(R48),"") -> 0.43757894 | T48: =IF(P48<=nGraded,MeanScore+SDScore*S48,NA()) -> 42.047136 | U48: =IFERROR(IF(P48>nGraded,"",IF(P48=nGraded,$Z$19,IF(P48=nGraded-1,$Z$20,IF(P48=1,-$Z$19,IF(P48=2,-$Z$20,S48/SQRT($Z$21)))))),"") -> 0.062198085 | V48: =IFERROR(IF(P48<=nGraded,U48*Q48,""),"") -> 2.6745177 | W48: =IFERROR(IF(P48<=nGraded,(2*P48-1)*(LN(NORMDIST(Q48,MeanScore,SDScore,TRUE))+LN(1-NORMDIST(LARGE(Totals,P48),MeanScore,SDScore,TRUE))),""),"") -> -57.891061 | AB48: =IF('Quiz 1 Grades'!$P40="Graded",'Quiz 1 Grades'!$L40,"") -> 46 | AC48: =IF('Quiz 1 Grades'!$P40="Graded",'Quiz 1 Grades'!C40,"") -> 8 | AD48: =IF('Quiz 1 Grades'!$P40="Graded",'Quiz 1 Grades'!D40,"") -> 15 | AE48: =IF('Quiz 1 Grades'!$P40="Graded",'Quiz 1 Grades'!E40,"") -> 4 | AF48: =IF('Quiz 1 Grades'!$P40="Graded",'Quiz 1 Grades'!F40,"") -> 4 | AG48: =IF('Quiz 1 Grades'!$P40="Graded",'Quiz 1 Grades'!H40,"") -> 5 | AH48: =IF('Quiz 1 Grades'!$P40="Graded",'Quiz 1 Grades'!I40,"") -> 5 | AI48: =IF('Quiz 1 Grades'!$P40="Graded",'Quiz 1 Grades'!J40,"") -> 5 | AJ48: =IF(ISNUMBER(AB48),AB48-AC48,"") -> 38 | AK48: =IF(ISNUMBER(AB48),AB48-AD48,"") -> 31 | AL48: =IF(ISNUMBER(AB48),AB48-AE48,"") -> 42 | AM48: =IF(ISNUMBER(AB48),AB48-AF48,"") -> 42 | AN48: =IF(ISNUMBER(AB48),AB48-AG48,"") -> 41 | AO48: =IF(ISNUMBER(AB48),AB48-AH48,"") -> 41 | AP48: =IF(ISNUMBER(AB48),AB48-AI48,"") -> 41
A49: Total (0 – max) | E49: =SUM(E39:E48) -> 50 | F49: =SUM(F39:F48) -> 45.434966 | P49: 35 | Q49: =IF(P49<=nGraded,SMALL(Totals,P49),NA()) -> 44 | R49: =IF(P49<=nGraded,(P49-0.375)/(nGraded+0.25),"") -> 0.68905473 | S49: =IF(P49<=nGraded,NORMSINV(R49),"") -> 0.49317273 | T49: =IF(P49<=nGraded,MeanScore+SDScore*S49,NA()) -> 42.540991 | U49: =IFERROR(IF(P49>nGraded,"",IF(P49=nGraded,$Z$19,IF(P49=nGraded-1,$Z$20,IF(P49=1,-$Z$19,IF(P49=2,-$Z$20,S49/SQRT($Z$21)))))),"") -> 0.070100265 | V49: =IFERROR(IF(P49<=nGraded,U49*Q49,""),"") -> 3.0844116 | W49: =IFERROR(IF(P49<=nGraded,(2*P49-1)*(LN(NORMDIST(Q49,MeanScore,SDScore,TRUE))+LN(1-NORMDIST(LARGE(Totals,P49),MeanScore,SDScore,TRUE))),""),"") -> -51.258191 | AB49: =IF('Quiz 1 Grades'!$P41="Graded",'Quiz 1 Grades'!$L41,"") -> 41 | AC49: =IF('Quiz 1 Grades'!$P41="Graded",'Quiz 1 Grades'!C41,"") -> 8 | AD49: =IF('Quiz 1 Grades'!$P41="Graded",'Quiz 1 Grades'!D41,"") -> 15 | AE49: =IF('Quiz 1 Grades'!$P41="Graded",'Quiz 1 Grades'!E41,"") -> 4 | AF49: =IF('Quiz 1 Grades'!$P41="Graded",'Quiz 1 Grades'!F41,"") -> 4 | AG49: =IF('Quiz 1 Grades'!$P41="Graded",'Quiz 1 Grades'!H41,"") -> 5 | AH49: =IF('Quiz 1 Grades'!$P41="Graded",'Quiz 1 Grades'!I41,"") -> 0 | AI49: =IF('Quiz 1 Grades'!$P41="Graded",'Quiz 1 Grades'!J41,"") -> 5 | AJ49: =IF(ISNUMBER(AB49),AB49-AC49,"") -> 33 | AK49: =IF(ISNUMBER(AB49),AB49-AD49,"") -> 26 | AL49: =IF(ISNUMBER(AB49),AB49-AE49,"") -> 37 | AM49: =IF(ISNUMBER(AB49),AB49-AF49,"") -> 37 | AN49: =IF(ISNUMBER(AB49),AB49-AG49,"") -> 36 | AO49: =IF(ISNUMBER(AB49),AB49-AH49,"") -> 41 | AP49: =IF(ISNUMBER(AB49),AB49-AI49,"") -> 36
A50: Expected below 0 (impossible score) | F50: =IFERROR(nGraded*NORMDIST(0,MeanScore,SDScore,TRUE),"") -> 0.00043533603 | P50: 36 | Q50: =IF(P50<=nGraded,SMALL(Totals,P50),NA()) -> 44 | R50: =IF(P50<=nGraded,(P50-0.375)/(nGraded+0.25),"") -> 0.70895522 | S50: =IF(P50<=nGraded,NORMSINV(R50),"") -> 0.5503351 | T50: =IF(P50<=nGraded,MeanScore+SDScore*S50,NA()) -> 43.04878 | U50: =IFERROR(IF(P50>nGraded,"",IF(P50=nGraded,$Z$19,IF(P50=nGraded-1,$Z$20,IF(P50=1,-$Z$19,IF(P50=2,-$Z$20,S50/SQRT($Z$21)))))),"") -> 0.078225405 | V50: =IFERROR(IF(P50<=nGraded,U50*Q50,""),"") -> 3.4419178 | W50: =IFERROR(IF(P50<=nGraded,(2*P50-1)*(LN(NORMDIST(Q50,MeanScore,SDScore,TRUE))+LN(1-NORMDIST(LARGE(Totals,P50),MeanScore,SDScore,TRUE))),""),"") -> -44.333335 | AB50: =IF('Quiz 1 Grades'!$P42="Graded",'Quiz 1 Grades'!$L42,"") -> 16 | AC50: =IF('Quiz 1 Grades'!$P42="Graded",'Quiz 1 Grades'!C42,"") -> 0 | AD50: =IF('Quiz 1 Grades'!$P42="Graded",'Quiz 1 Grades'!D42,"") -> 8 | AE50: =IF('Quiz 1 Grades'!$P42="Graded",'Quiz 1 Grades'!E42,"") -> 1 | AF50: =IF('Quiz 1 Grades'!$P42="Graded",'Quiz 1 Grades'!F42,"") -> 2 | AG50: =IF('Quiz 1 Grades'!$P42="Graded",'Quiz 1 Grades'!H42,"") -> 0 | AH50: =IF('Quiz 1 Grades'!$P42="Graded",'Quiz 1 Grades'!I42,"") -> 0 | AI50: =IF('Quiz 1 Grades'!$P42="Graded",'Quiz 1 Grades'!J42,"") -> 5 | AJ50: =IF(ISNUMBER(AB50),AB50-AC50,"") -> 16 | AK50: =IF(ISNUMBER(AB50),AB50-AD50,"") -> 8 | AL50: =IF(ISNUMBER(AB50),AB50-AE50,"") -> 15 | AM50: =IF(ISNUMBER(AB50),AB50-AF50,"") -> 14 | AN50: =IF(ISNUMBER(AB50),AB50-AG50,"") -> 16 | AO50: =IF(ISNUMBER(AB50),AB50-AH50,"") -> 16 | AP50: =IF(ISNUMBER(AB50),AB50-AI50,"") -> 11
A51: Expected above the maximum (ceiling) | F51: =IFERROR(nGraded*(1-NORMDIST(MaxScore,MeanScore,SDScore,TRUE)),"") -> 4.5645988 | G51: =IFERROR(F51/nGraded,"") -> 0.091291976 | P51: 37 | Q51: =IF(P51<=nGraded,SMALL(Totals,P51),NA()) -> 44 | R51: =IF(P51<=nGraded,(P51-0.375)/(nGraded+0.25),"") -> 0.72885572 | S51: =IF(P51<=nGraded,NORMSINV(R51),"") -> 0.60935591 | T51: =IF(P51<=nGraded,MeanScore+SDScore*S51,NA()) -> 43.573079 | U51: =IFERROR(IF(P51>nGraded,"",IF(P51=nGraded,$Z$19,IF(P51=nGraded-1,$Z$20,IF(P51=1,-$Z$19,IF(P51=2,-$Z$20,S51/SQRT($Z$21)))))),"") -> 0.086614705 | V51: =IFERROR(IF(P51<=nGraded,U51*Q51,""),"") -> 3.811047 | W51: =IFERROR(IF(P51<=nGraded,(2*P51-1)*(LN(NORMDIST(Q51,MeanScore,SDScore,TRUE))+LN(1-NORMDIST(LARGE(Totals,P51),MeanScore,SDScore,TRUE))),""),"") -> -41.954694 | AB51: =IF('Quiz 1 Grades'!$P43="Graded",'Quiz 1 Grades'!$L43,"") -> 50 | AC51: =IF('Quiz 1 Grades'!$P43="Graded",'Quiz 1 Grades'!C43,"") -> 10 | AD51: =IF('Quiz 1 Grades'!$P43="Graded",'Quiz 1 Grades'!D43,"") -> 15 | AE51: =IF('Quiz 1 Grades'!$P43="Graded",'Quiz 1 Grades'!E43,"") -> 5 | AF51: =IF('Quiz 1 Grades'!$P43="Graded",'Quiz 1 Grades'!F43,"") -> 5 | AG51: =IF('Quiz 1 Grades'!$P43="Graded",'Quiz 1 Grades'!H43,"") -> 5 | AH51: =IF('Quiz 1 Grades'!$P43="Graded",'Quiz 1 Grades'!I43,"") -> 5 | AI51: =IF('Quiz 1 Grades'!$P43="Graded",'Quiz 1 Grades'!J43,"") -> 5 | AJ51: =IF(ISNUMBER(AB51),AB51-AC51,"") -> 40 | AK51: =IF(ISNUMBER(AB51),AB51-AD51,"") -> 35 | AL51: =IF(ISNUMBER(AB51),AB51-AE51,"") -> 45 | AM51: =IF(ISNUMBER(AB51),AB51-AF51,"") -> 45 | AN51: =IF(ISNUMBER(AB51),AB51-AG51,"") -> 45 | AO51: =IF(ISNUMBER(AB51),AB51-AH51,"") -> 45 | AP51: =IF(ISNUMBER(AB51),AB51-AI51,"") -> 45
P52: 38 | Q52: =IF(P52<=nGraded,SMALL(Totals,P52),NA()) -> 45 | R52: =IF(P52<=nGraded,(P52-0.375)/(nGraded+0.25),"") -> 0.74875622 | S52: =IF(P52<=nGraded,NORMSINV(R52),"") -> 0.67058089 | T52: =IF(P52<=nGraded,MeanScore+SDScore*S52,NA()) -> 44.116957 | U52: =IFERROR(IF(P52>nGraded,"",IF(P52=nGraded,$Z$19,IF(P52=nGraded-1,$Z$20,IF(P52=1,-$Z$19,IF(P52=2,-$Z$20,S52/SQRT($Z$21)))))),"") -> 0.09531731 | V52: =IFERROR(IF(P52<=nGraded,U52*Q52,""),"") -> 4.2892789 | W52: =IFERROR(IF(P52<=nGraded,(2*P52-1)*(LN(NORMDIST(Q52,MeanScore,SDScore,TRUE))+LN(1-NORMDIST(LARGE(Totals,P52),MeanScore,SDScore,TRUE))),""),"") -> -30.995501 | AB52: =IF('Quiz 1 Grades'!$P44="Graded",'Quiz 1 Grades'!$L44,"") -> 45 | AC52: =IF('Quiz 1 Grades'!$P44="Graded",'Quiz 1 Grades'!C44,"") -> 8 | AD52: =IF('Quiz 1 Grades'!$P44="Graded",'Quiz 1 Grades'!D44,"") -> 12 | AE52: =IF('Quiz 1 Grades'!$P44="Graded",'Quiz 1 Grades'!E44,"") -> 5 | AF52: =IF('Quiz 1 Grades'!$P44="Graded",'Quiz 1 Grades'!F44,"") -> 5 | AG52: =IF('Quiz 1 Grades'!$P44="Graded",'Quiz 1 Grades'!H44,"") -> 5 | AH52: =IF('Quiz 1 Grades'!$P44="Graded",'Quiz 1 Grades'!I44,"") -> 5 | AI52: =IF('Quiz 1 Grades'!$P44="Graded",'Quiz 1 Grades'!J44,"") -> 5 | AJ52: =IF(ISNUMBER(AB52),AB52-AC52,"") -> 37 | AK52: =IF(ISNUMBER(AB52),AB52-AD52,"") -> 33 | AL52: =IF(ISNUMBER(AB52),AB52-AE52,"") -> 40 | AM52: =IF(ISNUMBER(AB52),AB52-AF52,"") -> 40 | AN52: =IF(ISNUMBER(AB52),AB52-AG52,"") -> 40 | AO52: =IF(ISNUMBER(AB52),AB52-AH52,"") -> 40 | AP52: =IF(ISNUMBER(AB52),AB52-AI52,"") -> 40
P53: 39 | Q53: =IF(P53<=nGraded,SMALL(Totals,P53),NA()) -> 46 | R53: =IF(P53<=nGraded,(P53-0.375)/(nGraded+0.25),"") -> 0.76865672 | S53: =IF(P53<=nGraded,NORMSINV(R53),"") -> 0.73443023 | T53: =IF(P53<=nGraded,MeanScore+SDScore*S53,NA()) -> 44.684149 | U53: =IFERROR(IF(P53>nGraded,"",IF(P53=nGraded,$Z$19,IF(P53=nGraded-1,$Z$20,IF(P53=1,-$Z$19,IF(P53=2,-$Z$20,S53/SQRT($Z$21)))))),"") -> 0.10439295 | V53: =IFERROR(IF(P53<=nGraded,U53*Q53,""),"") -> 4.8020755 | W53: =IFERROR(IF(P53<=nGraded,(2*P53-1)*(LN(NORMDIST(Q53,MeanScore,SDScore,TRUE))+LN(1-NORMDIST(LARGE(Totals,P53),MeanScore,SDScore,TRUE))),""),"") -> -28.731552 | AB53: =IF('Quiz 1 Grades'!$P45="Graded",'Quiz 1 Grades'!$L45,"") -> 33 | AC53: =IF('Quiz 1 Grades'!$P45="Graded",'Quiz 1 Grades'!C45,"") -> 10 | AD53: =IF('Quiz 1 Grades'!$P45="Graded",'Quiz 1 Grades'!D45,"") -> 15 | AE53: =IF('Quiz 1 Grades'!$P45="Graded",'Quiz 1 Grades'!E45,"") -> 4 | AF53: =IF('Quiz 1 Grades'!$P45="Graded",'Quiz 1 Grades'!F45,"") -> 4 | AG53: =IF('Quiz 1 Grades'!$P45="Graded",'Quiz 1 Grades'!H45,"") -> 0 | AH53: =IF('Quiz 1 Grades'!$P45="Graded",'Quiz 1 Grades'!I45,"") -> 0 | AI53: =IF('Quiz 1 Grades'!$P45="Graded",'Quiz 1 Grades'!J45,"") -> 0 | AJ53: =IF(ISNUMBER(AB53),AB53-AC53,"") -> 23 | AK53: =IF(ISNUMBER(AB53),AB53-AD53,"") -> 18 | AL53: =IF(ISNUMBER(AB53),AB53-AE53,"") -> 29 | AM53: =IF(ISNUMBER(AB53),AB53-AF53,"") -> 29 | AN53: =IF(ISNUMBER(AB53),AB53-AG53,"") -> 33 | AO53: =IF(ISNUMBER(AB53),AB53-AH53,"") -> 33 | AP53: =IF(ISNUMBER(AB53),AB53-AI53,"") -> 33
P54: 40 | Q54: =IF(P54<=nGraded,SMALL(Totals,P54),NA()) -> 46 | R54: =IF(P54<=nGraded,(P54-0.375)/(nGraded+0.25),"") -> 0.78855721 | S54: =IF(P54<=nGraded,NORMSINV(R54),"") -> 0.80142513 | T54: =IF(P54<=nGraded,MeanScore+SDScore*S54,NA()) -> 45.279283 | U54: =IFERROR(IF(P54>nGraded,"",IF(P54=nGraded,$Z$19,IF(P54=nGraded-1,$Z$20,IF(P54=1,-$Z$19,IF(P54=2,-$Z$20,S54/SQRT($Z$21)))))),"") -> 0.11391569 | V54: =IFERROR(IF(P54<=nGraded,U54*Q54,""),"") -> 5.2401219 | W54: =IFERROR(IF(P54<=nGraded,(2*P54-1)*(LN(NORMDIST(Q54,MeanScore,SDScore,TRUE))+LN(1-NORMDIST(LARGE(Totals,P54),MeanScore,SDScore,TRUE))),""),"") -> -29.477826 | AB54: =IF('Quiz 1 Grades'!$P46="Graded",'Quiz 1 Grades'!$L46,"") -> 48 | AC54: =IF('Quiz 1 Grades'!$P46="Graded",'Quiz 1 Grades'!C46,"") -> 10 | AD54: =IF('Quiz 1 Grades'!$P46="Graded",'Quiz 1 Grades'!D46,"") -> 15 | AE54: =IF('Quiz 1 Grades'!$P46="Graded",'Quiz 1 Grades'!E46,"") -> 4 | AF54: =IF('Quiz 1 Grades'!$P46="Graded",'Quiz 1 Grades'!F46,"") -> 4 | AG54: =IF('Quiz 1 Grades'!$P46="Graded",'Quiz 1 Grades'!H46,"") -> 5 | AH54: =IF('Quiz 1 Grades'!$P46="Graded",'Quiz 1 Grades'!I46,"") -> 5 | AI54: =IF('Quiz 1 Grades'!$P46="Graded",'Quiz 1 Grades'!J46,"") -> 5 | AJ54: =IF(ISNUMBER(AB54),AB54-AC54,"") -> 38 | AK54: =IF(ISNUMBER(AB54),AB54-AD54,"") -> 33 | AL54: =IF(ISNUMBER(AB54),AB54-AE54,"") -> 44 | AM54: =IF(ISNUMBER(AB54),AB54-AF54,"") -> 44 | AN54: =IF(ISNUMBER(AB54),AB54-AG54,"") -> 43 | AO54: =IF(ISNUMBER(AB54),AB54-AH54,"") -> 43 | AP54: =IF(ISNUMBER(AB54),AB54-AI54,"") -> 43
A55: 5. Question (item) analysis — graded quizzes only | P55: 41 | Q55: =IF(P55<=nGraded,SMALL(Totals,P55),NA()) -> 46 | R55: =IF(P55<=nGraded,(P55-0.375)/(nGraded+0.25),"") -> 0.80845771 | S55: =IF(P55<=nGraded,NORMSINV(R55),"") -> 0.87222696 | T55: =IF(P55<=nGraded,MeanScore+SDScore*S55,NA()) -> 45.908236 | U55: =IFERROR(IF(P55>nGraded,"",IF(P55=nGraded,$Z$19,IF(P55=nGraded-1,$Z$20,IF(P55=1,-$Z$19,IF(P55=2,-$Z$20,S55/SQRT($Z$21)))))),"") -> 0.12397957 | V55: =IFERROR(IF(P55<=nGraded,U55*Q55,""),"") -> 5.70306 | W55: =IFERROR(IF(P55<=nGraded,(2*P55-1)*(LN(NORMDIST(Q55,MeanScore,SDScore,TRUE))+LN(1-NORMDIST(LARGE(Totals,P55),MeanScore,SDScore,TRUE))),""),"") -> -27.885207 | AB55: =IF('Quiz 1 Grades'!$P47="Graded",'Quiz 1 Grades'!$L47,"") -> 40 | AC55: =IF('Quiz 1 Grades'!$P47="Graded",'Quiz 1 Grades'!C47,"") -> 5 | AD55: =IF('Quiz 1 Grades'!$P47="Graded",'Quiz 1 Grades'!D47,"") -> 12 | AE55: =IF('Quiz 1 Grades'!$P47="Graded",'Quiz 1 Grades'!E47,"") -> 4 | AF55: =IF('Quiz 1 Grades'!$P47="Graded",'Quiz 1 Grades'!F47,"") -> 4 | AG55: =IF('Quiz 1 Grades'!$P47="Graded",'Quiz 1 Grades'!H47,"") -> 5 | AH55: =IF('Quiz 1 Grades'!$P47="Graded",'Quiz 1 Grades'!I47,"") -> 5 | AI55: =IF('Quiz 1 Grades'!$P47="Graded",'Quiz 1 Grades'!J47,"") -> 5 | AJ55: =IF(ISNUMBER(AB55),AB55-AC55,"") -> 35 | AK55: =IF(ISNUMBER(AB55),AB55-AD55,"") -> 28 | AL55: =IF(ISNUMBER(AB55),AB55-AE55,"") -> 36 | AM55: =IF(ISNUMBER(AB55),AB55-AF55,"") -> 36 | AN55: =IF(ISNUMBER(AB55),AB55-AG55,"") -> 35 | AO55: =IF(ISNUMBER(AB55),AB55-AH55,"") -> 35 | AP55: =IF(ISNUMBER(AB55),AB55-AI55,"") -> 35
A56: Question | B56: Max pts | C56: Average | D56: Difficulty (avg %) | E56: SD | F56: Item–rest correlation | G56: Discrimination | H56: Hint | P56: 42 | Q56: =IF(P56<=nGraded,SMALL(Totals,P56),NA()) -> 46 | R56: =IF(P56<=nGraded,(P56-0.375)/(nGraded+0.25),"") -> 0.82835821 | S56: =IF(P56<=nGraded,NORMSINV(R56),"") -> 0.94769729 | T56: =IF(P56<=nGraded,MeanScore+SDScore*S56,NA()) -> 46.57866 | U56: =IFERROR(IF(P56>nGraded,"",IF(P56=nGraded,$Z$19,IF(P56=nGraded-1,$Z$20,IF(P56=1,-$Z$19,IF(P56=2,-$Z$20,S56/SQRT($Z$21)))))),"") -> 0.13470702 | V56: =IFERROR(IF(P56<=nGraded,U56*Q56,""),"") -> 6.1965231 | W56: =IFERROR(IF(P56<=nGraded,(2*P56-1)*(LN(NORMDIST(Q56,MeanScore,SDScore,TRUE))+LN(1-NORMDIST(LARGE(Totals,P56),MeanScore,SDScore,TRUE))),""),"") -> -28.573731 | AB56: =IF('Quiz 1 Grades'!$P48="Graded",'Quiz 1 Grades'!$L48,"") -> 29 | AC56: =IF('Quiz 1 Grades'!$P48="Graded",'Quiz 1 Grades'!C48,"") -> 2 | AD56: =IF('Quiz 1 Grades'!$P48="Graded",'Quiz 1 Grades'!D48,"") -> 8 | AE56: =IF('Quiz 1 Grades'!$P48="Graded",'Quiz 1 Grades'!E48,"") -> 5 | AF56: =IF('Quiz 1 Grades'!$P48="Graded",'Quiz 1 Grades'!F48,"") -> 4 | AG56: =IF('Quiz 1 Grades'!$P48="Graded",'Quiz 1 Grades'!H48,"") -> 5 | AH56: =IF('Quiz 1 Grades'!$P48="Graded",'Quiz 1 Grades'!I48,"") -> 0 | AI56: =IF('Quiz 1 Grades'!$P48="Graded",'Quiz 1 Grades'!J48,"") -> 5 | AJ56: =IF(ISNUMBER(AB56),AB56-AC56,"") -> 27 | AK56: =IF(ISNUMBER(AB56),AB56-AD56,"") -> 21 | AL56: =IF(ISNUMBER(AB56),AB56-AE56,"") -> 24 | AM56: =IF(ISNUMBER(AB56),AB56-AF56,"") -> 25 | AN56: =IF(ISNUMBER(AB56),AB56-AG56,"") -> 24 | AO56: =IF(ISNUMBER(AB56),AB56-AH56,"") -> 29 | AP56: =IF(ISNUMBER(AB56),AB56-AI56,"") -> 24
A57: ='Quiz 1 Grades'!C6 -> 1.1 | B57: ='Quiz 1 Grades'!C$5 -> 10 | C57: =IFERROR(AVERAGE($AC$15:$AC$66),"") -> 6.32 | D57: =IFERROR(C57/B57,"") -> 0.632 | E57: =IFERROR(STDEV($AC$15:$AC$66),"") -> 3.145713 | F57: =IFERROR(CORREL($AC$15:$AC$66,$AJ$15:$AJ$66),"") -> 0.51765377 | G57: =IF(ISNUMBER(F57),IF(F57>=0.3,"Good",IF(F57>=0.2,"Fair","Weak")),"") -> Good | H57: =IF(D57="","",IF(D57<0.5,"Hard for most",IF(D57>0.9,"Very easy",""))&IF(AND(ISNUMBER(F57),F57<0.2)," · check key/wording","")) | P57: 43 | Q57: =IF(P57<=nGraded,SMALL(Totals,P57),NA()) -> 46 | R57: =IF(P57<=nGraded,(P57-0.375)/(nGraded+0.25),"") -> 0.84825871 | S57: =IF(P57<=nGraded,NORMSINV(R57),"") -> 1.0289938 | T57: =IF(P57<=nGraded,MeanScore+SDScore*S57,NA()) -> 47.300839 | U57: =IFERROR(IF(P57>nGraded,"",IF(P57=nGraded,$Z$19,IF(P57=nGraded-1,$Z$20,IF(P57=1,-$Z$19,IF(P57=2,-$Z$20,S57/SQRT($Z$21)))))),"") -> 0.14626263 | V57: =IFERROR(IF(P57<=nGraded,U57*Q57,""),"") -> 6.7280808 | W57: =IFERROR(IF(P57<=nGraded,(2*P57-1)*(LN(NORMDIST(Q57,MeanScore,SDScore,TRUE))+LN(1-NORMDIST(LARGE(Totals,P57),MeanScore,SDScore,TRUE))),""),"") -> -27.161119 | AB57: =IF('Quiz 1 Grades'!$P49="Graded",'Quiz 1 Grades'!$L49,"") -> 38 | AC57: =IF('Quiz 1 Grades'!$P49="Graded",'Quiz 1 Grades'!C49,"") -> 3 | AD57: =IF('Quiz 1 Grades'!$P49="Graded",'Quiz 1 Grades'!D49,"") -> 15 | AE57: =IF('Quiz 1 Grades'!$P49="Graded",'Quiz 1 Grades'!E49,"") -> 5 | AF57: =IF('Quiz 1 Grades'!$P49="Graded",'Quiz 1 Grades'!F49,"") -> 5 | AG57: =IF('Quiz 1 Grades'!$P49="Graded",'Quiz 1 Grades'!H49,"") -> 5 | AH57: =IF('Quiz 1 Grades'!$P49="Graded",'Quiz 1 Grades'!I49,"") -> 5 | AI57: =IF('Quiz 1 Grades'!$P49="Graded",'Quiz 1 Grades'!J49,"") -> 0 | AJ57: =IF(ISNUMBER(AB57),AB57-AC57,"") -> 35 | AK57: =IF(ISNUMBER(AB57),AB57-AD57,"") -> 23 | AL57: =IF(ISNUMBER(AB57),AB57-AE57,"") -> 33 | AM57: =IF(ISNUMBER(AB57),AB57-AF57,"") -> 33 | AN57: =IF(ISNUMBER(AB57),AB57-AG57,"") -> 33 | AO57: =IF(ISNUMBER(AB57),AB57-AH57,"") -> 33 | AP57: =IF(ISNUMBER(AB57),AB57-AI57,"") -> 38
A58: ='Quiz 1 Grades'!D6 -> 1.2 | B58: ='Quiz 1 Grades'!D$5 -> 15 | C58: =IFERROR(AVERAGE($AD$15:$AD$66),"") -> 11.92 | D58: =IFERROR(C58/B58,"") -> 0.79466667 | E58: =IFERROR(STDEV($AD$15:$AD$66),"") -> 3.5157953 | F58: =IFERROR(CORREL($AD$15:$AD$66,$AK$15:$AK$66),"") -> 0.60126387 | G58: =IF(ISNUMBER(F58),IF(F58>=0.3,"Good",IF(F58>=0.2,"Fair","Weak")),"") -> Good | H58: =IF(D58="","",IF(D58<0.5,"Hard for most",IF(D58>0.9,"Very easy",""))&IF(AND(ISNUMBER(F58),F58<0.2)," · check key/wording","")) | P58: 44 | Q58: =IF(P58<=nGraded,SMALL(Totals,P58),NA()) -> 48 | R58: =IF(P58<=nGraded,(P58-0.375)/(nGraded+0.25),"") -> 0.8681592 | S58: =IF(P58<=nGraded,NORMSINV(R58),"") -> 1.1177317 | T58: =IF(P58<=nGraded,MeanScore+SDScore*S58,NA()) -> 48.089123 | U58: =IFERROR(IF(P58>nGraded,"",IF(P58=nGraded,$Z$19,IF(P58=nGraded-1,$Z$20,IF(P58=1,-$Z$19,IF(P58=2,-$Z$20,S58/SQRT($Z$21)))))),"") -> 0.15887596 | V58: =IFERROR(IF(P58<=nGraded,U58*Q58,""),"") -> 7.626046 | W58: =IFERROR(IF(P58<=nGraded,(2*P58-1)*(LN(NORMDIST(Q58,MeanScore,SDScore,TRUE))+LN(1-NORMDIST(LARGE(Totals,P58),MeanScore,SDScore,TRUE))),""),"") -> -20.294171 | AB58: =IF('Quiz 1 Grades'!$P50="Graded",'Quiz 1 Grades'!$L50,"") -> 38 | AC58: =IF('Quiz 1 Grades'!$P50="Graded",'Quiz 1 Grades'!C50,"") -> 8 | AD58: =IF('Quiz 1 Grades'!$P50="Graded",'Quiz 1 Grades'!D50,"") -> 10 | AE58: =IF('Quiz 1 Grades'!$P50="Graded",'Quiz 1 Grades'!E50,"") -> 5 | AF58: =IF('Quiz 1 Grades'!$P50="Graded",'Quiz 1 Grades'!F50,"") -> 5 | AG58: =IF('Quiz 1 Grades'!$P50="Graded",'Quiz 1 Grades'!H50,"") -> 5 | AH58: =IF('Quiz 1 Grades'!$P50="Graded",'Quiz 1 Grades'!I50,"") -> 0 | AI58: =IF('Quiz 1 Grades'!$P50="Graded",'Quiz 1 Grades'!J50,"") -> 5 | AJ58: =IF(ISNUMBER(AB58),AB58-AC58,"") -> 30 | AK58: =IF(ISNUMBER(AB58),AB58-AD58,"") -> 28 | AL58: =IF(ISNUMBER(AB58),AB58-AE58,"") -> 33 | AM58: =IF(ISNUMBER(AB58),AB58-AF58,"") -> 33 | AN58: =IF(ISNUMBER(AB58),AB58-AG58,"") -> 33 | AO58: =IF(ISNUMBER(AB58),AB58-AH58,"") -> 38 | AP58: =IF(ISNUMBER(AB58),AB58-AI58,"") -> 33
A59: ='Quiz 1 Grades'!E6 -> 1.3 A | B59: ='Quiz 1 Grades'!E$5 -> 5 | C59: =IFERROR(AVERAGE($AE$15:$AE$66),"") -> 4.14 | D59: =IFERROR(C59/B59,"") -> 0.828 | E59: =IFERROR(STDEV($AE$15:$AE$66),"") -> 0.88086229 | F59: =IFERROR(CORREL($AE$15:$AE$66,$AL$15:$AL$66),"") -> 0.40343545 | G59: =IF(ISNUMBER(F59),IF(F59>=0.3,"Good",IF(F59>=0.2,"Fair","Weak")),"") -> Good | H59: =IF(D59="","",IF(D59<0.5,"Hard for most",IF(D59>0.9,"Very easy",""))&IF(AND(ISNUMBER(F59),F59<0.2)," · check key/wording","")) | P59: 45 | Q59: =IF(P59<=nGraded,SMALL(Totals,P59),NA()) -> 48 | R59: =IF(P59<=nGraded,(P59-0.375)/(nGraded+0.25),"") -> 0.8880597 | S59: =IF(P59<=nGraded,NORMSINV(R59),"") -> 1.2162739 | T59: =IF(P59<=nGraded,MeanScore+SDScore*S59,NA()) -> 48.964501 | U59: =IFERROR(IF(P59>nGraded,"",IF(P59=nGraded,$Z$19,IF(P59=nGraded-1,$Z$20,IF(P59=1,-$Z$19,IF(P59=2,-$Z$20,S59/SQRT($Z$21)))))),"") -> 0.17288288 | V59: =IFERROR(IF(P59<=nGraded,U59*Q59,""),"") -> 8.2983784 | W59: =IFERROR(IF(P59<=nGraded,(2*P59-1)*(LN(NORMDIST(Q59,MeanScore,SDScore,TRUE))+LN(1-NORMDIST(LARGE(Totals,P59),MeanScore,SDScore,TRUE))),""),"") -> -20.760704 | AB59: =IF('Quiz 1 Grades'!$P51="Graded",'Quiz 1 Grades'!$L51,"") -> 40 | AC59: =IF('Quiz 1 Grades'!$P51="Graded",'Quiz 1 Grades'!C51,"") -> 8 | AD59: =IF('Quiz 1 Grades'!$P51="Graded",'Quiz 1 Grades'!D51,"") -> 15 | AE59: =IF('Quiz 1 Grades'!$P51="Graded",'Quiz 1 Grades'!E51,"") -> 4 | AF59: =IF('Quiz 1 Grades'!$P51="Graded",'Quiz 1 Grades'!F51,"") -> 3 | AG59: =IF('Quiz 1 Grades'!$P51="Graded",'Quiz 1 Grades'!H51,"") -> 5 | AH59: =IF('Quiz 1 Grades'!$P51="Graded",'Quiz 1 Grades'!I51,"") -> 0 | AI59: =IF('Quiz 1 Grades'!$P51="Graded",'Quiz 1 Grades'!J51,"") -> 5 | AJ59: =IF(ISNUMBER(AB59),AB59-AC59,"") -> 32 | AK59: =IF(ISNUMBER(AB59),AB59-AD59,"") -> 25 | AL59: =IF(ISNUMBER(AB59),AB59-AE59,"") -> 36 | AM59: =IF(ISNUMBER(AB59),AB59-AF59,"") -> 37 | AN59: =IF(ISNUMBER(AB59),AB59-AG59,"") -> 35 | AO59: =IF(ISNUMBER(AB59),AB59-AH59,"") -> 40 | AP59: =IF(ISNUMBER(AB59),AB59-AI59,"") -> 35
A60: ='Quiz 1 Grades'!F6 -> 1.3 B | B60: ='Quiz 1 Grades'!F$5 -> 5 | C60: =IFERROR(AVERAGE($AF$15:$AF$66),"") -> 4.08 | D60: =IFERROR(C60/B60,"") -> 0.816 | E60: =IFERROR(STDEV($AF$15:$AF$66),"") -> 0.80407127 | F60: =IFERROR(CORREL($AF$15:$AF$66,$AM$15:$AM$66),"") -> 0.39454653 | G60: =IF(ISNUMBER(F60),IF(F60>=0.3,"Good",IF(F60>=0.2,"Fair","Weak")),"") -> Good | H60: =IF(D60="","",IF(D60<0.5,"Hard for most",IF(D60>0.9,"Very easy",""))&IF(AND(ISNUMBER(F60),F60<0.2)," · check key/wording","")) | P60: 46 | Q60: =IF(P60<=nGraded,SMALL(Totals,P60),NA()) -> 50 | R60: =IF(P60<=nGraded,(P60-0.375)/(nGraded+0.25),"") -> 0.9079602 | S60: =IF(P60<=nGraded,NORMSINV(R60),"") -> 1.3282982 | T60: =IF(P60<=nGraded,MeanScore+SDScore*S60,NA()) -> 49.959644 | U60: =IFERROR(IF(P60>nGraded,"",IF(P60=nGraded,$Z$19,IF(P60=nGraded-1,$Z$20,IF(P60=1,-$Z$19,IF(P60=2,-$Z$20,S60/SQRT($Z$21)))))),"") -> 0.18880618 | V60: =IFERROR(IF(P60<=nGraded,U60*Q60,""),"") -> 9.4403089 | W60: =IFERROR(IF(P60<=nGraded,(2*P60-1)*(LN(NORMDIST(Q60,MeanScore,SDScore,TRUE))+LN(1-NORMDIST(LARGE(Totals,P60),MeanScore,SDScore,TRUE))),""),"") -> -16.847024 | AB60: =IF('Quiz 1 Grades'!$P52="Graded",'Quiz 1 Grades'!$L52,"") -> 37 | AC60: =IF('Quiz 1 Grades'!$P52="Graded",'Quiz 1 Grades'!C52,"") -> 10 | AD60: =IF('Quiz 1 Grades'!$P52="Graded",'Quiz 1 Grades'!D52,"") -> 10 | AE60: =IF('Quiz 1 Grades'!$P52="Graded",'Quiz 1 Grades'!E52,"") -> 3 | AF60: =IF('Quiz 1 Grades'!$P52="Graded",'Quiz 1 Grades'!F52,"") -> 4 | AG60: =IF('Quiz 1 Grades'!$P52="Graded",'Quiz 1 Grades'!H52,"") -> 0 | AH60: =IF('Quiz 1 Grades'!$P52="Graded",'Quiz 1 Grades'!I52,"") -> 5 | AI60: =IF('Quiz 1 Grades'!$P52="Graded",'Quiz 1 Grades'!J52,"") -> 5 | AJ60: =IF(ISNUMBER(AB60),AB60-AC60,"") -> 27 | AK60: =IF(ISNUMBER(AB60),AB60-AD60,"") -> 27 | AL60: =IF(ISNUMBER(AB60),AB60-AE60,"") -> 34 | AM60: =IF(ISNUMBER(AB60),AB60-AF60,"") -> 33 | AN60: =IF(ISNUMBER(AB60),AB60-AG60,"") -> 37 | AO60: =IF(ISNUMBER(AB60),AB60-AH60,"") -> 32 | AP60: =IF(ISNUMBER(AB60),AB60-AI60,"") -> 32
A61: ='Quiz 1 Grades'!H6 -> 2.1 | B61: ='Quiz 1 Grades'!H$5 -> 5 | C61: =IFERROR(AVERAGE($AG$15:$AG$66),"") -> 4.1 | D61: =IFERROR(C61/B61,"") -> 0.82 | E61: =IFERROR(STDEV($AG$15:$AG$66),"") -> 1.9404397 | F61: =IFERROR(CORREL($AG$15:$AG$66,$AN$15:$AN$66),"") -> 0.35132919 | G61: =IF(ISNUMBER(F61),IF(F61>=0.3,"Good",IF(F61>=0.2,"Fair","Weak")),"") -> Good | H61: =IF(D61="","",IF(D61<0.5,"Hard for most",IF(D61>0.9,"Very easy",""))&IF(AND(ISNUMBER(F61),F61<0.2)," · check key/wording","")) | P61: 47 | Q61: =IF(P61<=nGraded,SMALL(Totals,P61),NA()) -> 50 | R61: =IF(P61<=nGraded,(P61-0.375)/(nGraded+0.25),"") -> 0.9278607 | S61: =IF(P61<=nGraded,NORMSINV(R61),"") -> 1.4600417 | T61: =IF(P61<=nGraded,MeanScore+SDScore*S61,NA()) -> 51.129959 | U61: =IFERROR(IF(P61>nGraded,"",IF(P61=nGraded,$Z$19,IF(P61=nGraded-1,$Z$20,IF(P61=1,-$Z$19,IF(P61=2,-$Z$20,S61/SQRT($Z$21)))))),"") -> 0.20753238 | V61: =IFERROR(IF(P61<=nGraded,U61*Q61,""),"") -> 10.376619 | W61: =IFERROR(IF(P61<=nGraded,(2*P61-1)*(LN(NORMDIST(Q61,MeanScore,SDScore,TRUE))+LN(1-NORMDIST(LARGE(Totals,P61),MeanScore,SDScore,TRUE))),""),"") -> -13.08295 | AB61: =IF('Quiz 1 Grades'!$P53="Graded",'Quiz 1 Grades'!$L53,"") -> 41 | AC61: =IF('Quiz 1 Grades'!$P53="Graded",'Quiz 1 Grades'!C53,"") -> 6 | AD61: =IF('Quiz 1 Grades'!$P53="Graded",'Quiz 1 Grades'!D53,"") -> 10 | AE61: =IF('Quiz 1 Grades'!$P53="Graded",'Quiz 1 Grades'!E53,"") -> 5 | AF61: =IF('Quiz 1 Grades'!$P53="Graded",'Quiz 1 Grades'!F53,"") -> 5 | AG61: =IF('Quiz 1 Grades'!$P53="Graded",'Quiz 1 Grades'!H53,"") -> 5 | AH61: =IF('Quiz 1 Grades'!$P53="Graded",'Quiz 1 Grades'!I53,"") -> 5 | AI61: =IF('Quiz 1 Grades'!$P53="Graded",'Quiz 1 Grades'!J53,"") -> 5 | AJ61: =IF(ISNUMBER(AB61),AB61-AC61,"") -> 35 | AK61: =IF(ISNUMBER(AB61),AB61-AD61,"") -> 31 | AL61: =IF(ISNUMBER(AB61),AB61-AE61,"") -> 36 | AM61: =IF(ISNUMBER(AB61),AB61-AF61,"") -> 36 | AN61: =IF(ISNUMBER(AB61),AB61-AG61,"") -> 36 | AO61: =IF(ISNUMBER(AB61),AB61-AH61,"") -> 36 | AP61: =IF(ISNUMBER(AB61),AB61-AI61,"") -> 36
A62: ='Quiz 1 Grades'!I6 -> 2.2 | B62: ='Quiz 1 Grades'!I$5 -> 5 | C62: =IFERROR(AVERAGE($AH$15:$AH$66),"") -> 3.2 | D62: =IFERROR(C62/B62,"") -> 0.64 | E62: =IFERROR(STDEV($AH$15:$AH$66),"") -> 2.4243661 | F62: =IFERROR(CORREL($AH$15:$AH$66,$AO$15:$AO$66),"") -> 0.17754796 | G62: =IF(ISNUMBER(F62),IF(F62>=0.3,"Good",IF(F62>=0.2,"Fair","Weak")),"") -> Weak | H62: =IF(D62="","",IF(D62<0.5,"Hard for most",IF(D62>0.9,"Very easy",""))&IF(AND(ISNUMBER(F62),F62<0.2)," · check key/wording","")) -> · check key/wording | P62: 48 | Q62: =IF(P62<=nGraded,SMALL(Totals,P62),NA()) -> 50 | R62: =IF(P62<=nGraded,(P62-0.375)/(nGraded+0.25),"") -> 0.94776119 | S62: =IF(P62<=nGraded,NORMSINV(R62),"") -> 1.6235232 | T62: =IF(P62<=nGraded,MeanScore+SDScore*S62,NA()) -> 52.58221 | U62: =IFERROR(IF(P62>nGraded,"",IF(P62=nGraded,$Z$19,IF(P62=nGraded-1,$Z$20,IF(P62=1,-$Z$19,IF(P62=2,-$Z$20,S62/SQRT($Z$21)))))),"") -> 0.23076987 | V62: =IFERROR(IF(P62<=nGraded,U62*Q62,""),"") -> 11.538493 | W62: =IFERROR(IF(P62<=nGraded,(2*P62-1)*(LN(NORMDIST(Q62,MeanScore,SDScore,TRUE))+LN(1-NORMDIST(LARGE(Totals,P62),MeanScore,SDScore,TRUE))),""),"") -> -13.364304 | AB62: =IF('Quiz 1 Grades'!$P54="Graded",'Quiz 1 Grades'!$L54,"") -> 44 | AC62: =IF('Quiz 1 Grades'!$P54="Graded",'Quiz 1 Grades'!C54,"") -> 6 | AD62: =IF('Quiz 1 Grades'!$P54="Graded",'Quiz 1 Grades'!D54,"") -> 15 | AE62: =IF('Quiz 1 Grades'!$P54="Graded",'Quiz 1 Grades'!E54,"") -> 5 | AF62: =IF('Quiz 1 Grades'!$P54="Graded",'Quiz 1 Grades'!F54,"") -> 3 | AG62: =IF('Quiz 1 Grades'!$P54="Graded",'Quiz 1 Grades'!H54,"") -> 5 | AH62: =IF('Quiz 1 Grades'!$P54="Graded",'Quiz 1 Grades'!I54,"") -> 5 | AI62: =IF('Quiz 1 Grades'!$P54="Graded",'Quiz 1 Grades'!J54,"") -> 5 | AJ62: =IF(ISNUMBER(AB62),AB62-AC62,"") -> 38 | AK62: =IF(ISNUMBER(AB62),AB62-AD62,"") -> 29 | AL62: =IF(ISNUMBER(AB62),AB62-AE62,"") -> 39 | AM62: =IF(ISNUMBER(AB62),AB62-AF62,"") -> 41 | AN62: =IF(ISNUMBER(AB62),AB62-AG62,"") -> 39 | AO62: =IF(ISNUMBER(AB62),AB62-AH62,"") -> 39 | AP62: =IF(ISNUMBER(AB62),AB62-AI62,"") -> 39
A63: ='Quiz 1 Grades'!J6 -> 2.3 | B63: ='Quiz 1 Grades'!J$5 -> 5 | C63: =IFERROR(AVERAGE($AI$15:$AI$66),"") -> 4.4 | D63: =IFERROR(C63/B63,"") -> 0.88 | E63: =IFERROR(STDEV($AI$15:$AI$66),"") -> 1.6413036 | F63: =IFERROR(CORREL($AI$15:$AI$66,$AP$15:$AP$66),"") -> 0.27411385 | G63: =IF(ISNUMBER(F63),IF(F63>=0.3,"Good",IF(F63>=0.2,"Fair","Weak")),"") -> Fair | H63: =IF(D63="","",IF(D63<0.5,"Hard for most",IF(D63>0.9,"Very easy",""))&IF(AND(ISNUMBER(F63),F63<0.2)," · check key/wording","")) | P63: 49 | Q63: =IF(P63<=nGraded,SMALL(Totals,P63),NA()) -> 50 | R63: =IF(P63<=nGraded,(P63-0.375)/(nGraded+0.25),"") -> 0.96766169 | S63: =IF(P63<=nGraded,NORMSINV(R63),"") -> 1.8474868 | T63: =IF(P63<=nGraded,MeanScore+SDScore*S63,NA()) -> 54.571742 | U63: =IFERROR(IF(P63>nGraded,"",IF(P63=nGraded,$Z$19,IF(P63=nGraded-1,$Z$20,IF(P63=1,-$Z$19,IF(P63=2,-$Z$20,S63/SQRT($Z$21)))))),"") -> 0.26622143 | V63: =IFERROR(IF(P63<=nGraded,U63*Q63,""),"") -> 13.311072 | W63: =IFERROR(IF(P63<=nGraded,(2*P63-1)*(LN(NORMDIST(Q63,MeanScore,SDScore,TRUE))+LN(1-NORMDIST(LARGE(Totals,P63),MeanScore,SDScore,TRUE))),""),"") -> -11.910764 | AB63: =IF('Quiz 1 Grades'!$P55="Graded",'Quiz 1 Grades'!$L55,"") -> 29 | AC63: =IF('Quiz 1 Grades'!$P55="Graded",'Quiz 1 Grades'!C55,"") -> 0 | AD63: =IF('Quiz 1 Grades'!$P55="Graded",'Quiz 1 Grades'!D55,"") -> 10 | AE63: =IF('Quiz 1 Grades'!$P55="Graded",'Quiz 1 Grades'!E55,"") -> 2 | AF63: =IF('Quiz 1 Grades'!$P55="Graded",'Quiz 1 Grades'!F55,"") -> 2 | AG63: =IF('Quiz 1 Grades'!$P55="Graded",'Quiz 1 Grades'!H55,"") -> 5 | AH63: =IF('Quiz 1 Grades'!$P55="Graded",'Quiz 1 Grades'!I55,"") -> 5 | AI63: =IF('Quiz 1 Grades'!$P55="Graded",'Quiz 1 Grades'!J55,"") -> 5 | AJ63: =IF(ISNUMBER(AB63),AB63-AC63,"") -> 29 | AK63: =IF(ISNUMBER(AB63),AB63-AD63,"") -> 19 | AL63: =IF(ISNUMBER(AB63),AB63-AE63,"") -> 27 | AM63: =IF(ISNUMBER(AB63),AB63-AF63,"") -> 27 | AN63: =IF(ISNUMBER(AB63),AB63-AG63,"") -> 24 | AO63: =IF(ISNUMBER(AB63),AB63-AH63,"") -> 24 | AP63: =IF(ISNUMBER(AB63),AB63-AI63,"") -> 24
A64: Cronbach's α (reliability of the total) | C64: =IFERROR((7/(7-1))*(1-(VAR($AC$15:$AC$66)+VAR($AD$15:$AD$66)+VAR($AE$15:$AE$66)+VAR($AF$15:$AF$66)+VAR($AG$15:$AG$66)+VAR($AH$15:$AH$66)+VAR($AI$15:$AI$66))/VAR($AB$15:$AB$66)),"") -> 0.63420332 | D64: =IF(ISNUMBER(C64),IF(C64>=0.7,"Acceptable",IF(C64>=0.5,"Moderate","Low")),"") -> Moderate | E64: ≥ 0.70 acceptable for a classroom test; short quizzes (7 questions) are often 0.5–0.7. | P64: 50 | Q64: =IF(P64<=nGraded,SMALL(Totals,P64),NA()) -> 50 | R64: =IF(P64<=nGraded,(P64-0.375)/(nGraded+0.25),"") -> 0.98756219 | S64: =IF(P64<=nGraded,NORMSINV(R64),"") -> 2.2433288 | T64: =IF(P64<=nGraded,MeanScore+SDScore*S64,NA()) -> 58.088116 | U64: =IFERROR(IF(P64>nGraded,"",IF(P64=nGraded,$Z$19,IF(P64=nGraded-1,$Z$20,IF(P64=1,-$Z$19,IF(P64=2,-$Z$20,S64/SQRT($Z$21)))))),"") -> 0.35059925 | V64: =IFERROR(IF(P64<=nGraded,U64*Q64,""),"") -> 17.529963 | W64: =IFERROR(IF(P64<=nGraded,(2*P64-1)*(LN(NORMDIST(Q64,MeanScore,SDScore,TRUE))+LN(1-NORMDIST(LARGE(Totals,P64),MeanScore,SDScore,TRUE))),""),"") -> -10.103625 | AB64: =IF('Quiz 1 Grades'!$P56="Graded",'Quiz 1 Grades'!$L56,"") -> 43 | AC64: =IF('Quiz 1 Grades'!$P56="Graded",'Quiz 1 Grades'!C56,"") -> 3 | AD64: =IF('Quiz 1 Grades'!$P56="Graded",'Quiz 1 Grades'!D56,"") -> 15 | AE64: =IF('Quiz 1 Grades'!$P56="Graded",'Quiz 1 Grades'!E56,"") -> 5 | AF64: =IF('Quiz 1 Grades'!$P56="Graded",'Quiz 1 Grades'!F56,"") -> 5 | AG64: =IF('Quiz 1 Grades'!$P56="Graded",'Quiz 1 Grades'!H56,"") -> 5 | AH64: =IF('Quiz 1 Grades'!$P56="Graded",'Quiz 1 Grades'!I56,"") -> 5 | AI64: =IF('Quiz 1 Grades'!$P56="Graded",'Quiz 1 Grades'!J56,"") -> 5 | AJ64: =IF(ISNUMBER(AB64),AB64-AC64,"") -> 40 | AK64: =IF(ISNUMBER(AB64),AB64-AD64,"") -> 28 | AL64: =IF(ISNUMBER(AB64),AB64-AE64,"") -> 38 | AM64: =IF(ISNUMBER(AB64),AB64-AF64,"") -> 38 | AN64: =IF(ISNUMBER(AB64),AB64-AG64,"") -> 38 | AO64: =IF(ISNUMBER(AB64),AB64-AH64,"") -> 38 | AP64: =IF(ISNUMBER(AB64),AB64-AI64,"") -> 38
A65: Item–rest correlation = correlation between a question and the total of the OTHER questions (≥ 0.30 good, 0.20–0.29 fair, < 0.20 weak). | P65: 51 | Q65: =IF(P65<=nGraded,SMALL(Totals,P65),NA()) -> #N/A | R65: =IF(P65<=nGraded,(P65-0.375)/(nGraded+0.25),"") | S65: =IF(P65<=nGraded,NORMSINV(R65),"") | T65: =IF(P65<=nGraded,MeanScore+SDScore*S65,NA()) -> #N/A | U65: =IFERROR(IF(P65>nGraded,"",IF(P65=nGraded,$Z$19,IF(P65=nGraded-1,$Z$20,IF(P65=1,-$Z$19,IF(P65=2,-$Z$20,S65/SQRT($Z$21)))))),"") | V65: =IFERROR(IF(P65<=nGraded,U65*Q65,""),"") | W65: =IFERROR(IF(P65<=nGraded,(2*P65-1)*(LN(NORMDIST(Q65,MeanScore,SDScore,TRUE))+LN(1-NORMDIST(LARGE(Totals,P65),MeanScore,SDScore,TRUE))),""),"") | AB65: =IF('Quiz 1 Grades'!$P57="Graded",'Quiz 1 Grades'!$L57,"") -> 38 | AC65: =IF('Quiz 1 Grades'!$P57="Graded",'Quiz 1 Grades'!C57,"") -> 3 | AD65: =IF('Quiz 1 Grades'!$P57="Graded",'Quiz 1 Grades'!D57,"") -> 10 | AE65: =IF('Quiz 1 Grades'!$P57="Graded",'Quiz 1 Grades'!E57,"") -> 5 | AF65: =IF('Quiz 1 Grades'!$P57="Graded",'Quiz 1 Grades'!F57,"") -> 5 | AG65: =IF('Quiz 1 Grades'!$P57="Graded",'Quiz 1 Grades'!H57,"") -> 5 | AH65: =IF('Quiz 1 Grades'!$P57="Graded",'Quiz 1 Grades'!I57,"") -> 5 | AI65: =IF('Quiz 1 Grades'!$P57="Graded",'Quiz 1 Grades'!J57,"") -> 5 | AJ65: =IF(ISNUMBER(AB65),AB65-AC65,"") -> 35 | AK65: =IF(ISNUMBER(AB65),AB65-AD65,"") -> 28 | AL65: =IF(ISNUMBER(AB65),AB65-AE65,"") -> 33 | AM65: =IF(ISNUMBER(AB65),AB65-AF65,"") -> 33 | AN65: =IF(ISNUMBER(AB65),AB65-AG65,"") -> 33 | AO65: =IF(ISNUMBER(AB65),AB65-AH65,"") -> 33 | AP65: =IF(ISNUMBER(AB65),AB65-AI65,"") -> 33
P66: 52 | Q66: =IF(P66<=nGraded,SMALL(Totals,P66),NA()) -> #N/A | R66: =IF(P66<=nGraded,(P66-0.375)/(nGraded+0.25),"") | S66: =IF(P66<=nGraded,NORMSINV(R66),"") | T66: =IF(P66<=nGraded,MeanScore+SDScore*S66,NA()) -> #N/A | U66: =IFERROR(IF(P66>nGraded,"",IF(P66=nGraded,$Z$19,IF(P66=nGraded-1,$Z$20,IF(P66=1,-$Z$19,IF(P66=2,-$Z$20,S66/SQRT($Z$21)))))),"") | V66: =IFERROR(IF(P66<=nGraded,U66*Q66,""),"") | W66: =IFERROR(IF(P66<=nGraded,(2*P66-1)*(LN(NORMDIST(Q66,MeanScore,SDScore,TRUE))+LN(1-NORMDIST(LARGE(Totals,P66),MeanScore,SDScore,TRUE))),""),"") | AB66: =IF('Quiz 1 Grades'!$P58="Graded",'Quiz 1 Grades'!$L58,"") -> 41 | AC66: =IF('Quiz 1 Grades'!$P58="Graded",'Quiz 1 Grades'!C58,"") -> 8 | AD66: =IF('Quiz 1 Grades'!$P58="Graded",'Quiz 1 Grades'!D58,"") -> 15 | AE66: =IF('Quiz 1 Grades'!$P58="Graded",'Quiz 1 Grades'!E58,"") -> 4 | AF66: =IF('Quiz 1 Grades'!$P58="Graded",'Quiz 1 Grades'!F58,"") -> 4 | AG66: =IF('Quiz 1 Grades'!$P58="Graded",'Quiz 1 Grades'!H58,"") -> 5 | AH66: =IF('Quiz 1 Grades'!$P58="Graded",'Quiz 1 Grades'!I58,"") -> 0 | AI66: =IF('Quiz 1 Grades'!$P58="Graded",'Quiz 1 Grades'!J58,"") -> 5 | AJ66: =IF(ISNUMBER(AB66),AB66-AC66,"") -> 33 | AK66: =IF(ISNUMBER(AB66),AB66-AD66,"") -> 26 | AL66: =IF(ISNUMBER(AB66),AB66-AE66,"") -> 37 | AM66: =IF(ISNUMBER(AB66),AB66-AF66,"") -> 37 | AN66: =IF(ISNUMBER(AB66),AB66-AG66,"") -> 36 | AO66: =IF(ISNUMBER(AB66),AB66-AH66,"") -> 41 | AP66: =IF(ISNUMBER(AB66),AB66-AI66,"") -> 36
P67: #N/A in columns Q and T = unused row (keeps the Q–Q chart clean).
A68: 6. Student standing on the Gaussian scale
A69: # | B69: Student | C69: Total | D69: % | E69: z-score | F69: Percentile (actual rank) | G69: Percentile if Gaussian | H69: σ band
A70: ='Quiz 1 Grades'!A7 -> 1 | B70: ='Quiz 1 Grades'!B7 -> David Abagwe | C70: =IF(ISNUMBER('Quiz 1 Grades'!L7),'Quiz 1 Grades'!L7,'Quiz 1 Grades'!P7) -> 44 | D70: =IF(ISNUMBER(C70),C70/MaxScore,"") -> 0.88 | E70: =IF(ISNUMBER(C70),(C70-MeanScore)/SDScore,"") -> 0.65741487 | F70: =IF(ISNUMBER(C70),PERCENTRANK(Totals,C70),"") -> 0.693 | G70: =IF(ISNUMBER(E70),NORMSDIST(E70),"") -> 0.7445429 | H70: =IF(ISNUMBER(E70),IF(E70>=1,"Above +1σ",IF(E70>=0,"Mean to +1σ",IF(E70>=-1,"−1σ to mean",IF(E70>=-2,"−2σ to −1σ","Below −2σ")))),"") -> Mean to +1σ
A71: ='Quiz 1 Grades'!A8 -> 2 | B71: ='Quiz 1 Grades'!B8 -> Sonu Acharya | C71: =IF(ISNUMBER('Quiz 1 Grades'!L8),'Quiz 1 Grades'!L8,'Quiz 1 Grades'!P8) -> 21 | D71: =IF(ISNUMBER(C71),C71/MaxScore,"") -> 0.42 | E71: =IF(ISNUMBER(C71),(C71-MeanScore)/SDScore,"") -> -1.931719 | F71: =IF(ISNUMBER(C71),PERCENTRANK(Totals,C71),"") -> 0.02 | G71: =IF(ISNUMBER(E71),NORMSDIST(E71),"") -> 0.026697097 | H71: =IF(ISNUMBER(E71),IF(E71>=1,"Above +1σ",IF(E71>=0,"Mean to +1σ",IF(E71>=-1,"−1σ to mean",IF(E71>=-2,"−2σ to −1σ","Below −2σ")))),"") -> −2σ to −1σ
A72: ='Quiz 1 Grades'!A9 -> 3 | B72: ='Quiz 1 Grades'!B9 -> Ashton Adams | C72: =IF(ISNUMBER('Quiz 1 Grades'!L9),'Quiz 1 Grades'!L9,'Quiz 1 Grades'!P9) -> 43 | D72: =IF(ISNUMBER(C72),C72/MaxScore,"") -> 0.86 | E72: =IF(ISNUMBER(C72),(C72-MeanScore)/SDScore,"") -> 0.54484383 | F72: =IF(ISNUMBER(C72),PERCENTRANK(Totals,C72),"") -> 0.591 | G72: =IF(ISNUMBER(E72),NORMSDIST(E72),"") -> 0.70706954 | H72: =IF(ISNUMBER(E72),IF(E72>=1,"Above +1σ",IF(E72>=0,"Mean to +1σ",IF(E72>=-1,"−1σ to mean",IF(E72>=-2,"−2σ to −1σ","Below −2σ")))),"") -> Mean to +1σ
A73: ='Quiz 1 Grades'!A10 -> 4 | B73: ='Quiz 1 Grades'!B10 -> Hayden Albert | C73: =IF(ISNUMBER('Quiz 1 Grades'!L10),'Quiz 1 Grades'!L10,'Quiz 1 Grades'!P10) -> 43 | D73: =IF(ISNUMBER(C73),C73/MaxScore,"") -> 0.86 | E73: =IF(ISNUMBER(C73),(C73-MeanScore)/SDScore,"") -> 0.54484383 | F73: =IF(ISNUMBER(C73),PERCENTRANK(Totals,C73),"") -> 0.591 | G73: =IF(ISNUMBER(E73),NORMSDIST(E73),"") -> 0.70706954 | H73: =IF(ISNUMBER(E73),IF(E73>=1,"Above +1σ",IF(E73>=0,"Mean to +1σ",IF(E73>=-1,"−1σ to mean",IF(E73>=-2,"−2σ to −1σ","Below −2σ")))),"") -> Mean to +1σ
A74: ='Quiz 1 Grades'!A11 -> 5 | B74: ='Quiz 1 Grades'!B11 -> Lani Allen | C74: =IF(ISNUMBER('Quiz 1 Grades'!L11),'Quiz 1 Grades'!L11,'Quiz 1 Grades'!P11) -> 50 | D74: =IF(ISNUMBER(C74),C74/MaxScore,"") -> 1 | E74: =IF(ISNUMBER(C74),(C74-MeanScore)/SDScore,"") -> 1.3328411 | F74: =IF(ISNUMBER(C74),PERCENTRANK(Totals,C74),"") -> 0.918 | G74: =IF(ISNUMBER(E74),NORMSDIST(E74),"") -> 0.90870802 | H74: =IF(ISNUMBER(E74),IF(E74>=1,"Above +1σ",IF(E74>=0,"Mean to +1σ",IF(E74>=-1,"−1σ to mean",IF(E74>=-2,"−2σ to −1σ","Below −2σ")))),"") -> Above +1σ
A75: ='Quiz 1 Grades'!A12 -> 6 | B75: ='Quiz 1 Grades'!B12 -> John David Andrade | C75: =IF(ISNUMBER('Quiz 1 Grades'!L12),'Quiz 1 Grades'!L12,'Quiz 1 Grades'!P12) -> 32 | D75: =IF(ISNUMBER(C75),C75/MaxScore,"") -> 0.64 | E75: =IF(ISNUMBER(C75),(C75-MeanScore)/SDScore,"") -> -0.69343761 | F75: =IF(ISNUMBER(C75),PERCENTRANK(Totals,C75),"") -> 0.265 | G75: =IF(ISNUMBER(E75),NORMSDIST(E75),"") -> 0.24401748 | H75: =IF(ISNUMBER(E75),IF(E75>=1,"Above +1σ",IF(E75>=0,"Mean to +1σ",IF(E75>=-1,"−1σ to mean",IF(E75>=-2,"−2σ to −1σ","Below −2σ")))),"") -> −1σ to mean
A76: ='Quiz 1 Grades'!A13 -> 7 | B76: ='Quiz 1 Grades'!B13 -> Landon Atkins | C76: =IF(ISNUMBER('Quiz 1 Grades'!L13),'Quiz 1 Grades'!L13,'Quiz 1 Grades'!P13) -> 26 | D76: =IF(ISNUMBER(C76),C76/MaxScore,"") -> 0.52 | E76: =IF(ISNUMBER(C76),(C76-MeanScore)/SDScore,"") -> -1.3688638 | F76: =IF(ISNUMBER(C76),PERCENTRANK(Totals,C76),"") -> 0.081 | G76: =IF(ISNUMBER(E76),NORMSDIST(E76),"") -> 0.08552092 | H76: =IF(ISNUMBER(E76),IF(E76>=1,"Above +1σ",IF(E76>=0,"Mean to +1σ",IF(E76>=-1,"−1σ to mean",IF(E76>=-2,"−2σ to −1σ","Below −2σ")))),"") -> −2σ to −1σ
A77: ='Quiz 1 Grades'!A14 -> 8 | B77: ='Quiz 1 Grades'!B14 -> Ryan Borkland | C77: =IF(ISNUMBER('Quiz 1 Grades'!L14),'Quiz 1 Grades'!L14,'Quiz 1 Grades'!P14) -> 46 | D77: =IF(ISNUMBER(C77),C77/MaxScore,"") -> 0.92 | E77: =IF(ISNUMBER(C77),(C77-MeanScore)/SDScore,"") -> 0.88255695 | F77: =IF(ISNUMBER(C77),PERCENTRANK(Totals,C77),"") -> 0.775 | G77: =IF(ISNUMBER(E77),NORMSDIST(E77),"") -> 0.81126215 | H77: =IF(ISNUMBER(E77),IF(E77>=1,"Above +1σ",IF(E77>=0,"Mean to +1σ",IF(E77>=-1,"−1σ to mean",IF(E77>=-2,"−2σ to −1σ","Below −2σ")))),"") -> Mean to +1σ
A78: ='Quiz 1 Grades'!A15 -> 9 | B78: ='Quiz 1 Grades'!B15 -> Jermy Brown | C78: =IF(ISNUMBER('Quiz 1 Grades'!L15),'Quiz 1 Grades'!L15,'Quiz 1 Grades'!P15) -> 44 | D78: =IF(ISNUMBER(C78),C78/MaxScore,"") -> 0.88 | E78: =IF(ISNUMBER(C78),(C78-MeanScore)/SDScore,"") -> 0.65741487 | F78: =IF(ISNUMBER(C78),PERCENTRANK(Totals,C78),"") -> 0.693 | G78: =IF(ISNUMBER(E78),NORMSDIST(E78),"") -> 0.7445429 | H78: =IF(ISNUMBER(E78),IF(E78>=1,"Above +1σ",IF(E78>=0,"Mean to +1σ",IF(E78>=-1,"−1σ to mean",IF(E78>=-2,"−2σ to −1σ","Below −2σ")))),"") -> Mean to +1σ
A79: ='Quiz 1 Grades'!A16 -> 10 | B79: ='Quiz 1 Grades'!B16 -> Eric Calderon | C79: =IF(ISNUMBER('Quiz 1 Grades'!L16),'Quiz 1 Grades'!L16,'Quiz 1 Grades'!P16) -> 38 | D79: =IF(ISNUMBER(C79),C79/MaxScore,"") -> 0.76 | E79: =IF(ISNUMBER(C79),(C79-MeanScore)/SDScore,"") -> -0.018011366 | F79: =IF(ISNUMBER(C79),PERCENTRANK(Totals,C79),"") -> 0.367 | G79: =IF(ISNUMBER(E79),NORMSDIST(E79),"") -> 0.49281489 | H79: =IF(ISNUMBER(E79),IF(E79>=1,"Above +1σ",IF(E79>=0,"Mean to +1σ",IF(E79>=-1,"−1σ to mean",IF(E79>=-2,"−2σ to −1σ","Below −2σ")))),"") -> −1σ to mean
A80: ='Quiz 1 Grades'!A17 -> 11 | B80: ='Quiz 1 Grades'!B17 -> Angel Camarillo | C80: =IF(ISNUMBER('Quiz 1 Grades'!L17),'Quiz 1 Grades'!L17,'Quiz 1 Grades'!P17) -> 26 | D80: =IF(ISNUMBER(C80),C80/MaxScore,"") -> 0.52 | E80: =IF(ISNUMBER(C80),(C80-MeanScore)/SDScore,"") -> -1.3688638 | F80: =IF(ISNUMBER(C80),PERCENTRANK(Totals,C80),"") -> 0.081 | G80: =IF(ISNUMBER(E80),NORMSDIST(E80),"") -> 0.08552092 | H80: =IF(ISNUMBER(E80),IF(E80>=1,"Above +1σ",IF(E80>=0,"Mean to +1σ",IF(E80>=-1,"−1σ to mean",IF(E80>=-2,"−2σ to −1σ","Below −2σ")))),"") -> −2σ to −1σ
A81: ='Quiz 1 Grades'!A18 -> 12 | B81: ='Quiz 1 Grades'!B18 -> Gavin Cappel | C81: =IF(ISNUMBER('Quiz 1 Grades'!L18),'Quiz 1 Grades'!L18,'Quiz 1 Grades'!P18) -> Missing | D81: =IF(ISNUMBER(C81),C81/MaxScore,"") | E81: =IF(ISNUMBER(C81),(C81-MeanScore)/SDScore,"") | F81: =IF(ISNUMBER(C81),PERCENTRANK(Totals,C81),"") | G81: =IF(ISNUMBER(E81),NORMSDIST(E81),"") | H81: =IF(ISNUMBER(E81),IF(E81>=1,"Above +1σ",IF(E81>=0,"Mean to +1σ",IF(E81>=-1,"−1σ to mean",IF(E81>=-2,"−2σ to −1σ","Below −2σ")))),"")
... A121: ='Quiz 1 Grades'!A58 -> 52 | B121: ='Quiz 1 Grades'!B58 -> Shaman Wildman | C121: =IF(ISNUMBER('Quiz 1 Grades'!L58),'Quiz 1 Grades'!L58,'Quiz 1 Grades'!P58) -> 41 | D121: =IF(ISNUMBER(C121),C121/MaxScore,"") -> 0.82 | E121: =IF(ISNUMBER(C121),(C121-MeanScore)/SDScore,"") -> 0.31970175 | F121: =IF(ISNUMBER(C121),PERCENTRANK(Totals,C121),"") -> 0.51 | G121: =IF(ISNUMBER(E121),NORMSDIST(E121),"") -> 0.62540278 | H121: =IF(ISNUMBER(E121),IF(E121>=1,"Above +1σ",IF(E121>=0,"Mean to +1σ",IF(E121>=-1,"−1σ to mean",IF(E121>=-2,"−2σ to −1σ","Below −2σ")))),"") -> Mean to +1σ
