Workbook

Sheet Read Me
A1: Student Roster & Quiz 2 Grades
A2: Engineering Design · Fall 2026 · Teaching Assistant gradebook for Quiz 2 — same roster, tabs and layout as the Quiz 1 workbook; questions, points and answers come from the Quiz 2 answer key (quizz 2 v2 – Sol VF).
A4: Tabs in this workbook
A5: Roster | B5: Master list of the 52 students (last / first name). Type each student's Group # (column E). Quiz 2 score is pulled in automatically.
A6: Groups | B6: One row per project group (up to 13): choose the project track, see group size, size check and group Quiz 2 average; class split totals below.
A7: Answer Key | B7: Correct answer and points for every part of Quiz 2 (copied from the key), grading notes, the objective-tree weights and a check of the Pugh-chart totals.
A8: Quiz 2 Grades | B8: Score per part (1.1, 1.2 a, 1.2 b, 1.2 c, 1.3, 2.1, 2.2, 2.3). Problem subtotals, total (/50), %, performance band, rank and status are formulas. Class averages at the bottom.
A9: Performance per Problem | B9: Statistics for every sub-question (average, % of max, median, std dev, full marks, zeros) + charts. The Flag column tells you what to review in class.
A10: Class Summary | B10: Class-level numbers: graded / missing, average, median, high / low, performance bands and score distribution chart.
A11: Statistical Analysis | B11: Gaussian (normal) analysis: descriptive statistics with a confidence interval, five normality tests (Shapiro–Wilk, Anderson–Darling, Jarque–Bera, skewness & kurtosis z), empirical ±σ rule, histogram vs. normal curve, Q–Q plot, question analysis (difficulty, discrimination, Cronbach's α) and each student's z-score. Key findings at the top are written by formulas.
A13: Color legend
A14: Blue text, pale-yellow cell | B14: A value you type (scores, max points, group #, tracks, thresholds).
A15: Black text | B15: A formula — do not type over it; it updates automatically.
A16: Yellow row (Quiz 2 Grades) | B16: Student has no Quiz 2 scores yet (status = Missing).
A17: Green / yellow / red total | B17: Performance band: Strong / Satisfactory / Needs support (thresholds editable on Quiz 2 Grades, cells T3:T4).
A18: Red number | B18: A score of 0 on that part.
A20: How to…
A21: Enter a missing score | B21: Go to Quiz 2 Grades and type the points in the blue cells of that student's row. Everything else recalculates.
A22: Partly graded quiz | B22: If some sub-scores are still blank, the Status shows 'Incomplete' and the student is left out of the total, rank and class statistics until every sub-score is entered.
A23: Add a student | B23: Insert a new row INSIDE the tables (above the last student) on both Roster and Quiz 2 Grades, then copy the formulas down from the row above. All totals and statistics expand automatically.
A24: Form project groups | B24: Roster → pick a Group # for each student (column E, drop-down). Groups tab → choose the project track for each group. Sizes, tracks and averages update automatically.
A25: Change max points | B25: Quiz 2 Grades row 5 (blue cells, 'Max points'). Subtotals, %, statistics and score limits follow.
A26: Sort / filter | B26: Use the filter arrows on Quiz 2 Grades row 6 (e.g., sort by TOTAL, filter Performance = 'Needs support'). The max-points row and thresholds stay put; names follow the # automatically.
A28: Notes & assumptions
A29: Max points | B29: 1.1 = 15, 1.2 a = 6, 1.2 b = 1, 1.2 c = 3, 1.3 = 10 (Problem 1 = 35) and 2.1 = 2.2 = 2.3 = 5 (Problem 2 = 15), total 50 — all from the Quiz 2 answer key. The key gives 1.1 as one 15-point part, so it is one score here (a suggested split is on the Answer Key tab).
A30: Check in the key | B30: 1.2 a: the key gives the automatic arm cuff a weighted total of 2, but the key's own Pugh chart ("+" for data connectivity) adds up to 4. The 1.2 b answer is the same either way. Confirm with the instructor which total to accept (see the Answer Key tab).
A31: Performance bands | B31: Same as Quiz 1 (Quiz 2 is also out of 50): 40–50 green, 26–39 yellow, 0–25 red.
A32: Names | B32: Trailing spaces were removed and names split into Last / First (last word = last name). Please double-check spellings against Canvas (e.g., 'Jermy Brown').
A33: Starting point | B33: All 52 students start as 'Missing'. Scores, totals and statistics fill in as you grade (the normality tests need at least 12 fully graded quizzes).

Sheet Roster
A1: Class Roster
A2: Pick a Group # for each student (blue drop-down). Set each group's project track on the Groups tab → the student's track fills in automatically.
A4: # | B4: Last Name | C4: First Name | D4: Full Name | E4: Group # | F4: Project Track | G4: Quiz 2 (/50) | H4: Quiz 2 %
A5: 1 | B5: Abagwe | C5: David | D5: =TRIM(C5&" "&B5) -> David Abagwe | F5: =IF(E5="","Unassigned",IFERROR(IF(INDEX(Groups!$B$5:$B$17,MATCH(E5,Groups!$A$5:$A$17,0))="","Track not set",INDEX(Groups!$B$5:$B$17,MATCH(E5,Groups!$A$5:$A$17,0))),"Group not in table")) -> Unassigned | G5: =IFERROR(IF(INDEX('Quiz 2 Grades'!$Q$7:$Q$58,MATCH($A5,'Quiz 2 Grades'!$A$7:$A$58,0))="Graded",INDEX('Quiz 2 Grades'!$M$7:$M$58,MATCH($A5,'Quiz 2 Grades'!$A$7:$A$58,0)),INDEX('Quiz 2 Grades'!$Q$7:$Q$58,MATCH($A5,'Quiz 2 Grades'!$A$7:$A$58,0))),"") -> Missing | H5: =IF(ISNUMBER(G5),G5/'Quiz 2 Grades'!$M$5,"")
A6: 2 | B6: Acharya | C6: Sonu | D6: =TRIM(C6&" "&B6) -> Sonu Acharya | F6: =IF(E6="","Unassigned",IFERROR(IF(INDEX(Groups!$B$5:$B$17,MATCH(E6,Groups!$A$5:$A$17,0))="","Track not set",INDEX(Groups!$B$5:$B$17,MATCH(E6,Groups!$A$5:$A$17,0))),"Group not in table")) -> Unassigned | G6: =IFERROR(IF(INDEX('Quiz 2 Grades'!$Q$7:$Q$58,MATCH($A6,'Quiz 2 Grades'!$A$7:$A$58,0))="Graded",INDEX('Quiz 2 Grades'!$M$7:$M$58,MATCH($A6,'Quiz 2 Grades'!$A$7:$A$58,0)),INDEX('Quiz 2 Grades'!$Q$7:$Q$58,MATCH($A6,'Quiz 2 Grades'!$A$7:$A$58,0))),"") -> Missing | H6: =IF(ISNUMBER(G6),G6/'Quiz 2 Grades'!$M$5,"")
A7: 3 | B7: Adams | C7: Ashton | D7: =TRIM(C7&" "&B7) -> Ashton Adams | F7: =IF(E7="","Unassigned",IFERROR(IF(INDEX(Groups!$B$5:$B$17,MATCH(E7,Groups!$A$5:$A$17,0))="","Track not set",INDEX(Groups!$B$5:$B$17,MATCH(E7,Groups!$A$5:$A$17,0))),"Group not in table")) -> Unassigned | G7: =IFERROR(IF(INDEX('Quiz 2 Grades'!$Q$7:$Q$58,MATCH($A7,'Quiz 2 Grades'!$A$7:$A$58,0))="Graded",INDEX('Quiz 2 Grades'!$M$7:$M$58,MATCH($A7,'Quiz 2 Grades'!$A$7:$A$58,0)),INDEX('Quiz 2 Grades'!$Q$7:$Q$58,MATCH($A7,'Quiz 2 Grades'!$A$7:$A$58,0))),"") -> Missing | H7: =IF(ISNUMBER(G7),G7/'Quiz 2 Grades'!$M$5,"")
A8: 4 | B8: Albert | C8: Hayden | D8: =TRIM(C8&" "&B8) -> Hayden Albert | F8: =IF(E8="","Unassigned",IFERROR(IF(INDEX(Groups!$B$5:$B$17,MATCH(E8,Groups!$A$5:$A$17,0))="","Track not set",INDEX(Groups!$B$5:$B$17,MATCH(E8,Groups!$A$5:$A$17,0))),"Group not in table")) -> Unassigned | G8: =IFERROR(IF(INDEX('Quiz 2 Grades'!$Q$7:$Q$58,MATCH($A8,'Quiz 2 Grades'!$A$7:$A$58,0))="Graded",INDEX('Quiz 2 Grades'!$M$7:$M$58,MATCH($A8,'Quiz 2 Grades'!$A$7:$A$58,0)),INDEX('Quiz 2 Grades'!$Q$7:$Q$58,MATCH($A8,'Quiz 2 Grades'!$A$7:$A$58,0))),"") -> Missing | H8: =IF(ISNUMBER(G8),G8/'Quiz 2 Grades'!$M$5,"")
A9: 5 | B9: Allen | C9: Lani | D9: =TRIM(C9&" "&B9) -> Lani Allen | F9: =IF(E9="","Unassigned",IFERROR(IF(INDEX(Groups!$B$5:$B$17,MATCH(E9,Groups!$A$5:$A$17,0))="","Track not set",INDEX(Groups!$B$5:$B$17,MATCH(E9,Groups!$A$5:$A$17,0))),"Group not in table")) -> Unassigned | G9: =IFERROR(IF(INDEX('Quiz 2 Grades'!$Q$7:$Q$58,MATCH($A9,'Quiz 2 Grades'!$A$7:$A$58,0))="Graded",INDEX('Quiz 2 Grades'!$M$7:$M$58,MATCH($A9,'Quiz 2 Grades'!$A$7:$A$58,0)),INDEX('Quiz 2 Grades'!$Q$7:$Q$58,MATCH($A9,'Quiz 2 Grades'!$A$7:$A$58,0))),"") -> Missing | H9: =IF(ISNUMBER(G9),G9/'Quiz 2 Grades'!$M$5,"")
A10: 6 | B10: Andrade | C10: John David | D10: =TRIM(C10&" "&B10) -> John David Andrade | F10: =IF(E10="","Unassigned",IFERROR(IF(INDEX(Groups!$B$5:$B$17,MATCH(E10,Groups!$A$5:$A$17,0))="","Track not set",INDEX(Groups!$B$5:$B$17,MATCH(E10,Groups!$A$5:$A$17,0))),"Group not in table")) -> Unassigned | G10: =IFERROR(IF(INDEX('Quiz 2 Grades'!$Q$7:$Q$58,MATCH($A10,'Quiz 2 Grades'!$A$7:$A$58,0))="Graded",INDEX('Quiz 2 Grades'!$M$7:$M$58,MATCH($A10,'Quiz 2 Grades'!$A$7:$A$58,0)),INDEX('Quiz 2 Grades'!$Q$7:$Q$58,MATCH($A10,'Quiz 2 Grades'!$A$7:$A$58,0))),"") -> Missing | H10: =IF(ISNUMBER(G10),G10/'Quiz 2 Grades'!$M$5,"")
A11: 7 | B11: Atkins | C11: Landon | D11: =TRIM(C11&" "&B11) -> Landon Atkins | F11: =IF(E11="","Unassigned",IFERROR(IF(INDEX(Groups!$B$5:$B$17,MATCH(E11,Groups!$A$5:$A$17,0))="","Track not set",INDEX(Groups!$B$5:$B$17,MATCH(E11,Groups!$A$5:$A$17,0))),"Group not in table")) -> Unassigned | G11: =IFERROR(IF(INDEX('Quiz 2 Grades'!$Q$7:$Q$58,MATCH($A11,'Quiz 2 Grades'!$A$7:$A$58,0))="Graded",INDEX('Quiz 2 Grades'!$M$7:$M$58,MATCH($A11,'Quiz 2 Grades'!$A$7:$A$58,0)),INDEX('Quiz 2 Grades'!$Q$7:$Q$58,MATCH($A11,'Quiz 2 Grades'!$A$7:$A$58,0))),"") -> Missing | H11: =IF(ISNUMBER(G11),G11/'Quiz 2 Grades'!$M$5,"")
A12: 8 | B12: Borkland | C12: Ryan | D12: =TRIM(C12&" "&B12) -> Ryan Borkland | F12: =IF(E12="","Unassigned",IFERROR(IF(INDEX(Groups!$B$5:$B$17,MATCH(E12,Groups!$A$5:$A$17,0))="","Track not set",INDEX(Groups!$B$5:$B$17,MATCH(E12,Groups!$A$5:$A$17,0))),"Group not in table")) -> Unassigned | G12: =IFERROR(IF(INDEX('Quiz 2 Grades'!$Q$7:$Q$58,MATCH($A12,'Quiz 2 Grades'!$A$7:$A$58,0))="Graded",INDEX('Quiz 2 Grades'!$M$7:$M$58,MATCH($A12,'Quiz 2 Grades'!$A$7:$A$58,0)),INDEX('Quiz 2 Grades'!$Q$7:$Q$58,MATCH($A12,'Quiz 2 Grades'!$A$7:$A$58,0))),"") -> Missing | H12: =IF(ISNUMBER(G12),G12/'Quiz 2 Grades'!$M$5,"")
A13: 9 | B13: Brown | C13: Jermy | D13: =TRIM(C13&" "&B13) -> Jermy Brown | F13: =IF(E13="","Unassigned",IFERROR(IF(INDEX(Groups!$B$5:$B$17,MATCH(E13,Groups!$A$5:$A$17,0))="","Track not set",INDEX(Groups!$B$5:$B$17,MATCH(E13,Groups!$A$5:$A$17,0))),"Group not in table")) -> Unassigned | G13: =IFERROR(IF(INDEX('Quiz 2 Grades'!$Q$7:$Q$58,MATCH($A13,'Quiz 2 Grades'!$A$7:$A$58,0))="Graded",INDEX('Quiz 2 Grades'!$M$7:$M$58,MATCH($A13,'Quiz 2 Grades'!$A$7:$A$58,0)),INDEX('Quiz 2 Grades'!$Q$7:$Q$58,MATCH($A13,'Quiz 2 Grades'!$A$7:$A$58,0))),"") -> Missing | H13: =IF(ISNUMBER(G13),G13/'Quiz 2 Grades'!$M$5,"")
A14: 10 | B14: Calderon | C14: Eric | D14: =TRIM(C14&" "&B14) -> Eric Calderon | F14: =IF(E14="","Unassigned",IFERROR(IF(INDEX(Groups!$B$5:$B$17,MATCH(E14,Groups!$A$5:$A$17,0))="","Track not set",INDEX(Groups!$B$5:$B$17,MATCH(E14,Groups!$A$5:$A$17,0))),"Group not in table")) -> Unassigned | G14: =IFERROR(IF(INDEX('Quiz 2 Grades'!$Q$7:$Q$58,MATCH($A14,'Quiz 2 Grades'!$A$7:$A$58,0))="Graded",INDEX('Quiz 2 Grades'!$M$7:$M$58,MATCH($A14,'Quiz 2 Grades'!$A$7:$A$58,0)),INDEX('Quiz 2 Grades'!$Q$7:$Q$58,MATCH($A14,'Quiz 2 Grades'!$A$7:$A$58,0))),"") -> Missing | H14: =IF(ISNUMBER(G14),G14/'Quiz 2 Grades'!$M$5,"")
A15: 11 | B15: Camarillo | C15: Angel | D15: =TRIM(C15&" "&B15) -> Angel Camarillo | F15: =IF(E15="","Unassigned",IFERROR(IF(INDEX(Groups!$B$5:$B$17,MATCH(E15,Groups!$A$5:$A$17,0))="","Track not set",INDEX(Groups!$B$5:$B$17,MATCH(E15,Groups!$A$5:$A$17,0))),"Group not in table")) -> Unassigned | G15: =IFERROR(IF(INDEX('Quiz 2 Grades'!$Q$7:$Q$58,MATCH($A15,'Quiz 2 Grades'!$A$7:$A$58,0))="Graded",INDEX('Quiz 2 Grades'!$M$7:$M$58,MATCH($A15,'Quiz 2 Grades'!$A$7:$A$58,0)),INDEX('Quiz 2 Grades'!$Q$7:$Q$58,MATCH($A15,'Quiz 2 Grades'!$A$7:$A$58,0))),"") -> Missing | H15: =IF(ISNUMBER(G15),G15/'Quiz 2 Grades'!$M$5,"")
A16: 12 | B16: Cappel | C16: Gavin | D16: =TRIM(C16&" "&B16) -> Gavin Cappel | F16: =IF(E16="","Unassigned",IFERROR(IF(INDEX(Groups!$B$5:$B$17,MATCH(E16,Groups!$A$5:$A$17,0))="","Track not set",INDEX(Groups!$B$5:$B$17,MATCH(E16,Groups!$A$5:$A$17,0))),"Group not in table")) -> Unassigned | G16: =IFERROR(IF(INDEX('Quiz 2 Grades'!$Q$7:$Q$58,MATCH($A16,'Quiz 2 Grades'!$A$7:$A$58,0))="Graded",INDEX('Quiz 2 Grades'!$M$7:$M$58,MATCH($A16,'Quiz 2 Grades'!$A$7:$A$58,0)),INDEX('Quiz 2 Grades'!$Q$7:$Q$58,MATCH($A16,'Quiz 2 Grades'!$A$7:$A$58,0))),"") -> Missing | H16: =IF(ISNUMBER(G16),G16/'Quiz 2 Grades'!$M$5,"")
... A56: 52 | B56: Wildman | C56: Shaman | D56: =TRIM(C56&" "&B56) -> Shaman Wildman | F56: =IF(E56="","Unassigned",IFERROR(IF(INDEX(Groups!$B$5:$B$17,MATCH(E56,Groups!$A$5:$A$17,0))="","Track not set",INDEX(Groups!$B$5:$B$17,MATCH(E56,Groups!$A$5:$A$17,0))),"Group not in table")) -> Unassigned | G56: =IFERROR(IF(INDEX('Quiz 2 Grades'!$Q$7:$Q$58,MATCH($A56,'Quiz 2 Grades'!$A$7:$A$58,0))="Graded",INDEX('Quiz 2 Grades'!$M$7:$M$58,MATCH($A56,'Quiz 2 Grades'!$A$7:$A$58,0)),INDEX('Quiz 2 Grades'!$Q$7:$Q$58,MATCH($A56,'Quiz 2 Grades'!$A$7:$A$58,0))),"") -> Missing | H56: =IF(ISNUMBER(G56),G56/'Quiz 2 Grades'!$M$5,"")

Sheet Groups
A1: Project Groups
A2: Choose each group's project track (blue). Students are assigned on the Roster tab (column E). Group size, size check and averages are formulas.
A4: Group # | B4: Project Track (choose) | C4: # Students | D4: Size check | E4: Avg Quiz 2 %
A5: 1 | C5: =COUNTIF(Roster!$E$5:$E$56,A5) -> 0 | D5: =IF(C5=0,"",IF(OR(C5<$C$26,C5>$C$27),"Check size","OK")) | E5: =IFERROR(AVERAGEIF(Roster!$E$5:$E$56,A5,Roster!$H$5:$H$56),"")
A6: 2 | C6: =COUNTIF(Roster!$E$5:$E$56,A6) -> 0 | D6: =IF(C6=0,"",IF(OR(C6<$C$26,C6>$C$27),"Check size","OK")) | E6: =IFERROR(AVERAGEIF(Roster!$E$5:$E$56,A6,Roster!$H$5:$H$56),"")
A7: 3 | C7: =COUNTIF(Roster!$E$5:$E$56,A7) -> 0 | D7: =IF(C7=0,"",IF(OR(C7<$C$26,C7>$C$27),"Check size","OK")) | E7: =IFERROR(AVERAGEIF(Roster!$E$5:$E$56,A7,Roster!$H$5:$H$56),"")
A8: 4 | C8: =COUNTIF(Roster!$E$5:$E$56,A8) -> 0 | D8: =IF(C8=0,"",IF(OR(C8<$C$26,C8>$C$27),"Check size","OK")) | E8: =IFERROR(AVERAGEIF(Roster!$E$5:$E$56,A8,Roster!$H$5:$H$56),"")
A9: 5 | C9: =COUNTIF(Roster!$E$5:$E$56,A9) -> 0 | D9: =IF(C9=0,"",IF(OR(C9<$C$26,C9>$C$27),"Check size","OK")) | E9: =IFERROR(AVERAGEIF(Roster!$E$5:$E$56,A9,Roster!$H$5:$H$56),"")
A10: 6 | C10: =COUNTIF(Roster!$E$5:$E$56,A10) -> 0 | D10: =IF(C10=0,"",IF(OR(C10<$C$26,C10>$C$27),"Check size","OK")) | E10: =IFERROR(AVERAGEIF(Roster!$E$5:$E$56,A10,Roster!$H$5:$H$56),"")
A11: 7 | C11: =COUNTIF(Roster!$E$5:$E$56,A11) -> 0 | D11: =IF(C11=0,"",IF(OR(C11<$C$26,C11>$C$27),"Check size","OK")) | E11: =IFERROR(AVERAGEIF(Roster!$E$5:$E$56,A11,Roster!$H$5:$H$56),"")
A12: 8 | C12: =COUNTIF(Roster!$E$5:$E$56,A12) -> 0 | D12: =IF(C12=0,"",IF(OR(C12<$C$26,C12>$C$27),"Check size","OK")) | E12: =IFERROR(AVERAGEIF(Roster!$E$5:$E$56,A12,Roster!$H$5:$H$56),"")
A13: 9 | C13: =COUNTIF(Roster!$E$5:$E$56,A13) -> 0 | D13: =IF(C13=0,"",IF(OR(C13<$C$26,C13>$C$27),"Check size","OK")) | E13: =IFERROR(AVERAGEIF(Roster!$E$5:$E$56,A13,Roster!$H$5:$H$56),"")
A14: 10 | C14: =COUNTIF(Roster!$E$5:$E$56,A14) -> 0 | D14: =IF(C14=0,"",IF(OR(C14<$C$26,C14>$C$27),"Check size","OK")) | E14: =IFERROR(AVERAGEIF(Roster!$E$5:$E$56,A14,Roster!$H$5:$H$56),"")
A15: 11 | C15: =COUNTIF(Roster!$E$5:$E$56,A15) -> 0 | D15: =IF(C15=0,"",IF(OR(C15<$C$26,C15>$C$27),"Check size","OK")) | E15: =IFERROR(AVERAGEIF(Roster!$E$5:$E$56,A15,Roster!$H$5:$H$56),"")
A16: 12 | C16: =COUNTIF(Roster!$E$5:$E$56,A16) -> 0 | D16: =IF(C16=0,"",IF(OR(C16<$C$26,C16>$C$27),"Check size","OK")) | E16: =IFERROR(AVERAGEIF(Roster!$E$5:$E$56,A16,Roster!$H$5:$H$56),"")
A17: 13 | C17: =COUNTIF(Roster!$E$5:$E$56,A17) -> 0 | D17: =IF(C17=0,"",IF(OR(C17<$C$26,C17>$C$27),"Check size","OK")) | E17: =IFERROR(AVERAGEIF(Roster!$E$5:$E$56,A17,Roster!$H$5:$H$56),"")
A19: Class split & group sizing
A20: Students on roster | C20: =COUNTA(Roster!$B$5:$B$56) -> 52
A21: Assigned to a group | C21: =COUNT(Roster!$E$5:$E$56) -> 0
A22: Not yet assigned | C22: =COUNTBLANK(Roster!$E$5:$E$56) -> 52
A23: Methylene Blue Removal students | C23: =COUNTIF(Roster!$F$5:$F$56,"Methylene Blue Removal") -> 0
A24: Oxygenation students | C24: =COUNTIF(Roster!$F$5:$F$56,"Oxygenation") -> 0
A25: Groups on Methylene Blue Removal | C25: =COUNTIFS($B$5:$B$17,"Methylene Blue Removal",$C$5:$C$17,">0") -> 0
A26: Minimum students per group | C26: 4
A27: Maximum students per group | C27: 5
A28: Groups needed (at max size) | C28: =ROUNDUP(C20/C27,0) -> 11

Sheet Answer Key
A1: Quiz 2 — Answer Key & Grading Guide
A2: Answers are copied from the instructor's key (quizz 2 v2 – Sol VF). Points link to the Max points row of Quiz 2 Grades. Rows marked "Suggested" are grading ideas where the key gives no split; red cells = something to confirm with the instructor.
A4: Points at a glance
A5: Question | B5: What it asks | C5: Points | D5: Answer (from the key)
A6: 1.1 | B6: Weighted objective tree for Dr. Haack's device | C6: ='Quiz 2 Grades'!C5 -> 15 | D6: Local | global weights in the table under 1.1 below (leaf globals 0.15, 0.15, 0.4, 0.1, 0.06, 0.06, 0.08)
A7: 1.2 a | B7: Pugh chart: weighted total of each monitor (show work) | C7: ='Quiz 2 Grades'!D5 -> 6 | D7: Automatic arm cuff 2 · Wrist cuff 1 · Smartwatch −4 (the chart itself gives 4 for the arm cuff — see 1.2 a)
A8: 1.2 b | B8: Which monitor should the clinic choose? | C8: ='Quiz 2 Grades'!E5 -> 1 | D8: Automatic arm cuff
A9: 1.2 c | B9: Why does the smartwatch finish last? | C9: ='Quiz 2 Grades'!F5 -> 3 | D9: It scores poorly on the criteria with the highest weights — accuracy and cost
A10: 1.3 | B10: Water filter: change two criteria weights for one client | C10: ='Quiz 2 Grades'!G5 -> 10 | D10: Answers vary — one client, two new weights (1–5), each with a reasonable reason
A11: 2.1 | B11: Constraints: which statement is NOT true? | C11: ='Quiz 2 Grades'!I5 -> 5 | D11: c) Cannot be added to the objectives tree
A12: 2.2 | B12: Select the FALSE statement | C12: ='Quiz 2 Grades'!J5 -> 5 | D12: c) The engineering code of ethics encourages engineers to perform services in areas outside their competence
A13: 2.3 | B13: Team keeps explaining the data away (week-1 concept) | C13: ='Quiz 2 Grades'!K5 -> 5 | D13: b) Anchoring bias
A14: Problem 1 | B14: Objective tree, Pugh chart, water filter | C14: =SUM(C6:C10) -> 35 | D14: Key: 35 pts
A15: Problem 2 | B15: Multiple choice | C15: =SUM(C11:C13) -> 15 | D15: Key: 15 pts
A16: TOTAL | B16: Whole quiz | C16: =C14+C15 -> 50 | D16: =IF(AND(C14=35,C15=15),"✔ Matches the key (35 + 15 = 50)","✘ Differs from the key (35 + 15 = 50) — check row 5 of Quiz 2 Grades") -> ✔ Matches the key (35 + 15 = 50)
A18: Answers and how to grade each part
A19: ="1.1 Weighted objective tree — "&'Quiz 2 Grades'!C5&" pts" -> 1.1 Weighted objective tree — 15 pts
A20: Answer (key) | B20: Tree from the key (local weight | global weight): Dr. Haack device 1.0 | 1.0 → Efficient 0.3 | 0.3 (Detect elasticity 0.5 | 0.15, Detect viscosity 0.5 | 0.15) · Safe 0.5 | 0.5 (Avoid human exposure to samples 0.8 | 0.4, Avoid mechanical injuries 0.2 | 0.1) · Marketable 0.2 | 0.2 (Portable 0.3 | 0.06, Inexpensive 0.3 | 0.06, Fast 0.4 | 0.08).
A21: How to grade | B21: Suggested — the key gives 15 pts for the whole tree but no split: 1 pt for the three top-level weights (0.3 / 0.5 / 0.2), 1 pt for each of the 7 sub-objective local weights and 1 pt for each of the 7 global weights (global = parent's global × local) = 15. Quiz rule 4: if a local weight is wrong but the multiplication is right, still give the global-weight point.
A22: Level | B22: Objective | C22: Local weight (key) | D22: Global weight (key) | E22: Parent global × local | F22: Matches?
A23: 0 | B23: Dr. Haack device | C23: 1 | D23: 1 | E23: =C23 -> 1 | F23: =IF(ROUND(E23-D23,6)=0,"✔","✘ check") -> ✔
A24: 1 | B24: Efficient | C24: 0.3 | D24: 0.3 | E24: =D23*C24 -> 0.3 | F24: =IF(ROUND(E24-D24,6)=0,"✔","✘ check") -> ✔
A25: 2 | B25: Detect elasticity | C25: 0.5 | D25: 0.15 | E25: =D24*C25 -> 0.15 | F25: =IF(ROUND(E25-D25,6)=0,"✔","✘ check") -> ✔
A26: 2 | B26: Detect viscosity | C26: 0.5 | D26: 0.15 | E26: =D24*C26 -> 0.15 | F26: =IF(ROUND(E26-D26,6)=0,"✔","✘ check") -> ✔
A27: 1 | B27: Safe | C27: 0.5 | D27: 0.5 | E27: =D23*C27 -> 0.5 | F27: =IF(ROUND(E27-D27,6)=0,"✔","✘ check") -> ✔
A28: 2 | B28: Avoid human exposure to samples | C28: 0.8 | D28: 0.4 | E28: =D27*C28 -> 0.4 | F28: =IF(ROUND(E28-D28,6)=0,"✔","✘ check") -> ✔
A29: 2 | B29: Avoid mechanical injuries | C29: 0.2 | D29: 0.1 | E29: =D27*C29 -> 0.1 | F29: =IF(ROUND(E29-D29,6)=0,"✔","✘ check") -> ✔
A30: 1 | B30: Marketable | C30: 0.2 | D30: 0.2 | E30: =D23*C30 -> 0.2 | F30: =IF(ROUND(E30-D30,6)=0,"✔","✘ check") -> ✔
A31: 2 | B31: Portable | C31: 0.3 | D31: 0.06 | E31: =D30*C31 -> 0.06 | F31: =IF(ROUND(E31-D31,6)=0,"✔","✘ check") -> ✔
A32: 2 | B32: Inexpensive | C32: 0.3 | D32: 0.06 | E32: =D30*C32 -> 0.06 | F32: =IF(ROUND(E32-D32,6)=0,"✔","✘ check") -> ✔
A33: 2 | B33: Fast | C33: 0.4 | D33: 0.08 | E33: =D30*C33 -> 0.08 | F33: =IF(ROUND(E33-D33,6)=0,"✔","✘ check") -> ✔
B34: Sum of the 7 sub-objective global weights | D34: =D25+D26+D28+D29+D31+D32+D33 -> 1 | E34: =E25+E26+E28+E29+E31+E32+E33 -> 1 | F34: =IF(ROUND(D34-1,6)=0,"✔ = 1","✘ check") -> ✔ = 1
A36: ="1.2 Pugh chart, blood pressure monitor — a) "&'Quiz 2 Grades'!D5&" pts · b) "&'Quiz 2 Grades'!E5&" pt · c) "&'Quiz 2 Grades'!F5&" pts" -> 1.2 Pugh chart, blood pressure monitor — a) 6 pts · b) 1 pt · c) 3 pts
A37: 1.2 a key | B37: Automatic arm cuff: (0 x 5) + (2 x 3) + (-1 x 4) + (0 x 2) = 2 Wrist Cuff: (-1 x 5) + (2 x 3) + (-1 x 4) + (1 x 2) + (1 x 2) = 1 Smart watch: (-2 x 5) + (2 x 3) + (-2 x 4) + (2 x 2) + (2 x 2) = -4
A38: 1.2 a check | B38: The key's line for the automatic arm cuff uses 0 for data connectivity and leaves out portability, but its own chart gives the arm cuff "+" for data connectivity: (0×5) + (2×3) + (−1×4) + (1×2) + (0×2) = 4 (see the table below). Confirm with the instructor which total gets credit — suggestion: accept 2 or 4. The ranking and the 1.2 b answer do not change.
A39: 1.2 a grade | B39: Suggested: 2 pts per monitor — 1 for the work (each rating × its weight, summed over the five criteria) and 1 for the correct total.
A40: 1.2 b key | B40: Automatic arm cuff
A41: 1.2 b grade | B41: 1 pt. Suggested (quiz rule 4): also give it when the student picks the highest total from their own 1.2 a numbers.
A42: 1.2 c key | B42: It scores poorly in the categories that have a higher weight – accuracy and cost. Therefore, based on the most important criteria, it fails.
A43: 1.2 c grade | B43: Suggested: 3 pts for linking the smartwatch's low scores (– –) to the two highest-weighted criteria, accuracy (5) and cost (4); 2 pts if they name accuracy and cost but say nothing about the weights; 1 pt if they only say the weights matter without naming the criteria.
A44: Rating | B44: Criterion | C44: Weight | D44: Manual cuff (gold std.) | E44: Automatic arm cuff | F44: Wrist cuff | G44: Smartwatch
A45: ++ = +2 + = +1 S = 0 – = −1 – – = −2 | B45: Accuracy | C45: 5 | D45: 0 | E45: 0 | F45: -1 | G45: -2
B46: Ease of use | C46: 3 | D46: 0 | E46: 2 | F46: 2 | G46: 2
B47: Cost | C47: 4 | D47: 0 | E47: -1 | F47: -1 | G47: -2
B48: Data connectivity | C48: 2 | D48: 0 | E48: 1 | F48: 1 | G48: 2
B49: Portability | C49: 2 | D49: 0 | E49: 0 | F49: 1 | G49: 2
B50: Weighted total — from the chart | D50: =SUMPRODUCT($C$45:$C$49,D45:D49) -> 0 | E50: =SUMPRODUCT($C$45:$C$49,E45:E49) -> 4 | F50: =SUMPRODUCT($C$45:$C$49,F45:F49) -> 1 | G50: =SUMPRODUCT($C$45:$C$49,G45:G49) -> -4
B51: Weighted total — in the key | D51: 0 | E51: 2 | F51: 1 | G51: -4
B52: Same? | D52: =IF(D50=D51,"✔","✘ check") -> ✔ | E52: =IF(E50=E51,"✔","✘ check") -> ✘ check | F52: =IF(F50=F51,"✔","✘ check") -> ✔ | G52: =IF(G50=G51,"✔","✘ check") -> ✔
A54: ="1.3 Water filter weights for a new client — "&'Quiz 2 Grades'!G5&" pts" -> 1.3 Water filter weights for a new client — 10 pts
A55: Answer (key) | B55: Answers will vary. Full credit if they choose one "client" (backpacker, rural family on a private well, or disaster-relief agency) and describe two changes with a reasonable justification. They may have circled the client on the previous page.
A56: How to grade | B56: From the key: 5 points per criterion change with reasonable justification (10 pts total). If they did extra work and described changes for multiple clients, they can also get full credit. If they only describe one criterion change, or the justification is not reasonable, subtract 5 points per criterion.
A58: ="2 Multiple choice — "&'Quiz 2 Grades'!L5&" pts (5 each)" -> 2 Multiple choice — 15 pts (5 each)
A59: 2.1 | B59: Which one of the following is NOT true about constraints? → c) Cannot be added to the objectives tree
A60: 2.2 | B60: Select the FALSE statement → c) The engineering code of ethics encourages engineers to perform services in areas outside their competence
A61: 2.3 | B61: Team keeps explaining the benchmarking and test data away and only tweaks its week-1 idea → b) Anchoring bias
A62: How to grade | B62: 5 pts for the correct letter, 0 otherwise.

Sheet Quiz 2 Grades
A1: Quiz 2 — Grades by Student
A2: Blue cells = scores you type. Subtotals, total, %, band, rank and status are formulas. Rows turn yellow when a student has no scores. | S2: Performance bands
S3: Strong (green) if total ≥ | T3: 40
A4: Student | C4: ="Problem 1 ("&H5&" pts)" -> Problem 1 (35 pts) | I4: ="Problem 2 ("&L5&" pts)" -> Problem 2 (15 pts) | M4: Results | S4: Satisfactory (yellow) if total ≥ | T4: 26
B5: Max points | C5: 15 | D5: 6 | E5: 1 | F5: 3 | G5: 10 | H5: =SUM(C5:G5) -> 35 | I5: 5 | J5: 5 | K5: 5 | L5: =SUM(I5:K5) -> 15 | M5: =H5+L5 -> 50 | S5: Needs support (red) if total < | T5: =T4 -> 26
A6: # | B6: Student Name | C6: 1.1 | D6: 1.2 a | E6: 1.2 b | F6: 1.2 c | G6: 1.3 | H6: P1 Total | I6: 2.1 | J6: 2.2 | K6: 2.3 | L6: P2 Total | M6: TOTAL | N6: % | O6: Performance | P6: Rank | Q6: Status
A7: 1 | B7: =IFERROR(INDEX(Roster!$D$5:$D$56,MATCH($A7,Roster!$A$5:$A$56,0)),"(not on roster)") -> David Abagwe | H7: =IF(COUNT(C7:G7)=0,"",SUM(C7:G7)) | L7: =IF(COUNT(I7:K7)=0,"",SUM(I7:K7)) | M7: =IF(COUNT(C7:G7,I7:K7)=COUNT($C$5:$G$5,$I$5:$K$5),SUM(C7:G7,I7:K7),"") | N7: =IF(ISNUMBER(M7),M7/$M$5,"") | O7: =IF(ISNUMBER(M7),IF(M7>=$T$3,"Strong",IF(M7>=$T$4,"Satisfactory","Needs support")),"") | P7: =IF(ISNUMBER(M7),RANK(M7,$M$7:$M$58,0),"") | Q7: =IF(COUNT(C7:G7,I7:K7)=0,"Missing",IF(COUNT(C7:G7,I7:K7)<COUNT($C$5:$G$5,$I$5:$K$5),"Incomplete","Graded")) -> Missing
A8: 2 | B8: =IFERROR(INDEX(Roster!$D$5:$D$56,MATCH($A8,Roster!$A$5:$A$56,0)),"(not on roster)") -> Sonu Acharya | H8: =IF(COUNT(C8:G8)=0,"",SUM(C8:G8)) | L8: =IF(COUNT(I8:K8)=0,"",SUM(I8:K8)) | M8: =IF(COUNT(C8:G8,I8:K8)=COUNT($C$5:$G$5,$I$5:$K$5),SUM(C8:G8,I8:K8),"") | N8: =IF(ISNUMBER(M8),M8/$M$5,"") | O8: =IF(ISNUMBER(M8),IF(M8>=$T$3,"Strong",IF(M8>=$T$4,"Satisfactory","Needs support")),"") | P8: =IF(ISNUMBER(M8),RANK(M8,$M$7:$M$58,0),"") | Q8: =IF(COUNT(C8:G8,I8:K8)=0,"Missing",IF(COUNT(C8:G8,I8:K8)<COUNT($C$5:$G$5,$I$5:$K$5),"Incomplete","Graded")) -> Missing
A9: 3 | B9: =IFERROR(INDEX(Roster!$D$5:$D$56,MATCH($A9,Roster!$A$5:$A$56,0)),"(not on roster)") -> Ashton Adams | H9: =IF(COUNT(C9:G9)=0,"",SUM(C9:G9)) | L9: =IF(COUNT(I9:K9)=0,"",SUM(I9:K9)) | M9: =IF(COUNT(C9:G9,I9:K9)=COUNT($C$5:$G$5,$I$5:$K$5),SUM(C9:G9,I9:K9),"") | N9: =IF(ISNUMBER(M9),M9/$M$5,"") | O9: =IF(ISNUMBER(M9),IF(M9>=$T$3,"Strong",IF(M9>=$T$4,"Satisfactory","Needs support")),"") | P9: =IF(ISNUMBER(M9),RANK(M9,$M$7:$M$58,0),"") | Q9: =IF(COUNT(C9:G9,I9:K9)=0,"Missing",IF(COUNT(C9:G9,I9:K9)<COUNT($C$5:$G$5,$I$5:$K$5),"Incomplete","Graded")) -> Missing
A10: 4 | B10: =IFERROR(INDEX(Roster!$D$5:$D$56,MATCH($A10,Roster!$A$5:$A$56,0)),"(not on roster)") -> Hayden Albert | H10: =IF(COUNT(C10:G10)=0,"",SUM(C10:G10)) | L10: =IF(COUNT(I10:K10)=0,"",SUM(I10:K10)) | M10: =IF(COUNT(C10:G10,I10:K10)=COUNT($C$5:$G$5,$I$5:$K$5),SUM(C10:G10,I10:K10),"") | N10: =IF(ISNUMBER(M10),M10/$M$5,"") | O10: =IF(ISNUMBER(M10),IF(M10>=$T$3,"Strong",IF(M10>=$T$4,"Satisfactory","Needs support")),"") | P10: =IF(ISNUMBER(M10),RANK(M10,$M$7:$M$58,0),"") | Q10: =IF(COUNT(C10:G10,I10:K10)=0,"Missing",IF(COUNT(C10:G10,I10:K10)<COUNT($C$5:$G$5,$I$5:$K$5),"Incomplete","Graded")) -> Missing
A11: 5 | B11: =IFERROR(INDEX(Roster!$D$5:$D$56,MATCH($A11,Roster!$A$5:$A$56,0)),"(not on roster)") -> Lani Allen | H11: =IF(COUNT(C11:G11)=0,"",SUM(C11:G11)) | L11: =IF(COUNT(I11:K11)=0,"",SUM(I11:K11)) | M11: =IF(COUNT(C11:G11,I11:K11)=COUNT($C$5:$G$5,$I$5:$K$5),SUM(C11:G11,I11:K11),"") | N11: =IF(ISNUMBER(M11),M11/$M$5,"") | O11: =IF(ISNUMBER(M11),IF(M11>=$T$3,"Strong",IF(M11>=$T$4,"Satisfactory","Needs support")),"") | P11: =IF(ISNUMBER(M11),RANK(M11,$M$7:$M$58,0),"") | Q11: =IF(COUNT(C11:G11,I11:K11)=0,"Missing",IF(COUNT(C11:G11,I11:K11)<COUNT($C$5:$G$5,$I$5:$K$5),"Incomplete","Graded")) -> Missing
A12: 6 | B12: =IFERROR(INDEX(Roster!$D$5:$D$56,MATCH($A12,Roster!$A$5:$A$56,0)),"(not on roster)") -> John David Andrade | H12: =IF(COUNT(C12:G12)=0,"",SUM(C12:G12)) | L12: =IF(COUNT(I12:K12)=0,"",SUM(I12:K12)) | M12: =IF(COUNT(C12:G12,I12:K12)=COUNT($C$5:$G$5,$I$5:$K$5),SUM(C12:G12,I12:K12),"") | N12: =IF(ISNUMBER(M12),M12/$M$5,"") | O12: =IF(ISNUMBER(M12),IF(M12>=$T$3,"Strong",IF(M12>=$T$4,"Satisfactory","Needs support")),"") | P12: =IF(ISNUMBER(M12),RANK(M12,$M$7:$M$58,0),"") | Q12: =IF(COUNT(C12:G12,I12:K12)=0,"Missing",IF(COUNT(C12:G12,I12:K12)<COUNT($C$5:$G$5,$I$5:$K$5),"Incomplete","Graded")) -> Missing
A13: 7 | B13: =IFERROR(INDEX(Roster!$D$5:$D$56,MATCH($A13,Roster!$A$5:$A$56,0)),"(not on roster)") -> Landon Atkins | H13: =IF(COUNT(C13:G13)=0,"",SUM(C13:G13)) | L13: =IF(COUNT(I13:K13)=0,"",SUM(I13:K13)) | M13: =IF(COUNT(C13:G13,I13:K13)=COUNT($C$5:$G$5,$I$5:$K$5),SUM(C13:G13,I13:K13),"") | N13: =IF(ISNUMBER(M13),M13/$M$5,"") | O13: =IF(ISNUMBER(M13),IF(M13>=$T$3,"Strong",IF(M13>=$T$4,"Satisfactory","Needs support")),"") | P13: =IF(ISNUMBER(M13),RANK(M13,$M$7:$M$58,0),"") | Q13: =IF(COUNT(C13:G13,I13:K13)=0,"Missing",IF(COUNT(C13:G13,I13:K13)<COUNT($C$5:$G$5,$I$5:$K$5),"Incomplete","Graded")) -> Missing
A14: 8 | B14: =IFERROR(INDEX(Roster!$D$5:$D$56,MATCH($A14,Roster!$A$5:$A$56,0)),"(not on roster)") -> Ryan Borkland | H14: =IF(COUNT(C14:G14)=0,"",SUM(C14:G14)) | L14: =IF(COUNT(I14:K14)=0,"",SUM(I14:K14)) | M14: =IF(COUNT(C14:G14,I14:K14)=COUNT($C$5:$G$5,$I$5:$K$5),SUM(C14:G14,I14:K14),"") | N14: =IF(ISNUMBER(M14),M14/$M$5,"") | O14: =IF(ISNUMBER(M14),IF(M14>=$T$3,"Strong",IF(M14>=$T$4,"Satisfactory","Needs support")),"") | P14: =IF(ISNUMBER(M14),RANK(M14,$M$7:$M$58,0),"") | Q14: =IF(COUNT(C14:G14,I14:K14)=0,"Missing",IF(COUNT(C14:G14,I14:K14)<COUNT($C$5:$G$5,$I$5:$K$5),"Incomplete","Graded")) -> Missing
A15: 9 | B15: =IFERROR(INDEX(Roster!$D$5:$D$56,MATCH($A15,Roster!$A$5:$A$56,0)),"(not on roster)") -> Jermy Brown | H15: =IF(COUNT(C15:G15)=0,"",SUM(C15:G15)) | L15: =IF(COUNT(I15:K15)=0,"",SUM(I15:K15)) | M15: =IF(COUNT(C15:G15,I15:K15)=COUNT($C$5:$G$5,$I$5:$K$5),SUM(C15:G15,I15:K15),"") | N15: =IF(ISNUMBER(M15),M15/$M$5,"") | O15: =IF(ISNUMBER(M15),IF(M15>=$T$3,"Strong",IF(M15>=$T$4,"Satisfactory","Needs support")),"") | P15: =IF(ISNUMBER(M15),RANK(M15,$M$7:$M$58,0),"") | Q15: =IF(COUNT(C15:G15,I15:K15)=0,"Missing",IF(COUNT(C15:G15,I15:K15)<COUNT($C$5:$G$5,$I$5:$K$5),"Incomplete","Graded")) -> Missing
A16: 10 | B16: =IFERROR(INDEX(Roster!$D$5:$D$56,MATCH($A16,Roster!$A$5:$A$56,0)),"(not on roster)") -> Eric Calderon | H16: =IF(COUNT(C16:G16)=0,"",SUM(C16:G16)) | L16: =IF(COUNT(I16:K16)=0,"",SUM(I16:K16)) | M16: =IF(COUNT(C16:G16,I16:K16)=COUNT($C$5:$G$5,$I$5:$K$5),SUM(C16:G16,I16:K16),"") | N16: =IF(ISNUMBER(M16),M16/$M$5,"") | O16: =IF(ISNUMBER(M16),IF(M16>=$T$3,"Strong",IF(M16>=$T$4,"Satisfactory","Needs support")),"") | P16: =IF(ISNUMBER(M16),RANK(M16,$M$7:$M$58,0),"") | Q16: =IF(COUNT(C16:G16,I16:K16)=0,"Missing",IF(COUNT(C16:G16,I16:K16)<COUNT($C$5:$G$5,$I$5:$K$5),"Incomplete","Graded")) -> Missing
A17: 11 | B17: =IFERROR(INDEX(Roster!$D$5:$D$56,MATCH($A17,Roster!$A$5:$A$56,0)),"(not on roster)") -> Angel Camarillo | H17: =IF(COUNT(C17:G17)=0,"",SUM(C17:G17)) | L17: =IF(COUNT(I17:K17)=0,"",SUM(I17:K17)) | M17: =IF(COUNT(C17:G17,I17:K17)=COUNT($C$5:$G$5,$I$5:$K$5),SUM(C17:G17,I17:K17),"") | N17: =IF(ISNUMBER(M17),M17/$M$5,"") | O17: =IF(ISNUMBER(M17),IF(M17>=$T$3,"Strong",IF(M17>=$T$4,"Satisfactory","Needs support")),"") | P17: =IF(ISNUMBER(M17),RANK(M17,$M$7:$M$58,0),"") | Q17: =IF(COUNT(C17:G17,I17:K17)=0,"Missing",IF(COUNT(C17:G17,I17:K17)<COUNT($C$5:$G$5,$I$5:$K$5),"Incomplete","Graded")) -> Missing
A18: 12 | B18: =IFERROR(INDEX(Roster!$D$5:$D$56,MATCH($A18,Roster!$A$5:$A$56,0)),"(not on roster)") -> Gavin Cappel | H18: =IF(COUNT(C18:G18)=0,"",SUM(C18:G18)) | L18: =IF(COUNT(I18:K18)=0,"",SUM(I18:K18)) | M18: =IF(COUNT(C18:G18,I18:K18)=COUNT($C$5:$G$5,$I$5:$K$5),SUM(C18:G18,I18:K18),"") | N18: =IF(ISNUMBER(M18),M18/$M$5,"") | O18: =IF(ISNUMBER(M18),IF(M18>=$T$3,"Strong",IF(M18>=$T$4,"Satisfactory","Needs support")),"") | P18: =IF(ISNUMBER(M18),RANK(M18,$M$7:$M$58,0),"") | Q18: =IF(COUNT(C18:G18,I18:K18)=0,"Missing",IF(COUNT(C18:G18,I18:K18)<COUNT($C$5:$G$5,$I$5:$K$5),"Incomplete","Graded")) -> Missing
... A58: 52 | B58: =IFERROR(INDEX(Roster!$D$5:$D$56,MATCH($A58,Roster!$A$5:$A$56,0)),"(not on roster)") -> Shaman Wildman | H58: =IF(COUNT(C58:G58)=0,"",SUM(C58:G58)) | L58: =IF(COUNT(I58:K58)=0,"",SUM(I58:K58)) | M58: =IF(COUNT(C58:G58,I58:K58)=COUNT($C$5:$G$5,$I$5:$K$5),SUM(C58:G58,I58:K58),"") | N58: =IF(ISNUMBER(M58),M58/$M$5,"") | O58: =IF(ISNUMBER(M58),IF(M58>=$T$3,"Strong",IF(M58>=$T$4,"Satisfactory","Needs support")),"") | P58: =IF(ISNUMBER(M58),RANK(M58,$M$7:$M$58,0),"") | Q58: =IF(COUNT(C58:G58,I58:K58)=0,"Missing",IF(COUNT(C58:G58,I58:K58)<COUNT($C$5:$G$5,$I$5:$K$5),"Incomplete","Graded")) -> Missing
B60: Class average | C60: =IFERROR(AVERAGE(C7:C58),"") | D60: =IFERROR(AVERAGE(D7:D58),"") | E60: =IFERROR(AVERAGE(E7:E58),"") | F60: =IFERROR(AVERAGE(F7:F58),"") | G60: =IFERROR(AVERAGE(G7:G58),"") | H60: =IFERROR(AVERAGE(H7:H58),"") | I60: =IFERROR(AVERAGE(I7:I58),"") | J60: =IFERROR(AVERAGE(J7:J58),"") | ... N60: =IFERROR(AVERAGE(N7:N58),"")
B61: Average % of max | C61: =IFERROR(C60/C$5,"") | D61: =IFERROR(D60/D$5,"") | E61: =IFERROR(E60/E$5,"") | F61: =IFERROR(F60/F$5,"") | G61: =IFERROR(G60/G$5,"") | H61: =IFERROR(H60/H$5,"") | I61: =IFERROR(I60/I$5,"") | J61: =IFERROR(J60/J$5,"") | ... M61: =IFERROR(M60/M$5,"")
B62: Highest | C62: =IFERROR(MAX(C7:C58),"") -> 0 | D62: =IFERROR(MAX(D7:D58),"") -> 0 | E62: =IFERROR(MAX(E7:E58),"") -> 0 | F62: =IFERROR(MAX(F7:F58),"") -> 0 | G62: =IFERROR(MAX(G7:G58),"") -> 0 | H62: =IFERROR(MAX(H7:H58),"") -> 0 | I62: =IFERROR(MAX(I7:I58),"") -> 0 | J62: =IFERROR(MAX(J7:J58),"") -> 0 | ... N62: =IFERROR(MAX(N7:N58),"") -> 0
B63: Lowest | C63: =IFERROR(MIN(C7:C58),"") -> 0 | D63: =IFERROR(MIN(D7:D58),"") -> 0 | E63: =IFERROR(MIN(E7:E58),"") -> 0 | F63: =IFERROR(MIN(F7:F58),"") -> 0 | G63: =IFERROR(MIN(G7:G58),"") -> 0 | H63: =IFERROR(MIN(H7:H58),"") -> 0 | I63: =IFERROR(MIN(I7:I58),"") -> 0 | J63: =IFERROR(MIN(J7:J58),"") -> 0 | ... N63: =IFERROR(MIN(N7:N58),"") -> 0
B64: Students graded | C64: =IFERROR(COUNT(C7:C58),"") -> 0 | D64: =IFERROR(COUNT(D7:D58),"") -> 0 | E64: =IFERROR(COUNT(E7:E58),"") -> 0 | F64: =IFERROR(COUNT(F7:F58),"") -> 0 | G64: =IFERROR(COUNT(G7:G58),"") -> 0 | H64: =IFERROR(COUNT(H7:H58),"") -> 0 | I64: =IFERROR(COUNT(I7:I58),"") -> 0 | J64: =IFERROR(COUNT(J7:J58),"") -> 0 | ... M64: =IFERROR(COUNT(M7:M58),"") -> 0
B65: Totals, ranks and statistics include only fully graded quizzes (Status = Graded).

Sheet Performance per Problem
A1: Performance per Problem
A2: All statistics are formulas that read the Quiz 2 Grades sheet (students with no scores are excluded). Use the Flag column to decide what to review in class.
A4: Question | B4: Max Pts | C4: # Graded | D4: Average | E4: Average % | F4: Median | G4: Std Dev | H4: Lowest | I4: Highest | J4: # Full Marks | K4: % Full Marks | L4: # Zeros | M4: % Zeros | N4: Flag | P4: Flag thresholds
A5: ='Quiz 2 Grades'!C6 -> 1.1 | B5: ='Quiz 2 Grades'!C$5 -> 15 | C5: =COUNT('Quiz 2 Grades'!C$7:C$58) -> 0 | D5: =IFERROR(AVERAGE('Quiz 2 Grades'!C$7:C$58),"") | E5: =IFERROR(D5/B5,"") | F5: =IFERROR(MEDIAN('Quiz 2 Grades'!C$7:C$58),"") | G5: =IFERROR(STDEV('Quiz 2 Grades'!C$7:C$58),"") | H5: =IFERROR(MIN('Quiz 2 Grades'!C$7:C$58),"") -> 0 | I5: =IFERROR(MAX('Quiz 2 Grades'!C$7:C$58),"") -> 0 | J5: =COUNTIF('Quiz 2 Grades'!C$7:C$58,B5) -> 0 | K5: =IFERROR(J5/C5,"") | L5: =COUNTIF('Quiz 2 Grades'!C$7:C$58,0) -> 0 | M5: =IFERROR(L5/C5,"") | N5: =IF(ISNUMBER(E5),IF(OR(E5<$Q$6,AND(ISNUMBER(M5),M5>=$Q$7)),"Review in class",IF(E5<$Q$5,"Monitor","OK")),"") | P5: OK if average % ≥ | Q5: 0.75
A6: ='Quiz 2 Grades'!D6 -> 1.2 a | B6: ='Quiz 2 Grades'!D$5 -> 6 | C6: =COUNT('Quiz 2 Grades'!D$7:D$58) -> 0 | D6: =IFERROR(AVERAGE('Quiz 2 Grades'!D$7:D$58),"") | E6: =IFERROR(D6/B6,"") | F6: =IFERROR(MEDIAN('Quiz 2 Grades'!D$7:D$58),"") | G6: =IFERROR(STDEV('Quiz 2 Grades'!D$7:D$58),"") | H6: =IFERROR(MIN('Quiz 2 Grades'!D$7:D$58),"") -> 0 | I6: =IFERROR(MAX('Quiz 2 Grades'!D$7:D$58),"") -> 0 | J6: =COUNTIF('Quiz 2 Grades'!D$7:D$58,B6) -> 0 | K6: =IFERROR(J6/C6,"") | L6: =COUNTIF('Quiz 2 Grades'!D$7:D$58,0) -> 0 | M6: =IFERROR(L6/C6,"") | N6: =IF(ISNUMBER(E6),IF(OR(E6<$Q$6,AND(ISNUMBER(M6),M6>=$Q$7)),"Review in class",IF(E6<$Q$5,"Monitor","OK")),"") | P6: Review in class if average % < | Q6: 0.6
A7: ='Quiz 2 Grades'!E6 -> 1.2 b | B7: ='Quiz 2 Grades'!E$5 -> 1 | C7: =COUNT('Quiz 2 Grades'!E$7:E$58) -> 0 | D7: =IFERROR(AVERAGE('Quiz 2 Grades'!E$7:E$58),"") | E7: =IFERROR(D7/B7,"") | F7: =IFERROR(MEDIAN('Quiz 2 Grades'!E$7:E$58),"") | G7: =IFERROR(STDEV('Quiz 2 Grades'!E$7:E$58),"") | H7: =IFERROR(MIN('Quiz 2 Grades'!E$7:E$58),"") -> 0 | I7: =IFERROR(MAX('Quiz 2 Grades'!E$7:E$58),"") -> 0 | J7: =COUNTIF('Quiz 2 Grades'!E$7:E$58,B7) -> 0 | K7: =IFERROR(J7/C7,"") | L7: =COUNTIF('Quiz 2 Grades'!E$7:E$58,0) -> 0 | M7: =IFERROR(L7/C7,"") | N7: =IF(ISNUMBER(E7),IF(OR(E7<$Q$6,AND(ISNUMBER(M7),M7>=$Q$7)),"Review in class",IF(E7<$Q$5,"Monitor","OK")),"") | P7: …or if % of zeros ≥ | Q7: 0.25
A8: ='Quiz 2 Grades'!F6 -> 1.2 c | B8: ='Quiz 2 Grades'!F$5 -> 3 | C8: =COUNT('Quiz 2 Grades'!F$7:F$58) -> 0 | D8: =IFERROR(AVERAGE('Quiz 2 Grades'!F$7:F$58),"") | E8: =IFERROR(D8/B8,"") | F8: =IFERROR(MEDIAN('Quiz 2 Grades'!F$7:F$58),"") | G8: =IFERROR(STDEV('Quiz 2 Grades'!F$7:F$58),"") | H8: =IFERROR(MIN('Quiz 2 Grades'!F$7:F$58),"") -> 0 | I8: =IFERROR(MAX('Quiz 2 Grades'!F$7:F$58),"") -> 0 | J8: =COUNTIF('Quiz 2 Grades'!F$7:F$58,B8) -> 0 | K8: =IFERROR(J8/C8,"") | L8: =COUNTIF('Quiz 2 Grades'!F$7:F$58,0) -> 0 | M8: =IFERROR(L8/C8,"") | N8: =IF(ISNUMBER(E8),IF(OR(E8<$Q$6,AND(ISNUMBER(M8),M8>=$Q$7)),"Review in class",IF(E8<$Q$5,"Monitor","OK")),"") | P8: (otherwise, below the OK line = Monitor)
A9: ='Quiz 2 Grades'!G6 -> 1.3 | B9: ='Quiz 2 Grades'!G$5 -> 10 | C9: =COUNT('Quiz 2 Grades'!G$7:G$58) -> 0 | D9: =IFERROR(AVERAGE('Quiz 2 Grades'!G$7:G$58),"") | E9: =IFERROR(D9/B9,"") | F9: =IFERROR(MEDIAN('Quiz 2 Grades'!G$7:G$58),"") | G9: =IFERROR(STDEV('Quiz 2 Grades'!G$7:G$58),"") | H9: =IFERROR(MIN('Quiz 2 Grades'!G$7:G$58),"") -> 0 | I9: =IFERROR(MAX('Quiz 2 Grades'!G$7:G$58),"") -> 0 | J9: =COUNTIF('Quiz 2 Grades'!G$7:G$58,B9) -> 0 | K9: =IFERROR(J9/C9,"") | L9: =COUNTIF('Quiz 2 Grades'!G$7:G$58,0) -> 0 | M9: =IFERROR(L9/C9,"") | N9: =IF(ISNUMBER(E9),IF(OR(E9<$Q$6,AND(ISNUMBER(M9),M9>=$Q$7)),"Review in class",IF(E9<$Q$5,"Monitor","OK")),"")
A10: ='Quiz 2 Grades'!I6 -> 2.1 | B10: ='Quiz 2 Grades'!I$5 -> 5 | C10: =COUNT('Quiz 2 Grades'!I$7:I$58) -> 0 | D10: =IFERROR(AVERAGE('Quiz 2 Grades'!I$7:I$58),"") | E10: =IFERROR(D10/B10,"") | F10: =IFERROR(MEDIAN('Quiz 2 Grades'!I$7:I$58),"") | G10: =IFERROR(STDEV('Quiz 2 Grades'!I$7:I$58),"") | H10: =IFERROR(MIN('Quiz 2 Grades'!I$7:I$58),"") -> 0 | I10: =IFERROR(MAX('Quiz 2 Grades'!I$7:I$58),"") -> 0 | J10: =COUNTIF('Quiz 2 Grades'!I$7:I$58,B10) -> 0 | K10: =IFERROR(J10/C10,"") | L10: =COUNTIF('Quiz 2 Grades'!I$7:I$58,0) -> 0 | M10: =IFERROR(L10/C10,"") | N10: =IF(ISNUMBER(E10),IF(OR(E10<$Q$6,AND(ISNUMBER(M10),M10>=$Q$7)),"Review in class",IF(E10<$Q$5,"Monitor","OK")),"")
A11: ='Quiz 2 Grades'!J6 -> 2.2 | B11: ='Quiz 2 Grades'!J$5 -> 5 | C11: =COUNT('Quiz 2 Grades'!J$7:J$58) -> 0 | D11: =IFERROR(AVERAGE('Quiz 2 Grades'!J$7:J$58),"") | E11: =IFERROR(D11/B11,"") | F11: =IFERROR(MEDIAN('Quiz 2 Grades'!J$7:J$58),"") | G11: =IFERROR(STDEV('Quiz 2 Grades'!J$7:J$58),"") | H11: =IFERROR(MIN('Quiz 2 Grades'!J$7:J$58),"") -> 0 | I11: =IFERROR(MAX('Quiz 2 Grades'!J$7:J$58),"") -> 0 | J11: =COUNTIF('Quiz 2 Grades'!J$7:J$58,B11) -> 0 | K11: =IFERROR(J11/C11,"") | L11: =COUNTIF('Quiz 2 Grades'!J$7:J$58,0) -> 0 | M11: =IFERROR(L11/C11,"") | N11: =IF(ISNUMBER(E11),IF(OR(E11<$Q$6,AND(ISNUMBER(M11),M11>=$Q$7)),"Review in class",IF(E11<$Q$5,"Monitor","OK")),"")
A12: ='Quiz 2 Grades'!K6 -> 2.3 | B12: ='Quiz 2 Grades'!K$5 -> 5 | C12: =COUNT('Quiz 2 Grades'!K$7:K$58) -> 0 | D12: =IFERROR(AVERAGE('Quiz 2 Grades'!K$7:K$58),"") | E12: =IFERROR(D12/B12,"") | F12: =IFERROR(MEDIAN('Quiz 2 Grades'!K$7:K$58),"") | G12: =IFERROR(STDEV('Quiz 2 Grades'!K$7:K$58),"") | H12: =IFERROR(MIN('Quiz 2 Grades'!K$7:K$58),"") -> 0 | I12: =IFERROR(MAX('Quiz 2 Grades'!K$7:K$58),"") -> 0 | J12: =COUNTIF('Quiz 2 Grades'!K$7:K$58,B12) -> 0 | K12: =IFERROR(J12/C12,"") | L12: =COUNTIF('Quiz 2 Grades'!K$7:K$58,0) -> 0 | M12: =IFERROR(L12/C12,"") | N12: =IF(ISNUMBER(E12),IF(OR(E12<$Q$6,AND(ISNUMBER(M12),M12>=$Q$7)),"Review in class",IF(E12<$Q$5,"Monitor","OK")),"")
A13: Problem 1 total | B13: ='Quiz 2 Grades'!H$5 -> 35 | C13: =COUNT('Quiz 2 Grades'!H$7:H$58) -> 0 | D13: =IFERROR(AVERAGE('Quiz 2 Grades'!H$7:H$58),"") | E13: =IFERROR(D13/B13,"") | F13: =IFERROR(MEDIAN('Quiz 2 Grades'!H$7:H$58),"") | G13: =IFERROR(STDEV('Quiz 2 Grades'!H$7:H$58),"") | H13: =IFERROR(MIN('Quiz 2 Grades'!H$7:H$58),"") -> 0 | I13: =IFERROR(MAX('Quiz 2 Grades'!H$7:H$58),"") -> 0 | J13: =COUNTIF('Quiz 2 Grades'!H$7:H$58,B13) -> 0 | K13: =IFERROR(J13/C13,"") | L13: =COUNTIF('Quiz 2 Grades'!H$7:H$58,0) -> 0 | M13: =IFERROR(L13/C13,"") | N13: =IF(ISNUMBER(E13),IF(OR(E13<$Q$6,AND(ISNUMBER(M13),M13>=$Q$7)),"Review in class",IF(E13<$Q$5,"Monitor","OK")),"")
A14: Problem 2 total | B14: ='Quiz 2 Grades'!L$5 -> 15 | C14: =COUNT('Quiz 2 Grades'!L$7:L$58) -> 0 | D14: =IFERROR(AVERAGE('Quiz 2 Grades'!L$7:L$58),"") | E14: =IFERROR(D14/B14,"") | F14: =IFERROR(MEDIAN('Quiz 2 Grades'!L$7:L$58),"") | G14: =IFERROR(STDEV('Quiz 2 Grades'!L$7:L$58),"") | H14: =IFERROR(MIN('Quiz 2 Grades'!L$7:L$58),"") -> 0 | I14: =IFERROR(MAX('Quiz 2 Grades'!L$7:L$58),"") -> 0 | J14: =COUNTIF('Quiz 2 Grades'!L$7:L$58,B14) -> 0 | K14: =IFERROR(J14/C14,"") | L14: =COUNTIF('Quiz 2 Grades'!L$7:L$58,0) -> 0 | M14: =IFERROR(L14/C14,"") | N14: =IF(ISNUMBER(E14),IF(OR(E14<$Q$6,AND(ISNUMBER(M14),M14>=$Q$7)),"Review in class",IF(E14<$Q$5,"Monitor","OK")),"")
A15: QUIZ TOTAL | B15: ='Quiz 2 Grades'!M$5 -> 50 | C15: =COUNT('Quiz 2 Grades'!M$7:M$58) -> 0 | D15: =IFERROR(AVERAGE('Quiz 2 Grades'!M$7:M$58),"") | E15: =IFERROR(D15/B15,"") | F15: =IFERROR(MEDIAN('Quiz 2 Grades'!M$7:M$58),"") | G15: =IFERROR(STDEV('Quiz 2 Grades'!M$7:M$58),"") | H15: =IFERROR(MIN('Quiz 2 Grades'!M$7:M$58),"") -> 0 | I15: =IFERROR(MAX('Quiz 2 Grades'!M$7:M$58),"") -> 0 | J15: =COUNTIF('Quiz 2 Grades'!M$7:M$58,B15) -> 0 | K15: =IFERROR(J15/C15,"") | L15: =COUNTIF('Quiz 2 Grades'!M$7:M$58,0) -> 0 | M15: =IFERROR(L15/C15,"") | N15: =IF(ISNUMBER(E15),IF(OR(E15<$Q$6,AND(ISNUMBER(M15),M15>=$Q$7)),"Review in class",IF(E15<$Q$5,"Monitor","OK")),"")

Sheet Class Summary
A1: Quiz 2 — Class Summary
A2: Everything on this sheet is calculated from the Quiz 2 Grades and Roster sheets (fully graded quizzes only).
A4: At a glance | E4: Performance bands
A5: Students on roster | B5: =COUNTA(Roster!$B$5:$B$56) -> 52 | E5: Band | F5: Range | G5: # Students | H5: % of graded
A6: Quizzes fully graded | B6: =COUNTIF('Quiz 2 Grades'!$Q$7:$Q$58,"Graded") -> 0 | E6: Strong | F6: ="≥ "&'Quiz 2 Grades'!$T$3 -> ≥ 40 | G6: =COUNTIF('Quiz 2 Grades'!$O$7:$O$58,E6) -> 0 | H6: =IFERROR(G6/SUM($G$6:$G$8),"")
A7: Incomplete (some scores missing) | B7: =COUNTIF('Quiz 2 Grades'!$Q$7:$Q$58,"Incomplete") -> 0 | E7: Satisfactory | F7: ='Quiz 2 Grades'!$T$4&" – "&('Quiz 2 Grades'!$T$3-1) -> 26 – 39 | G7: =COUNTIF('Quiz 2 Grades'!$O$7:$O$58,E7) -> 0 | H7: =IFERROR(G7/SUM($G$6:$G$8),"")
A8: Missing (no scores) | B8: =COUNTIF('Quiz 2 Grades'!$Q$7:$Q$58,"Missing") -> 52 | E8: Needs support | F8: ="< "&'Quiz 2 Grades'!$T$4 -> < 26 | G8: =COUNTIF('Quiz 2 Grades'!$O$7:$O$58,E8) -> 0 | H8: =IFERROR(G8/SUM($G$6:$G$8),"")
A9: Class average (/50) | B9: =IFERROR(AVERAGE('Quiz 2 Grades'!$M$7:$M$58),"") | E9: Total graded | G9: =SUM(G6:G8) -> 0
A10: Class average (%) | B10: =IFERROR(B9/'Quiz 2 Grades'!$M$5,"")
A11: Median (/50) | B11: =IFERROR(MEDIAN('Quiz 2 Grades'!$M$7:$M$58),"")
A12: Standard deviation | B12: =IFERROR(STDEV('Quiz 2 Grades'!$M$7:$M$58),"")
A13: Highest score | B13: =IFERROR(MAX('Quiz 2 Grades'!$M$7:$M$58),"") -> 0
A14: Lowest score | B14: =IFERROR(MIN('Quiz 2 Grades'!$M$7:$M$58),"") -> 0
A16: Score distribution (total /50)
A17: Score range | B17: From | C17: To | D17: # Students
A18: =B18&"–"&C18 -> 0–9 | B18: 0 | C18: 9 | D18: =COUNTIFS('Quiz 2 Grades'!$M$7:$M$58,">="&B18,'Quiz 2 Grades'!$M$7:$M$58,"<"&(C18+1)) -> 0
A19: =B19&"–"&C19 -> 10–19 | B19: 10 | C19: 19 | D19: =COUNTIFS('Quiz 2 Grades'!$M$7:$M$58,">="&B19,'Quiz 2 Grades'!$M$7:$M$58,"<"&(C19+1)) -> 0
A20: =B20&"–"&C20 -> 20–29 | B20: 20 | C20: 29 | D20: =COUNTIFS('Quiz 2 Grades'!$M$7:$M$58,">="&B20,'Quiz 2 Grades'!$M$7:$M$58,"<"&(C20+1)) -> 0
A21: =B21&"–"&C21 -> 30–39 | B21: 30 | C21: 39 | D21: =COUNTIFS('Quiz 2 Grades'!$M$7:$M$58,">="&B21,'Quiz 2 Grades'!$M$7:$M$58,"<"&(C21+1)) -> 0
A22: =B22&"–"&C22 -> 40–50 | B22: 40 | C22: 50 | D22: =COUNTIFS('Quiz 2 Grades'!$M$7:$M$58,">="&B22,'Quiz 2 Grades'!$M$7:$M$58,"<"&(C22+1)) -> 0
A23: Total | D23: =SUM(D18:D22) -> 0
A24: Check: equals quizzes fully graded? | D24: =IF(D23=B6,"✔ OK","Check bins") -> ✔ OK

Sheet Statistical Analysis
A1: Statistical Analysis — Quiz 2 (Gaussian fit)
A2: Every value is a formula over the fully graded Quiz 2 totals, so the analysis updates when grades change. Blue cells = settings you can change. Tests use α = 0.05 (cell B34).
A4: Key findings (these sentences update automatically)
A5: =IF(nGraded<2,"Center: shown once at least 2 quizzes are fully graded (now "&nGraded&").","Center: mean "&TEXT(MeanScore,"0.0")&" / "&MaxScore&" ("&TEXT(MeanScore/MaxScore,"0%")&"), median "&TEXT(MedianScore,"0.0")&" ("&TEXT(MedianScore/MaxScore,"0%")&"). "&TEXT($B$35,"0%")&" confidence interval for the class mean: "&TEXT($B$21,"0.0")&" – "&TEXT($B$22,"0.0")&" points (n = "&nGraded&").") -> Center: shown once at least 2 quizzes are fully graded (now 0).
A6: =IF(nGraded<2,"Spread: shown once at least 2 quizzes are fully graded (now "&nGraded&").","Spread: standard deviation "&TEXT(SDScore,"0.0")&" points (CV "&TEXT($B$29,"0%")&"). The middle 50% of students scored between "&TEXT($B$24,"0")&" and "&TEXT($B$25,"0")&"; range "&$B$23&" – "&$B$26&".") -> Spread: shown once at least 2 quizzes are fully graded (now 0).
A7: =IF(nGraded<4,"Shape: shown once at least 4 quizzes are fully graded (now "&nGraded&").",IF(SkewScore<=-0.5,"Shape: left-skewed (skewness "&TEXT(SkewScore,"0.00")&") — most students scored high, with a tail of low scores, so the median ("&TEXT(MedianScore,"0.0")&") describes the typical student better than the mean.",IF(SkewScore>=0.5,"Shape: right-skewed (skewness "&TEXT(SkewScore,"0.00")&") — most students scored low with a few high scores.","Shape: roughly symmetric (skewness "&TEXT(SkewScore,"0.00")&")."))&IF(KurtScore<=-0.5," The peak is flatter than a bell curve (excess kurtosis "&TEXT(KurtScore,"0.00")&"): scores are spread out rather than piled up near the mean.",IF(KurtScore>=0.5," The peak is sharper than a bell curve (excess kurtosis "&TEXT(KurtScore,"0.00")&").",""))) -> Shape: shown once at least 4 quizzes are fully graded (now 0).
A8: =IF(nGraded<12,"Normality: need at least 12 graded quizzes.",IF(AND($L$19>=Alpha,$L$18>=Alpha),"Normality: consistent with a Gaussian distribution (Shapiro–Wilk p = "&TEXT($L$19,"0.000")&", Anderson–Darling p = "&TEXT($L$18,"0.000")&"), so z-scores and σ-bands are a fair summary of standing.",IF(AND($L$19<Alpha,$L$18<Alpha),"Normality: the scores are NOT Gaussian (Shapiro–Wilk p = "&TEXT($L$19,"0.000")&", Anderson–Darling p = "&TEXT($L$18,"0.000")&") — see the shape and ceiling notes. Use the median and percentiles as the main summary and treat z-scores as approximate; avoid curving grades with a normal curve.","Normality: borderline — Shapiro–Wilk p = "&TEXT($L$19,"0.000")&", Anderson–Darling p = "&TEXT($L$18,"0.000")&". The Gaussian curve is a rough approximation only."))) -> Normality: need at least 12 graded quizzes.
A9: =IF(nGraded<2,"Ceiling: shown once at least 2 quizzes are fully graded (now "&nGraded&").","Ceiling: a Gaussian curve with this mean and SD would place "&TEXT(G51,"0.0%")&" of students above the maximum of "&MaxScore&" points, and "&COUNTIF(Totals,MaxScore)&" students scored exactly "&MaxScore&"."&IF(G51>=0.05," This ceiling effect means the quiz could not separate the strongest students (and is one reason the distribution is not bell-shaped).","")) -> Ceiling: shown once at least 2 quizzes are fully graded (now 0).
A10: =IF(nGraded<2,"Lower tail: shown once at least 2 quizzes are fully graded (now "&nGraded&").","Lower tail: "&COUNTIF(Totals,"<"&(MeanScore-SDScore))&" students scored more than 1σ below the mean (below "&TEXT(MeanScore-SDScore,"0.0")&") and "&COUNTIF(Totals,"<"&(MeanScore-2*SDScore))&" more than 2σ below (below "&TEXT(MeanScore-2*SDScore,"0.0")&"); a Gaussian curve predicts "&TEXT(nGraded*(1-NORMSDIST(1)),"0")&" and "&TEXT(nGraded*(1-NORMSDIST(2)),"0")&". See section 6 for names.") -> Lower tail: shown once at least 2 quizzes are fully graded (now 0).
A11: =IFERROR("Questions: reliability (Cronbach's α) = "&TEXT(C65,"0.00")&" ("&LOWER(D65)&"). Hardest question: "&INDEX(A57:A64,MATCH(MIN(D57:D64),D57:D64,0))&" (average "&TEXT(MIN(D57:D64),"0%")&"). Weakest at separating strong from weak students: "&INDEX(A57:A64,MATCH(MIN(F57:F64),F57:F64,0))&" (item–rest r = "&TEXT(MIN(F57:F64),"0.00")&").","Questions: not enough graded quizzes for item analysis.") -> Questions: not enough graded quizzes for item analysis.
A13: 1. Descriptive statistics | J13: 2. Is the class distribution Gaussian? (normality tests) | P13: Calculation helpers (formulas — do not edit) | Y13: Test intermediates | AB13: Graded-only data for item analysis (formulas — do not edit)
A14: Statistic | B14: Value | C14: Note | J14: Test | K14: Statistic | L14: p-value | M14: Verdict | N14: What it checks | P14: i | Q14: Sorted score y(i) | R14: Plot position p | S14: Normal quantile m | T14: Expected score (Q–Q x) | U14: SW weight a | V14: a × y(i) | W14: AD term | AB14: Total | AC14: 1.1 | AD14: 1.2 a | AE14: 1.2 b | AF14: 1.2 c | AG14: 1.3 | AH14: 2.1 | AI14: 2.2 | AJ14: 2.3 | AK14: Rest 1.1 | AL14: Rest 1.2 a | AM14: Rest 1.2 b | AN14: Rest 1.2 c | AO14: Rest 1.3 | AP14: Rest 2.1 | AQ14: Rest 2.2 | AR14: Rest 2.3
A15: Graded quizzes (n) | B15: =COUNT(Totals) -> 0 | C15: Only fully graded quizzes count | J15: Skewness z-test | K15: =IFERROR(SkewScore/$Z$33,"") | L15: =IFERROR(2*(1-NORMSDIST(ABS(K15))),"") | M15: =IF(ISNUMBER(L15),IF(L15<Alpha,"Not normal (p < α)","Consistent with normal"),"") | N15: Symmetry (z = skewness ÷ its standard error) | P15: 1 | Q15: =IF(P15<=nGraded,SMALL(Totals,P15),NA()) -> #N/A | R15: =IF(P15<=nGraded,(P15-0.375)/(nGraded+0.25),"") | S15: =IF(P15<=nGraded,NORMSINV(R15),"") | T15: =IFERROR(IF(P15<=nGraded,MeanScore+SDScore*S15,NA()),NA()) -> #N/A | U15: =IFERROR(IF(P15>nGraded,"",IF(P15=nGraded,$Z$19,IF(P15=nGraded-1,$Z$20,IF(P15=1,-$Z$19,IF(P15=2,-$Z$20,S15/SQRT($Z$21)))))),"") | V15: =IFERROR(IF(P15<=nGraded,U15*Q15,""),"") | W15: =IFERROR(IF(P15<=nGraded,(2*P15-1)*(LN(NORMDIST(Q15,MeanScore,SDScore,TRUE()))+LN(1-NORMDIST(LARGE(Totals,P15),MeanScore,SDScore,TRUE()))),""),"") | Y15: Σ m² | Z15: =IFERROR(SUMSQ(S15:S66),"") -> 0 | AB15: =IF('Quiz 2 Grades'!$Q7="Graded",'Quiz 2 Grades'!$M7,"") | AC15: =IF('Quiz 2 Grades'!$Q7="Graded",'Quiz 2 Grades'!C7,"") | AD15: =IF('Quiz 2 Grades'!$Q7="Graded",'Quiz 2 Grades'!D7,"") | AE15: =IF('Quiz 2 Grades'!$Q7="Graded",'Quiz 2 Grades'!E7,"") | AF15: =IF('Quiz 2 Grades'!$Q7="Graded",'Quiz 2 Grades'!F7,"") | AG15: =IF('Quiz 2 Grades'!$Q7="Graded",'Quiz 2 Grades'!G7,"") | AH15: =IF('Quiz 2 Grades'!$Q7="Graded",'Quiz 2 Grades'!I7,"") | AI15: =IF('Quiz 2 Grades'!$Q7="Graded",'Quiz 2 Grades'!J7,"") | AJ15: =IF('Quiz 2 Grades'!$Q7="Graded",'Quiz 2 Grades'!K7,"") | AK15: =IF(ISNUMBER(AB15),AB15-AC15,"") | AL15: =IF(ISNUMBER(AB15),AB15-AD15,"") | AM15: =IF(ISNUMBER(AB15),AB15-AE15,"") | AN15: =IF(ISNUMBER(AB15),AB15-AF15,"") | AO15: =IF(ISNUMBER(AB15),AB15-AG15,"") | AP15: =IF(ISNUMBER(AB15),AB15-AH15,"") | AQ15: =IF(ISNUMBER(AB15),AB15-AI15,"") | AR15: =IF(ISNUMBER(AB15),AB15-AJ15,"")
A16: Mean (points) | B16: =IFERROR(AVERAGE(Totals),"") | J16: Kurtosis z-test | K16: =IFERROR(KurtScore/$Z$34,"") | L16: =IFERROR(2*(1-NORMSDIST(ABS(K16))),"") | M16: =IF(ISNUMBER(L16),IF(L16<Alpha,"Not normal (p < α)","Consistent with normal"),"") | N16: Peak / tails vs. a bell curve | P16: 2 | Q16: =IF(P16<=nGraded,SMALL(Totals,P16),NA()) -> #N/A | R16: =IF(P16<=nGraded,(P16-0.375)/(nGraded+0.25),"") | S16: =IF(P16<=nGraded,NORMSINV(R16),"") | T16: =IFERROR(IF(P16<=nGraded,MeanScore+SDScore*S16,NA()),NA()) -> #N/A | U16: =IFERROR(IF(P16>nGraded,"",IF(P16=nGraded,$Z$19,IF(P16=nGraded-1,$Z$20,IF(P16=1,-$Z$19,IF(P16=2,-$Z$20,S16/SQRT($Z$21)))))),"") | V16: =IFERROR(IF(P16<=nGraded,U16*Q16,""),"") | W16: =IFERROR(IF(P16<=nGraded,(2*P16-1)*(LN(NORMDIST(Q16,MeanScore,SDScore,TRUE()))+LN(1-NORMDIST(LARGE(Totals,P16),MeanScore,SDScore,TRUE()))),""),"") | Y16: u = 1/√n | Z16: =IFERROR(1/SQRT(nGraded),"") | AB16: =IF('Quiz 2 Grades'!$Q8="Graded",'Quiz 2 Grades'!$M8,"") | AC16: =IF('Quiz 2 Grades'!$Q8="Graded",'Quiz 2 Grades'!C8,"") | AD16: =IF('Quiz 2 Grades'!$Q8="Graded",'Quiz 2 Grades'!D8,"") | AE16: =IF('Quiz 2 Grades'!$Q8="Graded",'Quiz 2 Grades'!E8,"") | AF16: =IF('Quiz 2 Grades'!$Q8="Graded",'Quiz 2 Grades'!F8,"") | AG16: =IF('Quiz 2 Grades'!$Q8="Graded",'Quiz 2 Grades'!G8,"") | AH16: =IF('Quiz 2 Grades'!$Q8="Graded",'Quiz 2 Grades'!I8,"") | AI16: =IF('Quiz 2 Grades'!$Q8="Graded",'Quiz 2 Grades'!J8,"") | AJ16: =IF('Quiz 2 Grades'!$Q8="Graded",'Quiz 2 Grades'!K8,"") | AK16: =IF(ISNUMBER(AB16),AB16-AC16,"") | AL16: =IF(ISNUMBER(AB16),AB16-AD16,"") | AM16: =IF(ISNUMBER(AB16),AB16-AE16,"") | AN16: =IF(ISNUMBER(AB16),AB16-AF16,"") | AO16: =IF(ISNUMBER(AB16),AB16-AG16,"") | AP16: =IF(ISNUMBER(AB16),AB16-AH16,"") | AQ16: =IF(ISNUMBER(AB16),AB16-AI16,"") | AR16: =IF(ISNUMBER(AB16),AB16-AJ16,"")
A17: Median (points) | B17: =IFERROR(MEDIAN(Totals),"") | C17: Middle student | J17: Jarque–Bera | K17: =IFERROR(nGraded/6*(SkewScore^2+KurtScore^2/4),"") | L17: =IFERROR(CHIDIST(K17,2),"") | M17: =IF(ISNUMBER(L17),IF(L17<Alpha,"Not normal (p < α)","Consistent with normal"),"") | N17: Skewness + kurtosis together (large-sample test) | P17: 3 | Q17: =IF(P17<=nGraded,SMALL(Totals,P17),NA()) -> #N/A | R17: =IF(P17<=nGraded,(P17-0.375)/(nGraded+0.25),"") | S17: =IF(P17<=nGraded,NORMSINV(R17),"") | T17: =IFERROR(IF(P17<=nGraded,MeanScore+SDScore*S17,NA()),NA()) -> #N/A | U17: =IFERROR(IF(P17>nGraded,"",IF(P17=nGraded,$Z$19,IF(P17=nGraded-1,$Z$20,IF(P17=1,-$Z$19,IF(P17=2,-$Z$20,S17/SQRT($Z$21)))))),"") | V17: =IFERROR(IF(P17<=nGraded,U17*Q17,""),"") | W17: =IFERROR(IF(P17<=nGraded,(2*P17-1)*(LN(NORMDIST(Q17,MeanScore,SDScore,TRUE()))+LN(1-NORMDIST(LARGE(Totals,P17),MeanScore,SDScore,TRUE()))),""),"") | Y17: c(n) = m(n)/√Σm² | Z17: =IFERROR(INDEX(S15:S66,nGraded)/SQRT(Z15),"") | AB17: =IF('Quiz 2 Grades'!$Q9="Graded",'Quiz 2 Grades'!$M9,"") | AC17: =IF('Quiz 2 Grades'!$Q9="Graded",'Quiz 2 Grades'!C9,"") | AD17: =IF('Quiz 2 Grades'!$Q9="Graded",'Quiz 2 Grades'!D9,"") | AE17: =IF('Quiz 2 Grades'!$Q9="Graded",'Quiz 2 Grades'!E9,"") | AF17: =IF('Quiz 2 Grades'!$Q9="Graded",'Quiz 2 Grades'!F9,"") | AG17: =IF('Quiz 2 Grades'!$Q9="Graded",'Quiz 2 Grades'!G9,"") | AH17: =IF('Quiz 2 Grades'!$Q9="Graded",'Quiz 2 Grades'!I9,"") | AI17: =IF('Quiz 2 Grades'!$Q9="Graded",'Quiz 2 Grades'!J9,"") | AJ17: =IF('Quiz 2 Grades'!$Q9="Graded",'Quiz 2 Grades'!K9,"") | AK17: =IF(ISNUMBER(AB17),AB17-AC17,"") | AL17: =IF(ISNUMBER(AB17),AB17-AD17,"") | AM17: =IF(ISNUMBER(AB17),AB17-AE17,"") | AN17: =IF(ISNUMBER(AB17),AB17-AF17,"") | AO17: =IF(ISNUMBER(AB17),AB17-AG17,"") | AP17: =IF(ISNUMBER(AB17),AB17-AH17,"") | AQ17: =IF(ISNUMBER(AB17),AB17-AI17,"") | AR17: =IF(ISNUMBER(AB17),AB17-AJ17,"")
A18: Standard deviation (sample) | B18: =IFERROR(STDEV(Totals),"") | C18: Typical distance from the mean | J18: Anderson–Darling (A²*) | K18: =IFERROR($Z$31,"") | L18: =IFERROR(MIN(1,MAX(0,$Z$32)),"") -> 0 | M18: =IF(ISNUMBER(L18),IF(L18<Alpha,"Not normal (p < α)","Consistent with normal"),"") -> Not normal (p < α) | N18: Whole distribution, extra weight on the tails | P18: 4 | Q18: =IF(P18<=nGraded,SMALL(Totals,P18),NA()) -> #N/A | R18: =IF(P18<=nGraded,(P18-0.375)/(nGraded+0.25),"") | S18: =IF(P18<=nGraded,NORMSINV(R18),"") | T18: =IFERROR(IF(P18<=nGraded,MeanScore+SDScore*S18,NA()),NA()) -> #N/A | U18: =IFERROR(IF(P18>nGraded,"",IF(P18=nGraded,$Z$19,IF(P18=nGraded-1,$Z$20,IF(P18=1,-$Z$19,IF(P18=2,-$Z$20,S18/SQRT($Z$21)))))),"") | V18: =IFERROR(IF(P18<=nGraded,U18*Q18,""),"") | W18: =IFERROR(IF(P18<=nGraded,(2*P18-1)*(LN(NORMDIST(Q18,MeanScore,SDScore,TRUE()))+LN(1-NORMDIST(LARGE(Totals,P18),MeanScore,SDScore,TRUE()))),""),"") | Y18: c(n−1) | Z18: =IFERROR(INDEX(S15:S66,nGraded-1)/SQRT(Z15),"") | AB18: =IF('Quiz 2 Grades'!$Q10="Graded",'Quiz 2 Grades'!$M10,"") | AC18: =IF('Quiz 2 Grades'!$Q10="Graded",'Quiz 2 Grades'!C10,"") | AD18: =IF('Quiz 2 Grades'!$Q10="Graded",'Quiz 2 Grades'!D10,"") | AE18: =IF('Quiz 2 Grades'!$Q10="Graded",'Quiz 2 Grades'!E10,"") | AF18: =IF('Quiz 2 Grades'!$Q10="Graded",'Quiz 2 Grades'!F10,"") | AG18: =IF('Quiz 2 Grades'!$Q10="Graded",'Quiz 2 Grades'!G10,"") | AH18: =IF('Quiz 2 Grades'!$Q10="Graded",'Quiz 2 Grades'!I10,"") | AI18: =IF('Quiz 2 Grades'!$Q10="Graded",'Quiz 2 Grades'!J10,"") | AJ18: =IF('Quiz 2 Grades'!$Q10="Graded",'Quiz 2 Grades'!K10,"") | AK18: =IF(ISNUMBER(AB18),AB18-AC18,"") | AL18: =IF(ISNUMBER(AB18),AB18-AD18,"") | AM18: =IF(ISNUMBER(AB18),AB18-AE18,"") | AN18: =IF(ISNUMBER(AB18),AB18-AF18,"") | AO18: =IF(ISNUMBER(AB18),AB18-AG18,"") | AP18: =IF(ISNUMBER(AB18),AB18-AH18,"") | AQ18: =IF(ISNUMBER(AB18),AB18-AI18,"") | AR18: =IF(ISNUMBER(AB18),AB18-AJ18,"")
A19: Variance | B19: =IFERROR(VAR(Totals),"") | J19: Shapiro–Wilk (W) | K19: =IF(nGraded<12,"n < 12",IFERROR($Z$24,"")) -> n < 12 | L19: =IF(nGraded<12,"",IFERROR($Z$29,"")) | M19: =IF(ISNUMBER(L19),IF(L19<Alpha,"Not normal (p < α)","Consistent with normal"),"") | N19: Most powerful general test for n ≤ 50 (Royston 1992 approximation) | P19: 5 | Q19: =IF(P19<=nGraded,SMALL(Totals,P19),NA()) -> #N/A | R19: =IF(P19<=nGraded,(P19-0.375)/(nGraded+0.25),"") | S19: =IF(P19<=nGraded,NORMSINV(R19),"") | T19: =IFERROR(IF(P19<=nGraded,MeanScore+SDScore*S19,NA()),NA()) -> #N/A | U19: =IFERROR(IF(P19>nGraded,"",IF(P19=nGraded,$Z$19,IF(P19=nGraded-1,$Z$20,IF(P19=1,-$Z$19,IF(P19=2,-$Z$20,S19/SQRT($Z$21)))))),"") | V19: =IFERROR(IF(P19<=nGraded,U19*Q19,""),"") | W19: =IFERROR(IF(P19<=nGraded,(2*P19-1)*(LN(NORMDIST(Q19,MeanScore,SDScore,TRUE()))+LN(1-NORMDIST(LARGE(Totals,P19),MeanScore,SDScore,TRUE()))),""),"") | Y19: a(n) [Royston 1992] | Z19: =IFERROR(Z17+0.221157*Z16-0.147981*Z16^2-2.07119*Z16^3+4.434685*Z16^4-2.706056*Z16^5,"") | AB19: =IF('Quiz 2 Grades'!$Q11="Graded",'Quiz 2 Grades'!$M11,"") | AC19: =IF('Quiz 2 Grades'!$Q11="Graded",'Quiz 2 Grades'!C11,"") | AD19: =IF('Quiz 2 Grades'!$Q11="Graded",'Quiz 2 Grades'!D11,"") | AE19: =IF('Quiz 2 Grades'!$Q11="Graded",'Quiz 2 Grades'!E11,"") | AF19: =IF('Quiz 2 Grades'!$Q11="Graded",'Quiz 2 Grades'!F11,"") | AG19: =IF('Quiz 2 Grades'!$Q11="Graded",'Quiz 2 Grades'!G11,"") | AH19: =IF('Quiz 2 Grades'!$Q11="Graded",'Quiz 2 Grades'!I11,"") | AI19: =IF('Quiz 2 Grades'!$Q11="Graded",'Quiz 2 Grades'!J11,"") | AJ19: =IF('Quiz 2 Grades'!$Q11="Graded",'Quiz 2 Grades'!K11,"") | AK19: =IF(ISNUMBER(AB19),AB19-AC19,"") | AL19: =IF(ISNUMBER(AB19),AB19-AD19,"") | AM19: =IF(ISNUMBER(AB19),AB19-AE19,"") | AN19: =IF(ISNUMBER(AB19),AB19-AF19,"") | AO19: =IF(ISNUMBER(AB19),AB19-AG19,"") | AP19: =IF(ISNUMBER(AB19),AB19-AH19,"") | AQ19: =IF(ISNUMBER(AB19),AB19-AI19,"") | AR19: =IF(ISNUMBER(AB19),AB19-AJ19,"")
A20: Standard error of the mean | B20: =IFERROR(B18/SQRT(B15),"") | C20: SD ÷ √n | J20: =IF(nGraded<12,"Need at least 12 graded quizzes for the normality tests.",IF(COUNTIF(M18:M19,"Not normal*")=2,"Overall: NOT Gaussian — Shapiro–Wilk and Anderson–Darling (the most powerful tests at this sample size) both reject normality."&IF(COUNTIF(M15:M17,"Not normal*")=0," The skewness / kurtosis tests alone do not reject, so the departure is moderate, not extreme.",""),IF(COUNTIF(M18:M19,"Not normal*")=0,"Overall: consistent with a Gaussian distribution — neither Shapiro–Wilk nor Anderson–Darling rejects normality."&IF(COUNTIF(M15:M17,"Not normal*")>0," (Some moment tests flag skewness/kurtosis; treat as a mild departure.)",""),"Overall: borderline — Shapiro–Wilk and Anderson–Darling disagree; treat the Gaussian curve as a rough approximation."))) -> Need at least 12 graded quizzes for the normality tests. | P20: 6 | Q20: =IF(P20<=nGraded,SMALL(Totals,P20),NA()) -> #N/A | R20: =IF(P20<=nGraded,(P20-0.375)/(nGraded+0.25),"") | S20: =IF(P20<=nGraded,NORMSINV(R20),"") | T20: =IFERROR(IF(P20<=nGraded,MeanScore+SDScore*S20,NA()),NA()) -> #N/A | U20: =IFERROR(IF(P20>nGraded,"",IF(P20=nGraded,$Z$19,IF(P20=nGraded-1,$Z$20,IF(P20=1,-$Z$19,IF(P20=2,-$Z$20,S20/SQRT($Z$21)))))),"") | V20: =IFERROR(IF(P20<=nGraded,U20*Q20,""),"") | W20: =IFERROR(IF(P20<=nGraded,(2*P20-1)*(LN(NORMDIST(Q20,MeanScore,SDScore,TRUE()))+LN(1-NORMDIST(LARGE(Totals,P20),MeanScore,SDScore,TRUE()))),""),"") | Y20: a(n−1) | Z20: =IFERROR(Z18+0.042981*Z16-0.293762*Z16^2-1.752461*Z16^3+5.682633*Z16^4-3.582633*Z16^5,"") | AB20: =IF('Quiz 2 Grades'!$Q12="Graded",'Quiz 2 Grades'!$M12,"") | AC20: =IF('Quiz 2 Grades'!$Q12="Graded",'Quiz 2 Grades'!C12,"") | AD20: =IF('Quiz 2 Grades'!$Q12="Graded",'Quiz 2 Grades'!D12,"") | AE20: =IF('Quiz 2 Grades'!$Q12="Graded",'Quiz 2 Grades'!E12,"") | AF20: =IF('Quiz 2 Grades'!$Q12="Graded",'Quiz 2 Grades'!F12,"") | AG20: =IF('Quiz 2 Grades'!$Q12="Graded",'Quiz 2 Grades'!G12,"") | AH20: =IF('Quiz 2 Grades'!$Q12="Graded",'Quiz 2 Grades'!I12,"") | AI20: =IF('Quiz 2 Grades'!$Q12="Graded",'Quiz 2 Grades'!J12,"") | AJ20: =IF('Quiz 2 Grades'!$Q12="Graded",'Quiz 2 Grades'!K12,"") | AK20: =IF(ISNUMBER(AB20),AB20-AC20,"") | AL20: =IF(ISNUMBER(AB20),AB20-AD20,"") | AM20: =IF(ISNUMBER(AB20),AB20-AE20,"") | AN20: =IF(ISNUMBER(AB20),AB20-AF20,"") | AO20: =IF(ISNUMBER(AB20),AB20-AG20,"") | AP20: =IF(ISNUMBER(AB20),AB20-AH20,"") | AQ20: =IF(ISNUMBER(AB20),AB20-AI20,"") | AR20: =IF(ISNUMBER(AB20),AB20-AJ20,"")
A21: =TEXT($B$35,"0%")&" CI for the mean — lower" -> 95% CI for the mean — lower | B21: =IFERROR(B16-TINV(1-$B$35,B15-1)*B20,"") | C21: t-distribution | P21: 7 | Q21: =IF(P21<=nGraded,SMALL(Totals,P21),NA()) -> #N/A | R21: =IF(P21<=nGraded,(P21-0.375)/(nGraded+0.25),"") | S21: =IF(P21<=nGraded,NORMSINV(R21),"") | T21: =IFERROR(IF(P21<=nGraded,MeanScore+SDScore*S21,NA()),NA()) -> #N/A | U21: =IFERROR(IF(P21>nGraded,"",IF(P21=nGraded,$Z$19,IF(P21=nGraded-1,$Z$20,IF(P21=1,-$Z$19,IF(P21=2,-$Z$20,S21/SQRT($Z$21)))))),"") | V21: =IFERROR(IF(P21<=nGraded,U21*Q21,""),"") | W21: =IFERROR(IF(P21<=nGraded,(2*P21-1)*(LN(NORMDIST(Q21,MeanScore,SDScore,TRUE()))+LN(1-NORMDIST(LARGE(Totals,P21),MeanScore,SDScore,TRUE()))),""),"") | Y21: φ | Z21: =IFERROR((Z15-2*INDEX(S15:S66,nGraded)^2-2*INDEX(S15:S66,nGraded-1)^2)/(1-2*Z19^2-2*Z20^2),"") | AB21: =IF('Quiz 2 Grades'!$Q13="Graded",'Quiz 2 Grades'!$M13,"") | AC21: =IF('Quiz 2 Grades'!$Q13="Graded",'Quiz 2 Grades'!C13,"") | AD21: =IF('Quiz 2 Grades'!$Q13="Graded",'Quiz 2 Grades'!D13,"") | AE21: =IF('Quiz 2 Grades'!$Q13="Graded",'Quiz 2 Grades'!E13,"") | AF21: =IF('Quiz 2 Grades'!$Q13="Graded",'Quiz 2 Grades'!F13,"") | AG21: =IF('Quiz 2 Grades'!$Q13="Graded",'Quiz 2 Grades'!G13,"") | AH21: =IF('Quiz 2 Grades'!$Q13="Graded",'Quiz 2 Grades'!I13,"") | AI21: =IF('Quiz 2 Grades'!$Q13="Graded",'Quiz 2 Grades'!J13,"") | AJ21: =IF('Quiz 2 Grades'!$Q13="Graded",'Quiz 2 Grades'!K13,"") | AK21: =IF(ISNUMBER(AB21),AB21-AC21,"") | AL21: =IF(ISNUMBER(AB21),AB21-AD21,"") | AM21: =IF(ISNUMBER(AB21),AB21-AE21,"") | AN21: =IF(ISNUMBER(AB21),AB21-AF21,"") | AO21: =IF(ISNUMBER(AB21),AB21-AG21,"") | AP21: =IF(ISNUMBER(AB21),AB21-AH21,"") | AQ21: =IF(ISNUMBER(AB21),AB21-AI21,"") | AR21: =IF(ISNUMBER(AB21),AB21-AJ21,"")
A22: =TEXT($B$35,"0%")&" CI for the mean — upper" -> 95% CI for the mean — upper | B22: =IFERROR(B16+TINV(1-$B$35,B15-1)*B20,"") | J22: 3. Empirical rule — students within ±σ of the mean | P22: 8 | Q22: =IF(P22<=nGraded,SMALL(Totals,P22),NA()) -> #N/A | R22: =IF(P22<=nGraded,(P22-0.375)/(nGraded+0.25),"") | S22: =IF(P22<=nGraded,NORMSINV(R22),"") | T22: =IFERROR(IF(P22<=nGraded,MeanScore+SDScore*S22,NA()),NA()) -> #N/A | U22: =IFERROR(IF(P22>nGraded,"",IF(P22=nGraded,$Z$19,IF(P22=nGraded-1,$Z$20,IF(P22=1,-$Z$19,IF(P22=2,-$Z$20,S22/SQRT($Z$21)))))),"") | V22: =IFERROR(IF(P22<=nGraded,U22*Q22,""),"") | W22: =IFERROR(IF(P22<=nGraded,(2*P22-1)*(LN(NORMDIST(Q22,MeanScore,SDScore,TRUE()))+LN(1-NORMDIST(LARGE(Totals,P22),MeanScore,SDScore,TRUE()))),""),"") | Y22: Σ a·y | Z22: =IFERROR(SUM(V15:V66),"") -> 0 | AB22: =IF('Quiz 2 Grades'!$Q14="Graded",'Quiz 2 Grades'!$M14,"") | AC22: =IF('Quiz 2 Grades'!$Q14="Graded",'Quiz 2 Grades'!C14,"") | AD22: =IF('Quiz 2 Grades'!$Q14="Graded",'Quiz 2 Grades'!D14,"") | AE22: =IF('Quiz 2 Grades'!$Q14="Graded",'Quiz 2 Grades'!E14,"") | AF22: =IF('Quiz 2 Grades'!$Q14="Graded",'Quiz 2 Grades'!F14,"") | AG22: =IF('Quiz 2 Grades'!$Q14="Graded",'Quiz 2 Grades'!G14,"") | AH22: =IF('Quiz 2 Grades'!$Q14="Graded",'Quiz 2 Grades'!I14,"") | AI22: =IF('Quiz 2 Grades'!$Q14="Graded",'Quiz 2 Grades'!J14,"") | AJ22: =IF('Quiz 2 Grades'!$Q14="Graded",'Quiz 2 Grades'!K14,"") | AK22: =IF(ISNUMBER(AB22),AB22-AC22,"") | AL22: =IF(ISNUMBER(AB22),AB22-AD22,"") | AM22: =IF(ISNUMBER(AB22),AB22-AE22,"") | AN22: =IF(ISNUMBER(AB22),AB22-AF22,"") | AO22: =IF(ISNUMBER(AB22),AB22-AG22,"") | AP22: =IF(ISNUMBER(AB22),AB22-AH22,"") | AQ22: =IF(ISNUMBER(AB22),AB22-AI22,"") | AR22: =IF(ISNUMBER(AB22),AB22-AJ22,"")
A23: Minimum | B23: =IFERROR(MIN(Totals),"") -> 0 | J23: Interval | K23: Score range | L23: Expected % (Gaussian) | M23: Observed students | N23: Observed % | P23: 9 | Q23: =IF(P23<=nGraded,SMALL(Totals,P23),NA()) -> #N/A | R23: =IF(P23<=nGraded,(P23-0.375)/(nGraded+0.25),"") | S23: =IF(P23<=nGraded,NORMSINV(R23),"") | T23: =IFERROR(IF(P23<=nGraded,MeanScore+SDScore*S23,NA()),NA()) -> #N/A | U23: =IFERROR(IF(P23>nGraded,"",IF(P23=nGraded,$Z$19,IF(P23=nGraded-1,$Z$20,IF(P23=1,-$Z$19,IF(P23=2,-$Z$20,S23/SQRT($Z$21)))))),"") | V23: =IFERROR(IF(P23<=nGraded,U23*Q23,""),"") | W23: =IFERROR(IF(P23<=nGraded,(2*P23-1)*(LN(NORMDIST(Q23,MeanScore,SDScore,TRUE()))+LN(1-NORMDIST(LARGE(Totals,P23),MeanScore,SDScore,TRUE()))),""),"") | Y23: Σ (y − ȳ)² | Z23: =IFERROR(DEVSQ(Totals),"") | AB23: =IF('Quiz 2 Grades'!$Q15="Graded",'Quiz 2 Grades'!$M15,"") | AC23: =IF('Quiz 2 Grades'!$Q15="Graded",'Quiz 2 Grades'!C15,"") | AD23: =IF('Quiz 2 Grades'!$Q15="Graded",'Quiz 2 Grades'!D15,"") | AE23: =IF('Quiz 2 Grades'!$Q15="Graded",'Quiz 2 Grades'!E15,"") | AF23: =IF('Quiz 2 Grades'!$Q15="Graded",'Quiz 2 Grades'!F15,"") | AG23: =IF('Quiz 2 Grades'!$Q15="Graded",'Quiz 2 Grades'!G15,"") | AH23: =IF('Quiz 2 Grades'!$Q15="Graded",'Quiz 2 Grades'!I15,"") | AI23: =IF('Quiz 2 Grades'!$Q15="Graded",'Quiz 2 Grades'!J15,"") | AJ23: =IF('Quiz 2 Grades'!$Q15="Graded",'Quiz 2 Grades'!K15,"") | AK23: =IF(ISNUMBER(AB23),AB23-AC23,"") | AL23: =IF(ISNUMBER(AB23),AB23-AD23,"") | AM23: =IF(ISNUMBER(AB23),AB23-AE23,"") | AN23: =IF(ISNUMBER(AB23),AB23-AF23,"") | AO23: =IF(ISNUMBER(AB23),AB23-AG23,"") | AP23: =IF(ISNUMBER(AB23),AB23-AH23,"") | AQ23: =IF(ISNUMBER(AB23),AB23-AI23,"") | AR23: =IF(ISNUMBER(AB23),AB23-AJ23,"")
A24: 1st quartile (Q1) | B24: =IFERROR(QUARTILE(Totals,1),"") | C24: 25% of students scored below | J24: Within ±1σ | K24: =IFERROR(TEXT(MeanScore-1*SDScore,"0.0")&" – "&TEXT(MeanScore+1*SDScore,"0.0"),"") | L24: =1-2*(1-NORMSDIST(1)) -> 0.68268949 | M24: =IFERROR(COUNTIFS(Totals,">="&(MeanScore-1*SDScore),Totals,"<="&(MeanScore+1*SDScore)),"") | N24: =IFERROR(M24/nGraded,"") | P24: 10 | Q24: =IF(P24<=nGraded,SMALL(Totals,P24),NA()) -> #N/A | R24: =IF(P24<=nGraded,(P24-0.375)/(nGraded+0.25),"") | S24: =IF(P24<=nGraded,NORMSINV(R24),"") | T24: =IFERROR(IF(P24<=nGraded,MeanScore+SDScore*S24,NA()),NA()) -> #N/A | U24: =IFERROR(IF(P24>nGraded,"",IF(P24=nGraded,$Z$19,IF(P24=nGraded-1,$Z$20,IF(P24=1,-$Z$19,IF(P24=2,-$Z$20,S24/SQRT($Z$21)))))),"") | V24: =IFERROR(IF(P24<=nGraded,U24*Q24,""),"") | W24: =IFERROR(IF(P24<=nGraded,(2*P24-1)*(LN(NORMDIST(Q24,MeanScore,SDScore,TRUE()))+LN(1-NORMDIST(LARGE(Totals,P24),MeanScore,SDScore,TRUE()))),""),"") | Y24: Shapiro–Wilk W | Z24: =IFERROR(Z22^2/Z23,"") | AB24: =IF('Quiz 2 Grades'!$Q16="Graded",'Quiz 2 Grades'!$M16,"") | AC24: =IF('Quiz 2 Grades'!$Q16="Graded",'Quiz 2 Grades'!C16,"") | AD24: =IF('Quiz 2 Grades'!$Q16="Graded",'Quiz 2 Grades'!D16,"") | AE24: =IF('Quiz 2 Grades'!$Q16="Graded",'Quiz 2 Grades'!E16,"") | AF24: =IF('Quiz 2 Grades'!$Q16="Graded",'Quiz 2 Grades'!F16,"") | AG24: =IF('Quiz 2 Grades'!$Q16="Graded",'Quiz 2 Grades'!G16,"") | AH24: =IF('Quiz 2 Grades'!$Q16="Graded",'Quiz 2 Grades'!I16,"") | AI24: =IF('Quiz 2 Grades'!$Q16="Graded",'Quiz 2 Grades'!J16,"") | AJ24: =IF('Quiz 2 Grades'!$Q16="Graded",'Quiz 2 Grades'!K16,"") | AK24: =IF(ISNUMBER(AB24),AB24-AC24,"") | AL24: =IF(ISNUMBER(AB24),AB24-AD24,"") | AM24: =IF(ISNUMBER(AB24),AB24-AE24,"") | AN24: =IF(ISNUMBER(AB24),AB24-AF24,"") | AO24: =IF(ISNUMBER(AB24),AB24-AG24,"") | AP24: =IF(ISNUMBER(AB24),AB24-AH24,"") | AQ24: =IF(ISNUMBER(AB24),AB24-AI24,"") | AR24: =IF(ISNUMBER(AB24),AB24-AJ24,"")
A25: 3rd quartile (Q3) | B25: =IFERROR(QUARTILE(Totals,3),"") | C25: 75% of students scored below | J25: Within ±2σ | K25: =IFERROR(TEXT(MeanScore-2*SDScore,"0.0")&" – "&TEXT(MeanScore+2*SDScore,"0.0"),"") | L25: =1-2*(1-NORMSDIST(2)) -> 0.95449974 | M25: =IFERROR(COUNTIFS(Totals,">="&(MeanScore-2*SDScore),Totals,"<="&(MeanScore+2*SDScore)),"") | N25: =IFERROR(M25/nGraded,"") | P25: 11 | Q25: =IF(P25<=nGraded,SMALL(Totals,P25),NA()) -> #N/A | R25: =IF(P25<=nGraded,(P25-0.375)/(nGraded+0.25),"") | S25: =IF(P25<=nGraded,NORMSINV(R25),"") | T25: =IFERROR(IF(P25<=nGraded,MeanScore+SDScore*S25,NA()),NA()) -> #N/A | U25: =IFERROR(IF(P25>nGraded,"",IF(P25=nGraded,$Z$19,IF(P25=nGraded-1,$Z$20,IF(P25=1,-$Z$19,IF(P25=2,-$Z$20,S25/SQRT($Z$21)))))),"") | V25: =IFERROR(IF(P25<=nGraded,U25*Q25,""),"") | W25: =IFERROR(IF(P25<=nGraded,(2*P25-1)*(LN(NORMDIST(Q25,MeanScore,SDScore,TRUE()))+LN(1-NORMDIST(LARGE(Totals,P25),MeanScore,SDScore,TRUE()))),""),"") | Y25: ln n | Z25: =IFERROR(LN(nGraded),"") | AB25: =IF('Quiz 2 Grades'!$Q17="Graded",'Quiz 2 Grades'!$M17,"") | AC25: =IF('Quiz 2 Grades'!$Q17="Graded",'Quiz 2 Grades'!C17,"") | AD25: =IF('Quiz 2 Grades'!$Q17="Graded",'Quiz 2 Grades'!D17,"") | AE25: =IF('Quiz 2 Grades'!$Q17="Graded",'Quiz 2 Grades'!E17,"") | AF25: =IF('Quiz 2 Grades'!$Q17="Graded",'Quiz 2 Grades'!F17,"") | AG25: =IF('Quiz 2 Grades'!$Q17="Graded",'Quiz 2 Grades'!G17,"") | AH25: =IF('Quiz 2 Grades'!$Q17="Graded",'Quiz 2 Grades'!I17,"") | AI25: =IF('Quiz 2 Grades'!$Q17="Graded",'Quiz 2 Grades'!J17,"") | AJ25: =IF('Quiz 2 Grades'!$Q17="Graded",'Quiz 2 Grades'!K17,"") | AK25: =IF(ISNUMBER(AB25),AB25-AC25,"") | AL25: =IF(ISNUMBER(AB25),AB25-AD25,"") | AM25: =IF(ISNUMBER(AB25),AB25-AE25,"") | AN25: =IF(ISNUMBER(AB25),AB25-AF25,"") | AO25: =IF(ISNUMBER(AB25),AB25-AG25,"") | AP25: =IF(ISNUMBER(AB25),AB25-AH25,"") | AQ25: =IF(ISNUMBER(AB25),AB25-AI25,"") | AR25: =IF(ISNUMBER(AB25),AB25-AJ25,"")
A26: Maximum | B26: =IFERROR(MAX(Totals),"") -> 0 | J26: Within ±3σ | K26: =IFERROR(TEXT(MeanScore-3*SDScore,"0.0")&" – "&TEXT(MeanScore+3*SDScore,"0.0"),"") | L26: =1-2*(1-NORMSDIST(3)) -> 0.9973002 | M26: =IFERROR(COUNTIFS(Totals,">="&(MeanScore-3*SDScore),Totals,"<="&(MeanScore+3*SDScore)),"") | N26: =IFERROR(M26/nGraded,"") | P26: 12 | Q26: =IF(P26<=nGraded,SMALL(Totals,P26),NA()) -> #N/A | R26: =IF(P26<=nGraded,(P26-0.375)/(nGraded+0.25),"") | S26: =IF(P26<=nGraded,NORMSINV(R26),"") | T26: =IFERROR(IF(P26<=nGraded,MeanScore+SDScore*S26,NA()),NA()) -> #N/A | U26: =IFERROR(IF(P26>nGraded,"",IF(P26=nGraded,$Z$19,IF(P26=nGraded-1,$Z$20,IF(P26=1,-$Z$19,IF(P26=2,-$Z$20,S26/SQRT($Z$21)))))),"") | V26: =IFERROR(IF(P26<=nGraded,U26*Q26,""),"") | W26: =IFERROR(IF(P26<=nGraded,(2*P26-1)*(LN(NORMDIST(Q26,MeanScore,SDScore,TRUE()))+LN(1-NORMDIST(LARGE(Totals,P26),MeanScore,SDScore,TRUE()))),""),"") | Y26: μ (Royston, n ≥ 12) | Z26: =IFERROR(0.0038915*Z25^3-0.083751*Z25^2-0.31082*Z25-1.5861,"") | AB26: =IF('Quiz 2 Grades'!$Q18="Graded",'Quiz 2 Grades'!$M18,"") | AC26: =IF('Quiz 2 Grades'!$Q18="Graded",'Quiz 2 Grades'!C18,"") | AD26: =IF('Quiz 2 Grades'!$Q18="Graded",'Quiz 2 Grades'!D18,"") | AE26: =IF('Quiz 2 Grades'!$Q18="Graded",'Quiz 2 Grades'!E18,"") | AF26: =IF('Quiz 2 Grades'!$Q18="Graded",'Quiz 2 Grades'!F18,"") | AG26: =IF('Quiz 2 Grades'!$Q18="Graded",'Quiz 2 Grades'!G18,"") | AH26: =IF('Quiz 2 Grades'!$Q18="Graded",'Quiz 2 Grades'!I18,"") | AI26: =IF('Quiz 2 Grades'!$Q18="Graded",'Quiz 2 Grades'!J18,"") | AJ26: =IF('Quiz 2 Grades'!$Q18="Graded",'Quiz 2 Grades'!K18,"") | AK26: =IF(ISNUMBER(AB26),AB26-AC26,"") | AL26: =IF(ISNUMBER(AB26),AB26-AD26,"") | AM26: =IF(ISNUMBER(AB26),AB26-AE26,"") | AN26: =IF(ISNUMBER(AB26),AB26-AF26,"") | AO26: =IF(ISNUMBER(AB26),AB26-AG26,"") | AP26: =IF(ISNUMBER(AB26),AB26-AH26,"") | AQ26: =IF(ISNUMBER(AB26),AB26-AI26,"") | AR26: =IF(ISNUMBER(AB26),AB26-AJ26,"")
A27: Range | B27: =IFERROR(B26-B23,"") -> 0 | C27: Max − min | P27: 13 | Q27: =IF(P27<=nGraded,SMALL(Totals,P27),NA()) -> #N/A | R27: =IF(P27<=nGraded,(P27-0.375)/(nGraded+0.25),"") | S27: =IF(P27<=nGraded,NORMSINV(R27),"") | T27: =IFERROR(IF(P27<=nGraded,MeanScore+SDScore*S27,NA()),NA()) -> #N/A | U27: =IFERROR(IF(P27>nGraded,"",IF(P27=nGraded,$Z$19,IF(P27=nGraded-1,$Z$20,IF(P27=1,-$Z$19,IF(P27=2,-$Z$20,S27/SQRT($Z$21)))))),"") | V27: =IFERROR(IF(P27<=nGraded,U27*Q27,""),"") | W27: =IFERROR(IF(P27<=nGraded,(2*P27-1)*(LN(NORMDIST(Q27,MeanScore,SDScore,TRUE()))+LN(1-NORMDIST(LARGE(Totals,P27),MeanScore,SDScore,TRUE()))),""),"") | Y27: σ (Royston, n ≥ 12) | Z27: =IFERROR(EXP(0.0030302*Z25^2-0.082676*Z25-0.4803),"") | AB27: =IF('Quiz 2 Grades'!$Q19="Graded",'Quiz 2 Grades'!$M19,"") | AC27: =IF('Quiz 2 Grades'!$Q19="Graded",'Quiz 2 Grades'!C19,"") | AD27: =IF('Quiz 2 Grades'!$Q19="Graded",'Quiz 2 Grades'!D19,"") | AE27: =IF('Quiz 2 Grades'!$Q19="Graded",'Quiz 2 Grades'!E19,"") | AF27: =IF('Quiz 2 Grades'!$Q19="Graded",'Quiz 2 Grades'!F19,"") | AG27: =IF('Quiz 2 Grades'!$Q19="Graded",'Quiz 2 Grades'!G19,"") | AH27: =IF('Quiz 2 Grades'!$Q19="Graded",'Quiz 2 Grades'!I19,"") | AI27: =IF('Quiz 2 Grades'!$Q19="Graded",'Quiz 2 Grades'!J19,"") | AJ27: =IF('Quiz 2 Grades'!$Q19="Graded",'Quiz 2 Grades'!K19,"") | AK27: =IF(ISNUMBER(AB27),AB27-AC27,"") | AL27: =IF(ISNUMBER(AB27),AB27-AD27,"") | AM27: =IF(ISNUMBER(AB27),AB27-AE27,"") | AN27: =IF(ISNUMBER(AB27),AB27-AF27,"") | AO27: =IF(ISNUMBER(AB27),AB27-AG27,"") | AP27: =IF(ISNUMBER(AB27),AB27-AH27,"") | AQ27: =IF(ISNUMBER(AB27),AB27-AI27,"") | AR27: =IF(ISNUMBER(AB27),AB27-AJ27,"")
A28: Interquartile range (IQR) | B28: =IFERROR(B25-B24,"") | C28: Spread of the middle 50% | J28: σ band | K28: Score range | L28: Expected % (Gaussian) | M28: Observed students | N28: Observed % | P28: 14 | Q28: =IF(P28<=nGraded,SMALL(Totals,P28),NA()) -> #N/A | R28: =IF(P28<=nGraded,(P28-0.375)/(nGraded+0.25),"") | S28: =IF(P28<=nGraded,NORMSINV(R28),"") | T28: =IFERROR(IF(P28<=nGraded,MeanScore+SDScore*S28,NA()),NA()) -> #N/A | U28: =IFERROR(IF(P28>nGraded,"",IF(P28=nGraded,$Z$19,IF(P28=nGraded-1,$Z$20,IF(P28=1,-$Z$19,IF(P28=2,-$Z$20,S28/SQRT($Z$21)))))),"") | V28: =IFERROR(IF(P28<=nGraded,U28*Q28,""),"") | W28: =IFERROR(IF(P28<=nGraded,(2*P28-1)*(LN(NORMDIST(Q28,MeanScore,SDScore,TRUE()))+LN(1-NORMDIST(LARGE(Totals,P28),MeanScore,SDScore,TRUE()))),""),"") | Y28: z(W) | Z28: =IFERROR((LN(1-Z24)-Z26)/Z27,"") | AB28: =IF('Quiz 2 Grades'!$Q20="Graded",'Quiz 2 Grades'!$M20,"") | AC28: =IF('Quiz 2 Grades'!$Q20="Graded",'Quiz 2 Grades'!C20,"") | AD28: =IF('Quiz 2 Grades'!$Q20="Graded",'Quiz 2 Grades'!D20,"") | AE28: =IF('Quiz 2 Grades'!$Q20="Graded",'Quiz 2 Grades'!E20,"") | AF28: =IF('Quiz 2 Grades'!$Q20="Graded",'Quiz 2 Grades'!F20,"") | AG28: =IF('Quiz 2 Grades'!$Q20="Graded",'Quiz 2 Grades'!G20,"") | AH28: =IF('Quiz 2 Grades'!$Q20="Graded",'Quiz 2 Grades'!I20,"") | AI28: =IF('Quiz 2 Grades'!$Q20="Graded",'Quiz 2 Grades'!J20,"") | AJ28: =IF('Quiz 2 Grades'!$Q20="Graded",'Quiz 2 Grades'!K20,"") | AK28: =IF(ISNUMBER(AB28),AB28-AC28,"") | AL28: =IF(ISNUMBER(AB28),AB28-AD28,"") | AM28: =IF(ISNUMBER(AB28),AB28-AE28,"") | AN28: =IF(ISNUMBER(AB28),AB28-AF28,"") | AO28: =IF(ISNUMBER(AB28),AB28-AG28,"") | AP28: =IF(ISNUMBER(AB28),AB28-AH28,"") | AQ28: =IF(ISNUMBER(AB28),AB28-AI28,"") | AR28: =IF(ISNUMBER(AB28),AB28-AJ28,"")
A29: Coefficient of variation | B29: =IFERROR(B18/B16,"") | C29: SD ÷ mean | J29: Above +1σ | K29: =IFERROR("≥ "&TEXT(MeanScore+SDScore,"0.0"),"") | L29: =1-NORMSDIST(1) -> 0.15865525 | M29: =IFERROR(COUNTIF(Totals,">="&(MeanScore+SDScore)),"") | N29: =IFERROR(M29/nGraded,"") | P29: 15 | Q29: =IF(P29<=nGraded,SMALL(Totals,P29),NA()) -> #N/A | R29: =IF(P29<=nGraded,(P29-0.375)/(nGraded+0.25),"") | S29: =IF(P29<=nGraded,NORMSINV(R29),"") | T29: =IFERROR(IF(P29<=nGraded,MeanScore+SDScore*S29,NA()),NA()) -> #N/A | U29: =IFERROR(IF(P29>nGraded,"",IF(P29=nGraded,$Z$19,IF(P29=nGraded-1,$Z$20,IF(P29=1,-$Z$19,IF(P29=2,-$Z$20,S29/SQRT($Z$21)))))),"") | V29: =IFERROR(IF(P29<=nGraded,U29*Q29,""),"") | W29: =IFERROR(IF(P29<=nGraded,(2*P29-1)*(LN(NORMDIST(Q29,MeanScore,SDScore,TRUE()))+LN(1-NORMDIST(LARGE(Totals,P29),MeanScore,SDScore,TRUE()))),""),"") | Y29: p (Shapiro–Wilk) | Z29: =IFERROR(1-NORMSDIST(Z28),"") | AB29: =IF('Quiz 2 Grades'!$Q21="Graded",'Quiz 2 Grades'!$M21,"") | AC29: =IF('Quiz 2 Grades'!$Q21="Graded",'Quiz 2 Grades'!C21,"") | AD29: =IF('Quiz 2 Grades'!$Q21="Graded",'Quiz 2 Grades'!D21,"") | AE29: =IF('Quiz 2 Grades'!$Q21="Graded",'Quiz 2 Grades'!E21,"") | AF29: =IF('Quiz 2 Grades'!$Q21="Graded",'Quiz 2 Grades'!F21,"") | AG29: =IF('Quiz 2 Grades'!$Q21="Graded",'Quiz 2 Grades'!G21,"") | AH29: =IF('Quiz 2 Grades'!$Q21="Graded",'Quiz 2 Grades'!I21,"") | AI29: =IF('Quiz 2 Grades'!$Q21="Graded",'Quiz 2 Grades'!J21,"") | AJ29: =IF('Quiz 2 Grades'!$Q21="Graded",'Quiz 2 Grades'!K21,"") | AK29: =IF(ISNUMBER(AB29),AB29-AC29,"") | AL29: =IF(ISNUMBER(AB29),AB29-AD29,"") | AM29: =IF(ISNUMBER(AB29),AB29-AE29,"") | AN29: =IF(ISNUMBER(AB29),AB29-AF29,"") | AO29: =IF(ISNUMBER(AB29),AB29-AG29,"") | AP29: =IF(ISNUMBER(AB29),AB29-AH29,"") | AQ29: =IF(ISNUMBER(AB29),AB29-AI29,"") | AR29: =IF(ISNUMBER(AB29),AB29-AJ29,"")
A30: Skewness | B30: =IFERROR(SKEW(Totals),"") | C30: < 0: tail toward low scores | J30: Mean to +1σ | K30: =IFERROR(TEXT(MeanScore,"0.0")&" – "&TEXT(MeanScore+SDScore,"0.0"),"") | L30: =NORMSDIST(1)-0.5 -> 0.34134475 | M30: =IFERROR(COUNTIFS(Totals,">="&(MeanScore),Totals,"<"&(MeanScore+SDScore)),"") | N30: =IFERROR(M30/nGraded,"") | P30: 16 | Q30: =IF(P30<=nGraded,SMALL(Totals,P30),NA()) -> #N/A | R30: =IF(P30<=nGraded,(P30-0.375)/(nGraded+0.25),"") | S30: =IF(P30<=nGraded,NORMSINV(R30),"") | T30: =IFERROR(IF(P30<=nGraded,MeanScore+SDScore*S30,NA()),NA()) -> #N/A | U30: =IFERROR(IF(P30>nGraded,"",IF(P30=nGraded,$Z$19,IF(P30=nGraded-1,$Z$20,IF(P30=1,-$Z$19,IF(P30=2,-$Z$20,S30/SQRT($Z$21)))))),"") | V30: =IFERROR(IF(P30<=nGraded,U30*Q30,""),"") | W30: =IFERROR(IF(P30<=nGraded,(2*P30-1)*(LN(NORMDIST(Q30,MeanScore,SDScore,TRUE()))+LN(1-NORMDIST(LARGE(Totals,P30),MeanScore,SDScore,TRUE()))),""),"") | Y30: A² (Anderson–Darling) | Z30: =IFERROR(-nGraded-SUM(W15:W66)/nGraded,"") | AB30: =IF('Quiz 2 Grades'!$Q22="Graded",'Quiz 2 Grades'!$M22,"") | AC30: =IF('Quiz 2 Grades'!$Q22="Graded",'Quiz 2 Grades'!C22,"") | AD30: =IF('Quiz 2 Grades'!$Q22="Graded",'Quiz 2 Grades'!D22,"") | AE30: =IF('Quiz 2 Grades'!$Q22="Graded",'Quiz 2 Grades'!E22,"") | AF30: =IF('Quiz 2 Grades'!$Q22="Graded",'Quiz 2 Grades'!F22,"") | AG30: =IF('Quiz 2 Grades'!$Q22="Graded",'Quiz 2 Grades'!G22,"") | AH30: =IF('Quiz 2 Grades'!$Q22="Graded",'Quiz 2 Grades'!I22,"") | AI30: =IF('Quiz 2 Grades'!$Q22="Graded",'Quiz 2 Grades'!J22,"") | AJ30: =IF('Quiz 2 Grades'!$Q22="Graded",'Quiz 2 Grades'!K22,"") | AK30: =IF(ISNUMBER(AB30),AB30-AC30,"") | AL30: =IF(ISNUMBER(AB30),AB30-AD30,"") | AM30: =IF(ISNUMBER(AB30),AB30-AE30,"") | AN30: =IF(ISNUMBER(AB30),AB30-AF30,"") | AO30: =IF(ISNUMBER(AB30),AB30-AG30,"") | AP30: =IF(ISNUMBER(AB30),AB30-AH30,"") | AQ30: =IF(ISNUMBER(AB30),AB30-AI30,"") | AR30: =IF(ISNUMBER(AB30),AB30-AJ30,"")
A31: Excess kurtosis | B31: =IFERROR(KURT(Totals),"") | C31: 0 = bell curve; < 0 flatter | J31: −1σ to mean | K31: =IFERROR(TEXT(MeanScore-SDScore,"0.0")&" – "&TEXT(MeanScore,"0.0"),"") | L31: =NORMSDIST(1)-0.5 -> 0.34134475 | M31: =IFERROR(COUNTIFS(Totals,">="&(MeanScore-SDScore),Totals,"<"&(MeanScore)),"") | N31: =IFERROR(M31/nGraded,"") | P31: 17 | Q31: =IF(P31<=nGraded,SMALL(Totals,P31),NA()) -> #N/A | R31: =IF(P31<=nGraded,(P31-0.375)/(nGraded+0.25),"") | S31: =IF(P31<=nGraded,NORMSINV(R31),"") | T31: =IFERROR(IF(P31<=nGraded,MeanScore+SDScore*S31,NA()),NA()) -> #N/A | U31: =IFERROR(IF(P31>nGraded,"",IF(P31=nGraded,$Z$19,IF(P31=nGraded-1,$Z$20,IF(P31=1,-$Z$19,IF(P31=2,-$Z$20,S31/SQRT($Z$21)))))),"") | V31: =IFERROR(IF(P31<=nGraded,U31*Q31,""),"") | W31: =IFERROR(IF(P31<=nGraded,(2*P31-1)*(LN(NORMDIST(Q31,MeanScore,SDScore,TRUE()))+LN(1-NORMDIST(LARGE(Totals,P31),MeanScore,SDScore,TRUE()))),""),"") | Y31: A²* = A²(1 + 0.75/n + 2.25/n²) | Z31: =IFERROR(Z30*(1+0.75/nGraded+2.25/nGraded^2),"") | AB31: =IF('Quiz 2 Grades'!$Q23="Graded",'Quiz 2 Grades'!$M23,"") | AC31: =IF('Quiz 2 Grades'!$Q23="Graded",'Quiz 2 Grades'!C23,"") | AD31: =IF('Quiz 2 Grades'!$Q23="Graded",'Quiz 2 Grades'!D23,"") | AE31: =IF('Quiz 2 Grades'!$Q23="Graded",'Quiz 2 Grades'!E23,"") | AF31: =IF('Quiz 2 Grades'!$Q23="Graded",'Quiz 2 Grades'!F23,"") | AG31: =IF('Quiz 2 Grades'!$Q23="Graded",'Quiz 2 Grades'!G23,"") | AH31: =IF('Quiz 2 Grades'!$Q23="Graded",'Quiz 2 Grades'!I23,"") | AI31: =IF('Quiz 2 Grades'!$Q23="Graded",'Quiz 2 Grades'!J23,"") | AJ31: =IF('Quiz 2 Grades'!$Q23="Graded",'Quiz 2 Grades'!K23,"") | AK31: =IF(ISNUMBER(AB31),AB31-AC31,"") | AL31: =IF(ISNUMBER(AB31),AB31-AD31,"") | AM31: =IF(ISNUMBER(AB31),AB31-AE31,"") | AN31: =IF(ISNUMBER(AB31),AB31-AF31,"") | AO31: =IF(ISNUMBER(AB31),AB31-AG31,"") | AP31: =IF(ISNUMBER(AB31),AB31-AH31,"") | AQ31: =IF(ISNUMBER(AB31),AB31-AI31,"") | AR31: =IF(ISNUMBER(AB31),AB31-AJ31,"")
A32: Mean as % of max | B32: =IFERROR(B16/MaxScore,"") | J32: −2σ to −1σ | K32: =IFERROR(TEXT(MeanScore-2*SDScore,"0.0")&" – "&TEXT(MeanScore-SDScore,"0.0"),"") | L32: =NORMSDIST(2)-NORMSDIST(1) -> 0.13590512 | M32: =IFERROR(COUNTIFS(Totals,">="&(MeanScore-2*SDScore),Totals,"<"&(MeanScore-SDScore)),"") | N32: =IFERROR(M32/nGraded,"") | P32: 18 | Q32: =IF(P32<=nGraded,SMALL(Totals,P32),NA()) -> #N/A | R32: =IF(P32<=nGraded,(P32-0.375)/(nGraded+0.25),"") | S32: =IF(P32<=nGraded,NORMSINV(R32),"") | T32: =IFERROR(IF(P32<=nGraded,MeanScore+SDScore*S32,NA()),NA()) -> #N/A | U32: =IFERROR(IF(P32>nGraded,"",IF(P32=nGraded,$Z$19,IF(P32=nGraded-1,$Z$20,IF(P32=1,-$Z$19,IF(P32=2,-$Z$20,S32/SQRT($Z$21)))))),"") | V32: =IFERROR(IF(P32<=nGraded,U32*Q32,""),"") | W32: =IFERROR(IF(P32<=nGraded,(2*P32-1)*(LN(NORMDIST(Q32,MeanScore,SDScore,TRUE()))+LN(1-NORMDIST(LARGE(Totals,P32),MeanScore,SDScore,TRUE()))),""),"") | Y32: p (Anderson–Darling) | Z32: =IFERROR(IF(Z31>=0.6,EXP(1.2937-5.709*Z31+0.0186*Z31^2),IF(Z31>=0.34,EXP(0.9177-4.279*Z31-1.38*Z31^2),IF(Z31>=0.2,1-EXP(-8.318+42.796*Z31-59.938*Z31^2),1-EXP(-13.436+101.14*Z31-223.73*Z31^2)))),"") | AB32: =IF('Quiz 2 Grades'!$Q24="Graded",'Quiz 2 Grades'!$M24,"") | AC32: =IF('Quiz 2 Grades'!$Q24="Graded",'Quiz 2 Grades'!C24,"") | AD32: =IF('Quiz 2 Grades'!$Q24="Graded",'Quiz 2 Grades'!D24,"") | AE32: =IF('Quiz 2 Grades'!$Q24="Graded",'Quiz 2 Grades'!E24,"") | AF32: =IF('Quiz 2 Grades'!$Q24="Graded",'Quiz 2 Grades'!F24,"") | AG32: =IF('Quiz 2 Grades'!$Q24="Graded",'Quiz 2 Grades'!G24,"") | AH32: =IF('Quiz 2 Grades'!$Q24="Graded",'Quiz 2 Grades'!I24,"") | AI32: =IF('Quiz 2 Grades'!$Q24="Graded",'Quiz 2 Grades'!J24,"") | AJ32: =IF('Quiz 2 Grades'!$Q24="Graded",'Quiz 2 Grades'!K24,"") | AK32: =IF(ISNUMBER(AB32),AB32-AC32,"") | AL32: =IF(ISNUMBER(AB32),AB32-AD32,"") | AM32: =IF(ISNUMBER(AB32),AB32-AE32,"") | AN32: =IF(ISNUMBER(AB32),AB32-AF32,"") | AO32: =IF(ISNUMBER(AB32),AB32-AG32,"") | AP32: =IF(ISNUMBER(AB32),AB32-AH32,"") | AQ32: =IF(ISNUMBER(AB32),AB32-AI32,"") | AR32: =IF(ISNUMBER(AB32),AB32-AJ32,"")
A33: Median as % of max | B33: =IFERROR(B17/MaxScore,"") | J33: Below −2σ | K33: =IFERROR("< "&TEXT(MeanScore-2*SDScore,"0.0"),"") | L33: =1-NORMSDIST(2) -> 0.022750132 | M33: =IFERROR(COUNTIF(Totals,"<"&(MeanScore-2*SDScore)),"") | N33: =IFERROR(M33/nGraded,"") | P33: 19 | Q33: =IF(P33<=nGraded,SMALL(Totals,P33),NA()) -> #N/A | R33: =IF(P33<=nGraded,(P33-0.375)/(nGraded+0.25),"") | S33: =IF(P33<=nGraded,NORMSINV(R33),"") | T33: =IFERROR(IF(P33<=nGraded,MeanScore+SDScore*S33,NA()),NA()) -> #N/A | U33: =IFERROR(IF(P33>nGraded,"",IF(P33=nGraded,$Z$19,IF(P33=nGraded-1,$Z$20,IF(P33=1,-$Z$19,IF(P33=2,-$Z$20,S33/SQRT($Z$21)))))),"") | V33: =IFERROR(IF(P33<=nGraded,U33*Q33,""),"") | W33: =IFERROR(IF(P33<=nGraded,(2*P33-1)*(LN(NORMDIST(Q33,MeanScore,SDScore,TRUE()))+LN(1-NORMDIST(LARGE(Totals,P33),MeanScore,SDScore,TRUE()))),""),"") | Y33: SE of skewness | Z33: =IFERROR(SQRT(6*nGraded*(nGraded-1)/((nGraded-2)*(nGraded+1)*(nGraded+3))),"") -> 0 | AB33: =IF('Quiz 2 Grades'!$Q25="Graded",'Quiz 2 Grades'!$M25,"") | AC33: =IF('Quiz 2 Grades'!$Q25="Graded",'Quiz 2 Grades'!C25,"") | AD33: =IF('Quiz 2 Grades'!$Q25="Graded",'Quiz 2 Grades'!D25,"") | AE33: =IF('Quiz 2 Grades'!$Q25="Graded",'Quiz 2 Grades'!E25,"") | AF33: =IF('Quiz 2 Grades'!$Q25="Graded",'Quiz 2 Grades'!F25,"") | AG33: =IF('Quiz 2 Grades'!$Q25="Graded",'Quiz 2 Grades'!G25,"") | AH33: =IF('Quiz 2 Grades'!$Q25="Graded",'Quiz 2 Grades'!I25,"") | AI33: =IF('Quiz 2 Grades'!$Q25="Graded",'Quiz 2 Grades'!J25,"") | AJ33: =IF('Quiz 2 Grades'!$Q25="Graded",'Quiz 2 Grades'!K25,"") | AK33: =IF(ISNUMBER(AB33),AB33-AC33,"") | AL33: =IF(ISNUMBER(AB33),AB33-AD33,"") | AM33: =IF(ISNUMBER(AB33),AB33-AE33,"") | AN33: =IF(ISNUMBER(AB33),AB33-AF33,"") | AO33: =IF(ISNUMBER(AB33),AB33-AG33,"") | AP33: =IF(ISNUMBER(AB33),AB33-AH33,"") | AQ33: =IF(ISNUMBER(AB33),AB33-AI33,"") | AR33: =IF(ISNUMBER(AB33),AB33-AJ33,"")
A34: Significance level α (for tests) | B34: 0.05 | J34: Total | M34: =SUM(M29:M33) -> 0 | N34: =IF(M34=nGraded,"✔ = n","check") -> ✔ = n | P34: 20 | Q34: =IF(P34<=nGraded,SMALL(Totals,P34),NA()) -> #N/A | R34: =IF(P34<=nGraded,(P34-0.375)/(nGraded+0.25),"") | S34: =IF(P34<=nGraded,NORMSINV(R34),"") | T34: =IFERROR(IF(P34<=nGraded,MeanScore+SDScore*S34,NA()),NA()) -> #N/A | U34: =IFERROR(IF(P34>nGraded,"",IF(P34=nGraded,$Z$19,IF(P34=nGraded-1,$Z$20,IF(P34=1,-$Z$19,IF(P34=2,-$Z$20,S34/SQRT($Z$21)))))),"") | V34: =IFERROR(IF(P34<=nGraded,U34*Q34,""),"") | W34: =IFERROR(IF(P34<=nGraded,(2*P34-1)*(LN(NORMDIST(Q34,MeanScore,SDScore,TRUE()))+LN(1-NORMDIST(LARGE(Totals,P34),MeanScore,SDScore,TRUE()))),""),"") | Y34: SE of kurtosis | Z34: =IFERROR(2*Z33*SQRT((nGraded^2-1)/((nGraded-3)*(nGraded+5))),"") -> 0 | AB34: =IF('Quiz 2 Grades'!$Q26="Graded",'Quiz 2 Grades'!$M26,"") | AC34: =IF('Quiz 2 Grades'!$Q26="Graded",'Quiz 2 Grades'!C26,"") | AD34: =IF('Quiz 2 Grades'!$Q26="Graded",'Quiz 2 Grades'!D26,"") | AE34: =IF('Quiz 2 Grades'!$Q26="Graded",'Quiz 2 Grades'!E26,"") | AF34: =IF('Quiz 2 Grades'!$Q26="Graded",'Quiz 2 Grades'!F26,"") | AG34: =IF('Quiz 2 Grades'!$Q26="Graded",'Quiz 2 Grades'!G26,"") | AH34: =IF('Quiz 2 Grades'!$Q26="Graded",'Quiz 2 Grades'!I26,"") | AI34: =IF('Quiz 2 Grades'!$Q26="Graded",'Quiz 2 Grades'!J26,"") | AJ34: =IF('Quiz 2 Grades'!$Q26="Graded",'Quiz 2 Grades'!K26,"") | AK34: =IF(ISNUMBER(AB34),AB34-AC34,"") | AL34: =IF(ISNUMBER(AB34),AB34-AD34,"") | AM34: =IF(ISNUMBER(AB34),AB34-AE34,"") | AN34: =IF(ISNUMBER(AB34),AB34-AF34,"") | AO34: =IF(ISNUMBER(AB34),AB34-AG34,"") | AP34: =IF(ISNUMBER(AB34),AB34-AH34,"") | AQ34: =IF(ISNUMBER(AB34),AB34-AI34,"") | AR34: =IF(ISNUMBER(AB34),AB34-AJ34,"")
A35: Confidence level (for the CI) | B35: 0.95 | P35: 21 | Q35: =IF(P35<=nGraded,SMALL(Totals,P35),NA()) -> #N/A | R35: =IF(P35<=nGraded,(P35-0.375)/(nGraded+0.25),"") | S35: =IF(P35<=nGraded,NORMSINV(R35),"") | T35: =IFERROR(IF(P35<=nGraded,MeanScore+SDScore*S35,NA()),NA()) -> #N/A | U35: =IFERROR(IF(P35>nGraded,"",IF(P35=nGraded,$Z$19,IF(P35=nGraded-1,$Z$20,IF(P35=1,-$Z$19,IF(P35=2,-$Z$20,S35/SQRT($Z$21)))))),"") | V35: =IFERROR(IF(P35<=nGraded,U35*Q35,""),"") | W35: =IFERROR(IF(P35<=nGraded,(2*P35-1)*(LN(NORMDIST(Q35,MeanScore,SDScore,TRUE()))+LN(1-NORMDIST(LARGE(Totals,P35),MeanScore,SDScore,TRUE()))),""),"") | AB35: =IF('Quiz 2 Grades'!$Q27="Graded",'Quiz 2 Grades'!$M27,"") | AC35: =IF('Quiz 2 Grades'!$Q27="Graded",'Quiz 2 Grades'!C27,"") | AD35: =IF('Quiz 2 Grades'!$Q27="Graded",'Quiz 2 Grades'!D27,"") | AE35: =IF('Quiz 2 Grades'!$Q27="Graded",'Quiz 2 Grades'!E27,"") | AF35: =IF('Quiz 2 Grades'!$Q27="Graded",'Quiz 2 Grades'!F27,"") | AG35: =IF('Quiz 2 Grades'!$Q27="Graded",'Quiz 2 Grades'!G27,"") | AH35: =IF('Quiz 2 Grades'!$Q27="Graded",'Quiz 2 Grades'!I27,"") | AI35: =IF('Quiz 2 Grades'!$Q27="Graded",'Quiz 2 Grades'!J27,"") | AJ35: =IF('Quiz 2 Grades'!$Q27="Graded",'Quiz 2 Grades'!K27,"") | AK35: =IF(ISNUMBER(AB35),AB35-AC35,"") | AL35: =IF(ISNUMBER(AB35),AB35-AD35,"") | AM35: =IF(ISNUMBER(AB35),AB35-AE35,"") | AN35: =IF(ISNUMBER(AB35),AB35-AF35,"") | AO35: =IF(ISNUMBER(AB35),AB35-AG35,"") | AP35: =IF(ISNUMBER(AB35),AB35-AH35,"") | AQ35: =IF(ISNUMBER(AB35),AB35-AI35,"") | AR35: =IF(ISNUMBER(AB35),AB35-AJ35,"")
P36: 22 | Q36: =IF(P36<=nGraded,SMALL(Totals,P36),NA()) -> #N/A | R36: =IF(P36<=nGraded,(P36-0.375)/(nGraded+0.25),"") | S36: =IF(P36<=nGraded,NORMSINV(R36),"") | T36: =IFERROR(IF(P36<=nGraded,MeanScore+SDScore*S36,NA()),NA()) -> #N/A | U36: =IFERROR(IF(P36>nGraded,"",IF(P36=nGraded,$Z$19,IF(P36=nGraded-1,$Z$20,IF(P36=1,-$Z$19,IF(P36=2,-$Z$20,S36/SQRT($Z$21)))))),"") | V36: =IFERROR(IF(P36<=nGraded,U36*Q36,""),"") | W36: =IFERROR(IF(P36<=nGraded,(2*P36-1)*(LN(NORMDIST(Q36,MeanScore,SDScore,TRUE()))+LN(1-NORMDIST(LARGE(Totals,P36),MeanScore,SDScore,TRUE()))),""),"") | Y36: Q–Q reference line | AB36: =IF('Quiz 2 Grades'!$Q28="Graded",'Quiz 2 Grades'!$M28,"") | AC36: =IF('Quiz 2 Grades'!$Q28="Graded",'Quiz 2 Grades'!C28,"") | AD36: =IF('Quiz 2 Grades'!$Q28="Graded",'Quiz 2 Grades'!D28,"") | AE36: =IF('Quiz 2 Grades'!$Q28="Graded",'Quiz 2 Grades'!E28,"") | AF36: =IF('Quiz 2 Grades'!$Q28="Graded",'Quiz 2 Grades'!F28,"") | AG36: =IF('Quiz 2 Grades'!$Q28="Graded",'Quiz 2 Grades'!G28,"") | AH36: =IF('Quiz 2 Grades'!$Q28="Graded",'Quiz 2 Grades'!I28,"") | AI36: =IF('Quiz 2 Grades'!$Q28="Graded",'Quiz 2 Grades'!J28,"") | AJ36: =IF('Quiz 2 Grades'!$Q28="Graded",'Quiz 2 Grades'!K28,"") | AK36: =IF(ISNUMBER(AB36),AB36-AC36,"") | AL36: =IF(ISNUMBER(AB36),AB36-AD36,"") | AM36: =IF(ISNUMBER(AB36),AB36-AE36,"") | AN36: =IF(ISNUMBER(AB36),AB36-AF36,"") | AO36: =IF(ISNUMBER(AB36),AB36-AG36,"") | AP36: =IF(ISNUMBER(AB36),AB36-AH36,"") | AQ36: =IF(ISNUMBER(AB36),AB36-AI36,"") | AR36: =IF(ISNUMBER(AB36),AB36-AJ36,"")
A37: 4. Score distribution vs. the Gaussian (normal) curve | P37: 23 | Q37: =IF(P37<=nGraded,SMALL(Totals,P37),NA()) -> #N/A | R37: =IF(P37<=nGraded,(P37-0.375)/(nGraded+0.25),"") | S37: =IF(P37<=nGraded,NORMSINV(R37),"") | T37: =IFERROR(IF(P37<=nGraded,MeanScore+SDScore*S37,NA()),NA()) -> #N/A | U37: =IFERROR(IF(P37>nGraded,"",IF(P37=nGraded,$Z$19,IF(P37=nGraded-1,$Z$20,IF(P37=1,-$Z$19,IF(P37=2,-$Z$20,S37/SQRT($Z$21)))))),"") | V37: =IFERROR(IF(P37<=nGraded,U37*Q37,""),"") | W37: =IFERROR(IF(P37<=nGraded,(2*P37-1)*(LN(NORMDIST(Q37,MeanScore,SDScore,TRUE()))+LN(1-NORMDIST(LARGE(Totals,P37),MeanScore,SDScore,TRUE()))),""),"") | Y37: =IFERROR(MIN(Totals,MeanScore-3*SDScore),NA()) -> #N/A | Z37: =Y37 -> #N/A | AB37: =IF('Quiz 2 Grades'!$Q29="Graded",'Quiz 2 Grades'!$M29,"") | AC37: =IF('Quiz 2 Grades'!$Q29="Graded",'Quiz 2 Grades'!C29,"") | AD37: =IF('Quiz 2 Grades'!$Q29="Graded",'Quiz 2 Grades'!D29,"") | AE37: =IF('Quiz 2 Grades'!$Q29="Graded",'Quiz 2 Grades'!E29,"") | AF37: =IF('Quiz 2 Grades'!$Q29="Graded",'Quiz 2 Grades'!F29,"") | AG37: =IF('Quiz 2 Grades'!$Q29="Graded",'Quiz 2 Grades'!G29,"") | AH37: =IF('Quiz 2 Grades'!$Q29="Graded",'Quiz 2 Grades'!I29,"") | AI37: =IF('Quiz 2 Grades'!$Q29="Graded",'Quiz 2 Grades'!J29,"") | AJ37: =IF('Quiz 2 Grades'!$Q29="Graded",'Quiz 2 Grades'!K29,"") | AK37: =IF(ISNUMBER(AB37),AB37-AC37,"") | AL37: =IF(ISNUMBER(AB37),AB37-AD37,"") | AM37: =IF(ISNUMBER(AB37),AB37-AE37,"") | AN37: =IF(ISNUMBER(AB37),AB37-AF37,"") | AO37: =IF(ISNUMBER(AB37),AB37-AG37,"") | AP37: =IF(ISNUMBER(AB37),AB37-AH37,"") | AQ37: =IF(ISNUMBER(AB37),AB37-AI37,"") | AR37: =IF(ISNUMBER(AB37),AB37-AJ37,"")
A38: Score bin | B38: From | C38: To | D38: Midpoint | E38: Observed students | F38: Expected if Gaussian | G38: Observed − expected | P38: 24 | Q38: =IF(P38<=nGraded,SMALL(Totals,P38),NA()) -> #N/A | R38: =IF(P38<=nGraded,(P38-0.375)/(nGraded+0.25),"") | S38: =IF(P38<=nGraded,NORMSINV(R38),"") | T38: =IFERROR(IF(P38<=nGraded,MeanScore+SDScore*S38,NA()),NA()) -> #N/A | U38: =IFERROR(IF(P38>nGraded,"",IF(P38=nGraded,$Z$19,IF(P38=nGraded-1,$Z$20,IF(P38=1,-$Z$19,IF(P38=2,-$Z$20,S38/SQRT($Z$21)))))),"") | V38: =IFERROR(IF(P38<=nGraded,U38*Q38,""),"") | W38: =IFERROR(IF(P38<=nGraded,(2*P38-1)*(LN(NORMDIST(Q38,MeanScore,SDScore,TRUE()))+LN(1-NORMDIST(LARGE(Totals,P38),MeanScore,SDScore,TRUE()))),""),"") | Y38: =IFERROR(MAX(MaxScore,MeanScore+3*SDScore),NA()) -> #N/A | Z38: =Y38 -> #N/A | AB38: =IF('Quiz 2 Grades'!$Q30="Graded",'Quiz 2 Grades'!$M30,"") | AC38: =IF('Quiz 2 Grades'!$Q30="Graded",'Quiz 2 Grades'!C30,"") | AD38: =IF('Quiz 2 Grades'!$Q30="Graded",'Quiz 2 Grades'!D30,"") | AE38: =IF('Quiz 2 Grades'!$Q30="Graded",'Quiz 2 Grades'!E30,"") | AF38: =IF('Quiz 2 Grades'!$Q30="Graded",'Quiz 2 Grades'!F30,"") | AG38: =IF('Quiz 2 Grades'!$Q30="Graded",'Quiz 2 Grades'!G30,"") | AH38: =IF('Quiz 2 Grades'!$Q30="Graded",'Quiz 2 Grades'!I30,"") | AI38: =IF('Quiz 2 Grades'!$Q30="Graded",'Quiz 2 Grades'!J30,"") | AJ38: =IF('Quiz 2 Grades'!$Q30="Graded",'Quiz 2 Grades'!K30,"") | AK38: =IF(ISNUMBER(AB38),AB38-AC38,"") | AL38: =IF(ISNUMBER(AB38),AB38-AD38,"") | AM38: =IF(ISNUMBER(AB38),AB38-AE38,"") | AN38: =IF(ISNUMBER(AB38),AB38-AF38,"") | AO38: =IF(ISNUMBER(AB38),AB38-AG38,"") | AP38: =IF(ISNUMBER(AB38),AB38-AH38,"") | AQ38: =IF(ISNUMBER(AB38),AB38-AI38,"") | AR38: =IF(ISNUMBER(AB38),AB38-AJ38,"")
A39: =B39&"–"&C39 -> 0–5 | B39: 0 | C39: =B39+5 -> 5 | D39: =(B39+C39)/2 -> 2.5 | E39: =COUNTIFS(Totals,">="&B39,Totals,"<"&C39) -> 0 | F39: =IFERROR(nGraded*(NORMDIST(C39,MeanScore,SDScore,TRUE())-NORMDIST(B39,MeanScore,SDScore,TRUE())),"") | G39: =IFERROR(E39-F39,"") | P39: 25 | Q39: =IF(P39<=nGraded,SMALL(Totals,P39),NA()) -> #N/A | R39: =IF(P39<=nGraded,(P39-0.375)/(nGraded+0.25),"") | S39: =IF(P39<=nGraded,NORMSINV(R39),"") | T39: =IFERROR(IF(P39<=nGraded,MeanScore+SDScore*S39,NA()),NA()) -> #N/A | U39: =IFERROR(IF(P39>nGraded,"",IF(P39=nGraded,$Z$19,IF(P39=nGraded-1,$Z$20,IF(P39=1,-$Z$19,IF(P39=2,-$Z$20,S39/SQRT($Z$21)))))),"") | V39: =IFERROR(IF(P39<=nGraded,U39*Q39,""),"") | W39: =IFERROR(IF(P39<=nGraded,(2*P39-1)*(LN(NORMDIST(Q39,MeanScore,SDScore,TRUE()))+LN(1-NORMDIST(LARGE(Totals,P39),MeanScore,SDScore,TRUE()))),""),"") | AB39: =IF('Quiz 2 Grades'!$Q31="Graded",'Quiz 2 Grades'!$M31,"") | AC39: =IF('Quiz 2 Grades'!$Q31="Graded",'Quiz 2 Grades'!C31,"") | AD39: =IF('Quiz 2 Grades'!$Q31="Graded",'Quiz 2 Grades'!D31,"") | AE39: =IF('Quiz 2 Grades'!$Q31="Graded",'Quiz 2 Grades'!E31,"") | AF39: =IF('Quiz 2 Grades'!$Q31="Graded",'Quiz 2 Grades'!F31,"") | AG39: =IF('Quiz 2 Grades'!$Q31="Graded",'Quiz 2 Grades'!G31,"") | AH39: =IF('Quiz 2 Grades'!$Q31="Graded",'Quiz 2 Grades'!I31,"") | AI39: =IF('Quiz 2 Grades'!$Q31="Graded",'Quiz 2 Grades'!J31,"") | AJ39: =IF('Quiz 2 Grades'!$Q31="Graded",'Quiz 2 Grades'!K31,"") | AK39: =IF(ISNUMBER(AB39),AB39-AC39,"") | AL39: =IF(ISNUMBER(AB39),AB39-AD39,"") | AM39: =IF(ISNUMBER(AB39),AB39-AE39,"") | AN39: =IF(ISNUMBER(AB39),AB39-AF39,"") | AO39: =IF(ISNUMBER(AB39),AB39-AG39,"") | AP39: =IF(ISNUMBER(AB39),AB39-AH39,"") | AQ39: =IF(ISNUMBER(AB39),AB39-AI39,"") | AR39: =IF(ISNUMBER(AB39),AB39-AJ39,"")
A40: =B40&"–"&C40 -> 5–10 | B40: 5 | C40: =B40+5 -> 10 | D40: =(B40+C40)/2 -> 7.5 | E40: =COUNTIFS(Totals,">="&B40,Totals,"<"&C40) -> 0 | F40: =IFERROR(nGraded*(NORMDIST(C40,MeanScore,SDScore,TRUE())-NORMDIST(B40,MeanScore,SDScore,TRUE())),"") | G40: =IFERROR(E40-F40,"") | P40: 26 | Q40: =IF(P40<=nGraded,SMALL(Totals,P40),NA()) -> #N/A | R40: =IF(P40<=nGraded,(P40-0.375)/(nGraded+0.25),"") | S40: =IF(P40<=nGraded,NORMSINV(R40),"") | T40: =IFERROR(IF(P40<=nGraded,MeanScore+SDScore*S40,NA()),NA()) -> #N/A | U40: =IFERROR(IF(P40>nGraded,"",IF(P40=nGraded,$Z$19,IF(P40=nGraded-1,$Z$20,IF(P40=1,-$Z$19,IF(P40=2,-$Z$20,S40/SQRT($Z$21)))))),"") | V40: =IFERROR(IF(P40<=nGraded,U40*Q40,""),"") | W40: =IFERROR(IF(P40<=nGraded,(2*P40-1)*(LN(NORMDIST(Q40,MeanScore,SDScore,TRUE()))+LN(1-NORMDIST(LARGE(Totals,P40),MeanScore,SDScore,TRUE()))),""),"") | AB40: =IF('Quiz 2 Grades'!$Q32="Graded",'Quiz 2 Grades'!$M32,"") | AC40: =IF('Quiz 2 Grades'!$Q32="Graded",'Quiz 2 Grades'!C32,"") | AD40: =IF('Quiz 2 Grades'!$Q32="Graded",'Quiz 2 Grades'!D32,"") | AE40: =IF('Quiz 2 Grades'!$Q32="Graded",'Quiz 2 Grades'!E32,"") | AF40: =IF('Quiz 2 Grades'!$Q32="Graded",'Quiz 2 Grades'!F32,"") | AG40: =IF('Quiz 2 Grades'!$Q32="Graded",'Quiz 2 Grades'!G32,"") | AH40: =IF('Quiz 2 Grades'!$Q32="Graded",'Quiz 2 Grades'!I32,"") | AI40: =IF('Quiz 2 Grades'!$Q32="Graded",'Quiz 2 Grades'!J32,"") | AJ40: =IF('Quiz 2 Grades'!$Q32="Graded",'Quiz 2 Grades'!K32,"") | AK40: =IF(ISNUMBER(AB40),AB40-AC40,"") | AL40: =IF(ISNUMBER(AB40),AB40-AD40,"") | AM40: =IF(ISNUMBER(AB40),AB40-AE40,"") | AN40: =IF(ISNUMBER(AB40),AB40-AF40,"") | AO40: =IF(ISNUMBER(AB40),AB40-AG40,"") | AP40: =IF(ISNUMBER(AB40),AB40-AH40,"") | AQ40: =IF(ISNUMBER(AB40),AB40-AI40,"") | AR40: =IF(ISNUMBER(AB40),AB40-AJ40,"")
A41: =B41&"–"&C41 -> 10–15 | B41: 10 | C41: =B41+5 -> 15 | D41: =(B41+C41)/2 -> 12.5 | E41: =COUNTIFS(Totals,">="&B41,Totals,"<"&C41) -> 0 | F41: =IFERROR(nGraded*(NORMDIST(C41,MeanScore,SDScore,TRUE())-NORMDIST(B41,MeanScore,SDScore,TRUE())),"") | G41: =IFERROR(E41-F41,"") | P41: 27 | Q41: =IF(P41<=nGraded,SMALL(Totals,P41),NA()) -> #N/A | R41: =IF(P41<=nGraded,(P41-0.375)/(nGraded+0.25),"") | S41: =IF(P41<=nGraded,NORMSINV(R41),"") | T41: =IFERROR(IF(P41<=nGraded,MeanScore+SDScore*S41,NA()),NA()) -> #N/A | U41: =IFERROR(IF(P41>nGraded,"",IF(P41=nGraded,$Z$19,IF(P41=nGraded-1,$Z$20,IF(P41=1,-$Z$19,IF(P41=2,-$Z$20,S41/SQRT($Z$21)))))),"") | V41: =IFERROR(IF(P41<=nGraded,U41*Q41,""),"") | W41: =IFERROR(IF(P41<=nGraded,(2*P41-1)*(LN(NORMDIST(Q41,MeanScore,SDScore,TRUE()))+LN(1-NORMDIST(LARGE(Totals,P41),MeanScore,SDScore,TRUE()))),""),"") | AB41: =IF('Quiz 2 Grades'!$Q33="Graded",'Quiz 2 Grades'!$M33,"") | AC41: =IF('Quiz 2 Grades'!$Q33="Graded",'Quiz 2 Grades'!C33,"") | AD41: =IF('Quiz 2 Grades'!$Q33="Graded",'Quiz 2 Grades'!D33,"") | AE41: =IF('Quiz 2 Grades'!$Q33="Graded",'Quiz 2 Grades'!E33,"") | AF41: =IF('Quiz 2 Grades'!$Q33="Graded",'Quiz 2 Grades'!F33,"") | AG41: =IF('Quiz 2 Grades'!$Q33="Graded",'Quiz 2 Grades'!G33,"") | AH41: =IF('Quiz 2 Grades'!$Q33="Graded",'Quiz 2 Grades'!I33,"") | AI41: =IF('Quiz 2 Grades'!$Q33="Graded",'Quiz 2 Grades'!J33,"") | AJ41: =IF('Quiz 2 Grades'!$Q33="Graded",'Quiz 2 Grades'!K33,"") | AK41: =IF(ISNUMBER(AB41),AB41-AC41,"") | AL41: =IF(ISNUMBER(AB41),AB41-AD41,"") | AM41: =IF(ISNUMBER(AB41),AB41-AE41,"") | AN41: =IF(ISNUMBER(AB41),AB41-AF41,"") | AO41: =IF(ISNUMBER(AB41),AB41-AG41,"") | AP41: =IF(ISNUMBER(AB41),AB41-AH41,"") | AQ41: =IF(ISNUMBER(AB41),AB41-AI41,"") | AR41: =IF(ISNUMBER(AB41),AB41-AJ41,"")
A42: =B42&"–"&C42 -> 15–20 | B42: 15 | C42: =B42+5 -> 20 | D42: =(B42+C42)/2 -> 17.5 | E42: =COUNTIFS(Totals,">="&B42,Totals,"<"&C42) -> 0 | F42: =IFERROR(nGraded*(NORMDIST(C42,MeanScore,SDScore,TRUE())-NORMDIST(B42,MeanScore,SDScore,TRUE())),"") | G42: =IFERROR(E42-F42,"") | P42: 28 | Q42: =IF(P42<=nGraded,SMALL(Totals,P42),NA()) -> #N/A | R42: =IF(P42<=nGraded,(P42-0.375)/(nGraded+0.25),"") | S42: =IF(P42<=nGraded,NORMSINV(R42),"") | T42: =IFERROR(IF(P42<=nGraded,MeanScore+SDScore*S42,NA()),NA()) -> #N/A | U42: =IFERROR(IF(P42>nGraded,"",IF(P42=nGraded,$Z$19,IF(P42=nGraded-1,$Z$20,IF(P42=1,-$Z$19,IF(P42=2,-$Z$20,S42/SQRT($Z$21)))))),"") | V42: =IFERROR(IF(P42<=nGraded,U42*Q42,""),"") | W42: =IFERROR(IF(P42<=nGraded,(2*P42-1)*(LN(NORMDIST(Q42,MeanScore,SDScore,TRUE()))+LN(1-NORMDIST(LARGE(Totals,P42),MeanScore,SDScore,TRUE()))),""),"") | AB42: =IF('Quiz 2 Grades'!$Q34="Graded",'Quiz 2 Grades'!$M34,"") | AC42: =IF('Quiz 2 Grades'!$Q34="Graded",'Quiz 2 Grades'!C34,"") | AD42: =IF('Quiz 2 Grades'!$Q34="Graded",'Quiz 2 Grades'!D34,"") | AE42: =IF('Quiz 2 Grades'!$Q34="Graded",'Quiz 2 Grades'!E34,"") | AF42: =IF('Quiz 2 Grades'!$Q34="Graded",'Quiz 2 Grades'!F34,"") | AG42: =IF('Quiz 2 Grades'!$Q34="Graded",'Quiz 2 Grades'!G34,"") | AH42: =IF('Quiz 2 Grades'!$Q34="Graded",'Quiz 2 Grades'!I34,"") | AI42: =IF('Quiz 2 Grades'!$Q34="Graded",'Quiz 2 Grades'!J34,"") | AJ42: =IF('Quiz 2 Grades'!$Q34="Graded",'Quiz 2 Grades'!K34,"") | AK42: =IF(ISNUMBER(AB42),AB42-AC42,"") | AL42: =IF(ISNUMBER(AB42),AB42-AD42,"") | AM42: =IF(ISNUMBER(AB42),AB42-AE42,"") | AN42: =IF(ISNUMBER(AB42),AB42-AF42,"") | AO42: =IF(ISNUMBER(AB42),AB42-AG42,"") | AP42: =IF(ISNUMBER(AB42),AB42-AH42,"") | AQ42: =IF(ISNUMBER(AB42),AB42-AI42,"") | AR42: =IF(ISNUMBER(AB42),AB42-AJ42,"")
A43: =B43&"–"&C43 -> 20–25 | B43: 20 | C43: =B43+5 -> 25 | D43: =(B43+C43)/2 -> 22.5 | E43: =COUNTIFS(Totals,">="&B43,Totals,"<"&C43) -> 0 | F43: =IFERROR(nGraded*(NORMDIST(C43,MeanScore,SDScore,TRUE())-NORMDIST(B43,MeanScore,SDScore,TRUE())),"") | G43: =IFERROR(E43-F43,"") | P43: 29 | Q43: =IF(P43<=nGraded,SMALL(Totals,P43),NA()) -> #N/A | R43: =IF(P43<=nGraded,(P43-0.375)/(nGraded+0.25),"") | S43: =IF(P43<=nGraded,NORMSINV(R43),"") | T43: =IFERROR(IF(P43<=nGraded,MeanScore+SDScore*S43,NA()),NA()) -> #N/A | U43: =IFERROR(IF(P43>nGraded,"",IF(P43=nGraded,$Z$19,IF(P43=nGraded-1,$Z$20,IF(P43=1,-$Z$19,IF(P43=2,-$Z$20,S43/SQRT($Z$21)))))),"") | V43: =IFERROR(IF(P43<=nGraded,U43*Q43,""),"") | W43: =IFERROR(IF(P43<=nGraded,(2*P43-1)*(LN(NORMDIST(Q43,MeanScore,SDScore,TRUE()))+LN(1-NORMDIST(LARGE(Totals,P43),MeanScore,SDScore,TRUE()))),""),"") | AB43: =IF('Quiz 2 Grades'!$Q35="Graded",'Quiz 2 Grades'!$M35,"") | AC43: =IF('Quiz 2 Grades'!$Q35="Graded",'Quiz 2 Grades'!C35,"") | AD43: =IF('Quiz 2 Grades'!$Q35="Graded",'Quiz 2 Grades'!D35,"") | AE43: =IF('Quiz 2 Grades'!$Q35="Graded",'Quiz 2 Grades'!E35,"") | AF43: =IF('Quiz 2 Grades'!$Q35="Graded",'Quiz 2 Grades'!F35,"") | AG43: =IF('Quiz 2 Grades'!$Q35="Graded",'Quiz 2 Grades'!G35,"") | AH43: =IF('Quiz 2 Grades'!$Q35="Graded",'Quiz 2 Grades'!I35,"") | AI43: =IF('Quiz 2 Grades'!$Q35="Graded",'Quiz 2 Grades'!J35,"") | AJ43: =IF('Quiz 2 Grades'!$Q35="Graded",'Quiz 2 Grades'!K35,"") | AK43: =IF(ISNUMBER(AB43),AB43-AC43,"") | AL43: =IF(ISNUMBER(AB43),AB43-AD43,"") | AM43: =IF(ISNUMBER(AB43),AB43-AE43,"") | AN43: =IF(ISNUMBER(AB43),AB43-AF43,"") | AO43: =IF(ISNUMBER(AB43),AB43-AG43,"") | AP43: =IF(ISNUMBER(AB43),AB43-AH43,"") | AQ43: =IF(ISNUMBER(AB43),AB43-AI43,"") | AR43: =IF(ISNUMBER(AB43),AB43-AJ43,"")
A44: =B44&"–"&C44 -> 25–30 | B44: 25 | C44: =B44+5 -> 30 | D44: =(B44+C44)/2 -> 27.5 | E44: =COUNTIFS(Totals,">="&B44,Totals,"<"&C44) -> 0 | F44: =IFERROR(nGraded*(NORMDIST(C44,MeanScore,SDScore,TRUE())-NORMDIST(B44,MeanScore,SDScore,TRUE())),"") | G44: =IFERROR(E44-F44,"") | P44: 30 | Q44: =IF(P44<=nGraded,SMALL(Totals,P44),NA()) -> #N/A | R44: =IF(P44<=nGraded,(P44-0.375)/(nGraded+0.25),"") | S44: =IF(P44<=nGraded,NORMSINV(R44),"") | T44: =IFERROR(IF(P44<=nGraded,MeanScore+SDScore*S44,NA()),NA()) -> #N/A | U44: =IFERROR(IF(P44>nGraded,"",IF(P44=nGraded,$Z$19,IF(P44=nGraded-1,$Z$20,IF(P44=1,-$Z$19,IF(P44=2,-$Z$20,S44/SQRT($Z$21)))))),"") | V44: =IFERROR(IF(P44<=nGraded,U44*Q44,""),"") | W44: =IFERROR(IF(P44<=nGraded,(2*P44-1)*(LN(NORMDIST(Q44,MeanScore,SDScore,TRUE()))+LN(1-NORMDIST(LARGE(Totals,P44),MeanScore,SDScore,TRUE()))),""),"") | AB44: =IF('Quiz 2 Grades'!$Q36="Graded",'Quiz 2 Grades'!$M36,"") | AC44: =IF('Quiz 2 Grades'!$Q36="Graded",'Quiz 2 Grades'!C36,"") | AD44: =IF('Quiz 2 Grades'!$Q36="Graded",'Quiz 2 Grades'!D36,"") | AE44: =IF('Quiz 2 Grades'!$Q36="Graded",'Quiz 2 Grades'!E36,"") | AF44: =IF('Quiz 2 Grades'!$Q36="Graded",'Quiz 2 Grades'!F36,"") | AG44: =IF('Quiz 2 Grades'!$Q36="Graded",'Quiz 2 Grades'!G36,"") | AH44: =IF('Quiz 2 Grades'!$Q36="Graded",'Quiz 2 Grades'!I36,"") | AI44: =IF('Quiz 2 Grades'!$Q36="Graded",'Quiz 2 Grades'!J36,"") | AJ44: =IF('Quiz 2 Grades'!$Q36="Graded",'Quiz 2 Grades'!K36,"") | AK44: =IF(ISNUMBER(AB44),AB44-AC44,"") | AL44: =IF(ISNUMBER(AB44),AB44-AD44,"") | AM44: =IF(ISNUMBER(AB44),AB44-AE44,"") | AN44: =IF(ISNUMBER(AB44),AB44-AF44,"") | AO44: =IF(ISNUMBER(AB44),AB44-AG44,"") | AP44: =IF(ISNUMBER(AB44),AB44-AH44,"") | AQ44: =IF(ISNUMBER(AB44),AB44-AI44,"") | AR44: =IF(ISNUMBER(AB44),AB44-AJ44,"")
A45: =B45&"–"&C45 -> 30–35 | B45: 30 | C45: =B45+5 -> 35 | D45: =(B45+C45)/2 -> 32.5 | E45: =COUNTIFS(Totals,">="&B45,Totals,"<"&C45) -> 0 | F45: =IFERROR(nGraded*(NORMDIST(C45,MeanScore,SDScore,TRUE())-NORMDIST(B45,MeanScore,SDScore,TRUE())),"") | G45: =IFERROR(E45-F45,"") | P45: 31 | Q45: =IF(P45<=nGraded,SMALL(Totals,P45),NA()) -> #N/A | R45: =IF(P45<=nGraded,(P45-0.375)/(nGraded+0.25),"") | S45: =IF(P45<=nGraded,NORMSINV(R45),"") | T45: =IFERROR(IF(P45<=nGraded,MeanScore+SDScore*S45,NA()),NA()) -> #N/A | U45: =IFERROR(IF(P45>nGraded,"",IF(P45=nGraded,$Z$19,IF(P45=nGraded-1,$Z$20,IF(P45=1,-$Z$19,IF(P45=2,-$Z$20,S45/SQRT($Z$21)))))),"") | V45: =IFERROR(IF(P45<=nGraded,U45*Q45,""),"") | W45: =IFERROR(IF(P45<=nGraded,(2*P45-1)*(LN(NORMDIST(Q45,MeanScore,SDScore,TRUE()))+LN(1-NORMDIST(LARGE(Totals,P45),MeanScore,SDScore,TRUE()))),""),"") | AB45: =IF('Quiz 2 Grades'!$Q37="Graded",'Quiz 2 Grades'!$M37,"") | AC45: =IF('Quiz 2 Grades'!$Q37="Graded",'Quiz 2 Grades'!C37,"") | AD45: =IF('Quiz 2 Grades'!$Q37="Graded",'Quiz 2 Grades'!D37,"") | AE45: =IF('Quiz 2 Grades'!$Q37="Graded",'Quiz 2 Grades'!E37,"") | AF45: =IF('Quiz 2 Grades'!$Q37="Graded",'Quiz 2 Grades'!F37,"") | AG45: =IF('Quiz 2 Grades'!$Q37="Graded",'Quiz 2 Grades'!G37,"") | AH45: =IF('Quiz 2 Grades'!$Q37="Graded",'Quiz 2 Grades'!I37,"") | AI45: =IF('Quiz 2 Grades'!$Q37="Graded",'Quiz 2 Grades'!J37,"") | AJ45: =IF('Quiz 2 Grades'!$Q37="Graded",'Quiz 2 Grades'!K37,"") | AK45: =IF(ISNUMBER(AB45),AB45-AC45,"") | AL45: =IF(ISNUMBER(AB45),AB45-AD45,"") | AM45: =IF(ISNUMBER(AB45),AB45-AE45,"") | AN45: =IF(ISNUMBER(AB45),AB45-AF45,"") | AO45: =IF(ISNUMBER(AB45),AB45-AG45,"") | AP45: =IF(ISNUMBER(AB45),AB45-AH45,"") | AQ45: =IF(ISNUMBER(AB45),AB45-AI45,"") | AR45: =IF(ISNUMBER(AB45),AB45-AJ45,"")
A46: =B46&"–"&C46 -> 35–40 | B46: 35 | C46: =B46+5 -> 40 | D46: =(B46+C46)/2 -> 37.5 | E46: =COUNTIFS(Totals,">="&B46,Totals,"<"&C46) -> 0 | F46: =IFERROR(nGraded*(NORMDIST(C46,MeanScore,SDScore,TRUE())-NORMDIST(B46,MeanScore,SDScore,TRUE())),"") | G46: =IFERROR(E46-F46,"") | P46: 32 | Q46: =IF(P46<=nGraded,SMALL(Totals,P46),NA()) -> #N/A | R46: =IF(P46<=nGraded,(P46-0.375)/(nGraded+0.25),"") | S46: =IF(P46<=nGraded,NORMSINV(R46),"") | T46: =IFERROR(IF(P46<=nGraded,MeanScore+SDScore*S46,NA()),NA()) -> #N/A | U46: =IFERROR(IF(P46>nGraded,"",IF(P46=nGraded,$Z$19,IF(P46=nGraded-1,$Z$20,IF(P46=1,-$Z$19,IF(P46=2,-$Z$20,S46/SQRT($Z$21)))))),"") | V46: =IFERROR(IF(P46<=nGraded,U46*Q46,""),"") | W46: =IFERROR(IF(P46<=nGraded,(2*P46-1)*(LN(NORMDIST(Q46,MeanScore,SDScore,TRUE()))+LN(1-NORMDIST(LARGE(Totals,P46),MeanScore,SDScore,TRUE()))),""),"") | AB46: =IF('Quiz 2 Grades'!$Q38="Graded",'Quiz 2 Grades'!$M38,"") | AC46: =IF('Quiz 2 Grades'!$Q38="Graded",'Quiz 2 Grades'!C38,"") | AD46: =IF('Quiz 2 Grades'!$Q38="Graded",'Quiz 2 Grades'!D38,"") | AE46: =IF('Quiz 2 Grades'!$Q38="Graded",'Quiz 2 Grades'!E38,"") | AF46: =IF('Quiz 2 Grades'!$Q38="Graded",'Quiz 2 Grades'!F38,"") | AG46: =IF('Quiz 2 Grades'!$Q38="Graded",'Quiz 2 Grades'!G38,"") | AH46: =IF('Quiz 2 Grades'!$Q38="Graded",'Quiz 2 Grades'!I38,"") | AI46: =IF('Quiz 2 Grades'!$Q38="Graded",'Quiz 2 Grades'!J38,"") | AJ46: =IF('Quiz 2 Grades'!$Q38="Graded",'Quiz 2 Grades'!K38,"") | AK46: =IF(ISNUMBER(AB46),AB46-AC46,"") | AL46: =IF(ISNUMBER(AB46),AB46-AD46,"") | AM46: =IF(ISNUMBER(AB46),AB46-AE46,"") | AN46: =IF(ISNUMBER(AB46),AB46-AF46,"") | AO46: =IF(ISNUMBER(AB46),AB46-AG46,"") | AP46: =IF(ISNUMBER(AB46),AB46-AH46,"") | AQ46: =IF(ISNUMBER(AB46),AB46-AI46,"") | AR46: =IF(ISNUMBER(AB46),AB46-AJ46,"")
A47: =B47&"–"&C47 -> 40–45 | B47: 40 | C47: =B47+5 -> 45 | D47: =(B47+C47)/2 -> 42.5 | E47: =COUNTIFS(Totals,">="&B47,Totals,"<"&C47) -> 0 | F47: =IFERROR(nGraded*(NORMDIST(C47,MeanScore,SDScore,TRUE())-NORMDIST(B47,MeanScore,SDScore,TRUE())),"") | G47: =IFERROR(E47-F47,"") | P47: 33 | Q47: =IF(P47<=nGraded,SMALL(Totals,P47),NA()) -> #N/A | R47: =IF(P47<=nGraded,(P47-0.375)/(nGraded+0.25),"") | S47: =IF(P47<=nGraded,NORMSINV(R47),"") | T47: =IFERROR(IF(P47<=nGraded,MeanScore+SDScore*S47,NA()),NA()) -> #N/A | U47: =IFERROR(IF(P47>nGraded,"",IF(P47=nGraded,$Z$19,IF(P47=nGraded-1,$Z$20,IF(P47=1,-$Z$19,IF(P47=2,-$Z$20,S47/SQRT($Z$21)))))),"") | V47: =IFERROR(IF(P47<=nGraded,U47*Q47,""),"") | W47: =IFERROR(IF(P47<=nGraded,(2*P47-1)*(LN(NORMDIST(Q47,MeanScore,SDScore,TRUE()))+LN(1-NORMDIST(LARGE(Totals,P47),MeanScore,SDScore,TRUE()))),""),"") | AB47: =IF('Quiz 2 Grades'!$Q39="Graded",'Quiz 2 Grades'!$M39,"") | AC47: =IF('Quiz 2 Grades'!$Q39="Graded",'Quiz 2 Grades'!C39,"") | AD47: =IF('Quiz 2 Grades'!$Q39="Graded",'Quiz 2 Grades'!D39,"") | AE47: =IF('Quiz 2 Grades'!$Q39="Graded",'Quiz 2 Grades'!E39,"") | AF47: =IF('Quiz 2 Grades'!$Q39="Graded",'Quiz 2 Grades'!F39,"") | AG47: =IF('Quiz 2 Grades'!$Q39="Graded",'Quiz 2 Grades'!G39,"") | AH47: =IF('Quiz 2 Grades'!$Q39="Graded",'Quiz 2 Grades'!I39,"") | AI47: =IF('Quiz 2 Grades'!$Q39="Graded",'Quiz 2 Grades'!J39,"") | AJ47: =IF('Quiz 2 Grades'!$Q39="Graded",'Quiz 2 Grades'!K39,"") | AK47: =IF(ISNUMBER(AB47),AB47-AC47,"") | AL47: =IF(ISNUMBER(AB47),AB47-AD47,"") | AM47: =IF(ISNUMBER(AB47),AB47-AE47,"") | AN47: =IF(ISNUMBER(AB47),AB47-AF47,"") | AO47: =IF(ISNUMBER(AB47),AB47-AG47,"") | AP47: =IF(ISNUMBER(AB47),AB47-AH47,"") | AQ47: =IF(ISNUMBER(AB47),AB47-AI47,"") | AR47: =IF(ISNUMBER(AB47),AB47-AJ47,"")
A48: =B48&"–"&C48 -> 45–50 | B48: 45 | C48: =MaxScore -> 50 | D48: =(B48+C48)/2 -> 47.5 | E48: =COUNTIFS(Totals,">="&B48,Totals,"<="&C48) -> 0 | F48: =IFERROR(nGraded*(NORMDIST(C48,MeanScore,SDScore,TRUE())-NORMDIST(B48,MeanScore,SDScore,TRUE())),"") | G48: =IFERROR(E48-F48,"") | P48: 34 | Q48: =IF(P48<=nGraded,SMALL(Totals,P48),NA()) -> #N/A | R48: =IF(P48<=nGraded,(P48-0.375)/(nGraded+0.25),"") | S48: =IF(P48<=nGraded,NORMSINV(R48),"") | T48: =IFERROR(IF(P48<=nGraded,MeanScore+SDScore*S48,NA()),NA()) -> #N/A | U48: =IFERROR(IF(P48>nGraded,"",IF(P48=nGraded,$Z$19,IF(P48=nGraded-1,$Z$20,IF(P48=1,-$Z$19,IF(P48=2,-$Z$20,S48/SQRT($Z$21)))))),"") | V48: =IFERROR(IF(P48<=nGraded,U48*Q48,""),"") | W48: =IFERROR(IF(P48<=nGraded,(2*P48-1)*(LN(NORMDIST(Q48,MeanScore,SDScore,TRUE()))+LN(1-NORMDIST(LARGE(Totals,P48),MeanScore,SDScore,TRUE()))),""),"") | AB48: =IF('Quiz 2 Grades'!$Q40="Graded",'Quiz 2 Grades'!$M40,"") | AC48: =IF('Quiz 2 Grades'!$Q40="Graded",'Quiz 2 Grades'!C40,"") | AD48: =IF('Quiz 2 Grades'!$Q40="Graded",'Quiz 2 Grades'!D40,"") | AE48: =IF('Quiz 2 Grades'!$Q40="Graded",'Quiz 2 Grades'!E40,"") | AF48: =IF('Quiz 2 Grades'!$Q40="Graded",'Quiz 2 Grades'!F40,"") | AG48: =IF('Quiz 2 Grades'!$Q40="Graded",'Quiz 2 Grades'!G40,"") | AH48: =IF('Quiz 2 Grades'!$Q40="Graded",'Quiz 2 Grades'!I40,"") | AI48: =IF('Quiz 2 Grades'!$Q40="Graded",'Quiz 2 Grades'!J40,"") | AJ48: =IF('Quiz 2 Grades'!$Q40="Graded",'Quiz 2 Grades'!K40,"") | AK48: =IF(ISNUMBER(AB48),AB48-AC48,"") | AL48: =IF(ISNUMBER(AB48),AB48-AD48,"") | AM48: =IF(ISNUMBER(AB48),AB48-AE48,"") | AN48: =IF(ISNUMBER(AB48),AB48-AF48,"") | AO48: =IF(ISNUMBER(AB48),AB48-AG48,"") | AP48: =IF(ISNUMBER(AB48),AB48-AH48,"") | AQ48: =IF(ISNUMBER(AB48),AB48-AI48,"") | AR48: =IF(ISNUMBER(AB48),AB48-AJ48,"")
A49: Total (0 – max) | E49: =SUM(E39:E48) -> 0 | F49: =SUM(F39:F48) -> 0 | P49: 35 | Q49: =IF(P49<=nGraded,SMALL(Totals,P49),NA()) -> #N/A | R49: =IF(P49<=nGraded,(P49-0.375)/(nGraded+0.25),"") | S49: =IF(P49<=nGraded,NORMSINV(R49),"") | T49: =IFERROR(IF(P49<=nGraded,MeanScore+SDScore*S49,NA()),NA()) -> #N/A | U49: =IFERROR(IF(P49>nGraded,"",IF(P49=nGraded,$Z$19,IF(P49=nGraded-1,$Z$20,IF(P49=1,-$Z$19,IF(P49=2,-$Z$20,S49/SQRT($Z$21)))))),"") | V49: =IFERROR(IF(P49<=nGraded,U49*Q49,""),"") | W49: =IFERROR(IF(P49<=nGraded,(2*P49-1)*(LN(NORMDIST(Q49,MeanScore,SDScore,TRUE()))+LN(1-NORMDIST(LARGE(Totals,P49),MeanScore,SDScore,TRUE()))),""),"") | AB49: =IF('Quiz 2 Grades'!$Q41="Graded",'Quiz 2 Grades'!$M41,"") | AC49: =IF('Quiz 2 Grades'!$Q41="Graded",'Quiz 2 Grades'!C41,"") | AD49: =IF('Quiz 2 Grades'!$Q41="Graded",'Quiz 2 Grades'!D41,"") | AE49: =IF('Quiz 2 Grades'!$Q41="Graded",'Quiz 2 Grades'!E41,"") | AF49: =IF('Quiz 2 Grades'!$Q41="Graded",'Quiz 2 Grades'!F41,"") | AG49: =IF('Quiz 2 Grades'!$Q41="Graded",'Quiz 2 Grades'!G41,"") | AH49: =IF('Quiz 2 Grades'!$Q41="Graded",'Quiz 2 Grades'!I41,"") | AI49: =IF('Quiz 2 Grades'!$Q41="Graded",'Quiz 2 Grades'!J41,"") | AJ49: =IF('Quiz 2 Grades'!$Q41="Graded",'Quiz 2 Grades'!K41,"") | AK49: =IF(ISNUMBER(AB49),AB49-AC49,"") | AL49: =IF(ISNUMBER(AB49),AB49-AD49,"") | AM49: =IF(ISNUMBER(AB49),AB49-AE49,"") | AN49: =IF(ISNUMBER(AB49),AB49-AF49,"") | AO49: =IF(ISNUMBER(AB49),AB49-AG49,"") | AP49: =IF(ISNUMBER(AB49),AB49-AH49,"") | AQ49: =IF(ISNUMBER(AB49),AB49-AI49,"") | AR49: =IF(ISNUMBER(AB49),AB49-AJ49,"")
A50: Expected below 0 (impossible score) | F50: =IFERROR(nGraded*NORMDIST(0,MeanScore,SDScore,TRUE()),"") | P50: 36 | Q50: =IF(P50<=nGraded,SMALL(Totals,P50),NA()) -> #N/A | R50: =IF(P50<=nGraded,(P50-0.375)/(nGraded+0.25),"") | S50: =IF(P50<=nGraded,NORMSINV(R50),"") | T50: =IFERROR(IF(P50<=nGraded,MeanScore+SDScore*S50,NA()),NA()) -> #N/A | U50: =IFERROR(IF(P50>nGraded,"",IF(P50=nGraded,$Z$19,IF(P50=nGraded-1,$Z$20,IF(P50=1,-$Z$19,IF(P50=2,-$Z$20,S50/SQRT($Z$21)))))),"") | V50: =IFERROR(IF(P50<=nGraded,U50*Q50,""),"") | W50: =IFERROR(IF(P50<=nGraded,(2*P50-1)*(LN(NORMDIST(Q50,MeanScore,SDScore,TRUE()))+LN(1-NORMDIST(LARGE(Totals,P50),MeanScore,SDScore,TRUE()))),""),"") | AB50: =IF('Quiz 2 Grades'!$Q42="Graded",'Quiz 2 Grades'!$M42,"") | AC50: =IF('Quiz 2 Grades'!$Q42="Graded",'Quiz 2 Grades'!C42,"") | AD50: =IF('Quiz 2 Grades'!$Q42="Graded",'Quiz 2 Grades'!D42,"") | AE50: =IF('Quiz 2 Grades'!$Q42="Graded",'Quiz 2 Grades'!E42,"") | AF50: =IF('Quiz 2 Grades'!$Q42="Graded",'Quiz 2 Grades'!F42,"") | AG50: =IF('Quiz 2 Grades'!$Q42="Graded",'Quiz 2 Grades'!G42,"") | AH50: =IF('Quiz 2 Grades'!$Q42="Graded",'Quiz 2 Grades'!I42,"") | AI50: =IF('Quiz 2 Grades'!$Q42="Graded",'Quiz 2 Grades'!J42,"") | AJ50: =IF('Quiz 2 Grades'!$Q42="Graded",'Quiz 2 Grades'!K42,"") | AK50: =IF(ISNUMBER(AB50),AB50-AC50,"") | AL50: =IF(ISNUMBER(AB50),AB50-AD50,"") | AM50: =IF(ISNUMBER(AB50),AB50-AE50,"") | AN50: =IF(ISNUMBER(AB50),AB50-AF50,"") | AO50: =IF(ISNUMBER(AB50),AB50-AG50,"") | AP50: =IF(ISNUMBER(AB50),AB50-AH50,"") | AQ50: =IF(ISNUMBER(AB50),AB50-AI50,"") | AR50: =IF(ISNUMBER(AB50),AB50-AJ50,"")
A51: Expected above the maximum (ceiling) | F51: =IFERROR(nGraded*(1-NORMDIST(MaxScore,MeanScore,SDScore,TRUE())),"") | G51: =IFERROR(F51/nGraded,"") | P51: 37 | Q51: =IF(P51<=nGraded,SMALL(Totals,P51),NA()) -> #N/A | R51: =IF(P51<=nGraded,(P51-0.375)/(nGraded+0.25),"") | S51: =IF(P51<=nGraded,NORMSINV(R51),"") | T51: =IFERROR(IF(P51<=nGraded,MeanScore+SDScore*S51,NA()),NA()) -> #N/A | U51: =IFERROR(IF(P51>nGraded,"",IF(P51=nGraded,$Z$19,IF(P51=nGraded-1,$Z$20,IF(P51=1,-$Z$19,IF(P51=2,-$Z$20,S51/SQRT($Z$21)))))),"") | V51: =IFERROR(IF(P51<=nGraded,U51*Q51,""),"") | W51: =IFERROR(IF(P51<=nGraded,(2*P51-1)*(LN(NORMDIST(Q51,MeanScore,SDScore,TRUE()))+LN(1-NORMDIST(LARGE(Totals,P51),MeanScore,SDScore,TRUE()))),""),"") | AB51: =IF('Quiz 2 Grades'!$Q43="Graded",'Quiz 2 Grades'!$M43,"") | AC51: =IF('Quiz 2 Grades'!$Q43="Graded",'Quiz 2 Grades'!C43,"") | AD51: =IF('Quiz 2 Grades'!$Q43="Graded",'Quiz 2 Grades'!D43,"") | AE51: =IF('Quiz 2 Grades'!$Q43="Graded",'Quiz 2 Grades'!E43,"") | AF51: =IF('Quiz 2 Grades'!$Q43="Graded",'Quiz 2 Grades'!F43,"") | AG51: =IF('Quiz 2 Grades'!$Q43="Graded",'Quiz 2 Grades'!G43,"") | AH51: =IF('Quiz 2 Grades'!$Q43="Graded",'Quiz 2 Grades'!I43,"") | AI51: =IF('Quiz 2 Grades'!$Q43="Graded",'Quiz 2 Grades'!J43,"") | AJ51: =IF('Quiz 2 Grades'!$Q43="Graded",'Quiz 2 Grades'!K43,"") | AK51: =IF(ISNUMBER(AB51),AB51-AC51,"") | AL51: =IF(ISNUMBER(AB51),AB51-AD51,"") | AM51: =IF(ISNUMBER(AB51),AB51-AE51,"") | AN51: =IF(ISNUMBER(AB51),AB51-AF51,"") | AO51: =IF(ISNUMBER(AB51),AB51-AG51,"") | AP51: =IF(ISNUMBER(AB51),AB51-AH51,"") | AQ51: =IF(ISNUMBER(AB51),AB51-AI51,"") | AR51: =IF(ISNUMBER(AB51),AB51-AJ51,"")
P52: 38 | Q52: =IF(P52<=nGraded,SMALL(Totals,P52),NA()) -> #N/A | R52: =IF(P52<=nGraded,(P52-0.375)/(nGraded+0.25),"") | S52: =IF(P52<=nGraded,NORMSINV(R52),"") | T52: =IFERROR(IF(P52<=nGraded,MeanScore+SDScore*S52,NA()),NA()) -> #N/A | U52: =IFERROR(IF(P52>nGraded,"",IF(P52=nGraded,$Z$19,IF(P52=nGraded-1,$Z$20,IF(P52=1,-$Z$19,IF(P52=2,-$Z$20,S52/SQRT($Z$21)))))),"") | V52: =IFERROR(IF(P52<=nGraded,U52*Q52,""),"") | W52: =IFERROR(IF(P52<=nGraded,(2*P52-1)*(LN(NORMDIST(Q52,MeanScore,SDScore,TRUE()))+LN(1-NORMDIST(LARGE(Totals,P52),MeanScore,SDScore,TRUE()))),""),"") | AB52: =IF('Quiz 2 Grades'!$Q44="Graded",'Quiz 2 Grades'!$M44,"") | AC52: =IF('Quiz 2 Grades'!$Q44="Graded",'Quiz 2 Grades'!C44,"") | AD52: =IF('Quiz 2 Grades'!$Q44="Graded",'Quiz 2 Grades'!D44,"") | AE52: =IF('Quiz 2 Grades'!$Q44="Graded",'Quiz 2 Grades'!E44,"") | AF52: =IF('Quiz 2 Grades'!$Q44="Graded",'Quiz 2 Grades'!F44,"") | AG52: =IF('Quiz 2 Grades'!$Q44="Graded",'Quiz 2 Grades'!G44,"") | AH52: =IF('Quiz 2 Grades'!$Q44="Graded",'Quiz 2 Grades'!I44,"") | AI52: =IF('Quiz 2 Grades'!$Q44="Graded",'Quiz 2 Grades'!J44,"") | AJ52: =IF('Quiz 2 Grades'!$Q44="Graded",'Quiz 2 Grades'!K44,"") | AK52: =IF(ISNUMBER(AB52),AB52-AC52,"") | AL52: =IF(ISNUMBER(AB52),AB52-AD52,"") | AM52: =IF(ISNUMBER(AB52),AB52-AE52,"") | AN52: =IF(ISNUMBER(AB52),AB52-AF52,"") | AO52: =IF(ISNUMBER(AB52),AB52-AG52,"") | AP52: =IF(ISNUMBER(AB52),AB52-AH52,"") | AQ52: =IF(ISNUMBER(AB52),AB52-AI52,"") | AR52: =IF(ISNUMBER(AB52),AB52-AJ52,"")
P53: 39 | Q53: =IF(P53<=nGraded,SMALL(Totals,P53),NA()) -> #N/A | R53: =IF(P53<=nGraded,(P53-0.375)/(nGraded+0.25),"") | S53: =IF(P53<=nGraded,NORMSINV(R53),"") | T53: =IFERROR(IF(P53<=nGraded,MeanScore+SDScore*S53,NA()),NA()) -> #N/A | U53: =IFERROR(IF(P53>nGraded,"",IF(P53=nGraded,$Z$19,IF(P53=nGraded-1,$Z$20,IF(P53=1,-$Z$19,IF(P53=2,-$Z$20,S53/SQRT($Z$21)))))),"") | V53: =IFERROR(IF(P53<=nGraded,U53*Q53,""),"") | W53: =IFERROR(IF(P53<=nGraded,(2*P53-1)*(LN(NORMDIST(Q53,MeanScore,SDScore,TRUE()))+LN(1-NORMDIST(LARGE(Totals,P53),MeanScore,SDScore,TRUE()))),""),"") | AB53: =IF('Quiz 2 Grades'!$Q45="Graded",'Quiz 2 Grades'!$M45,"") | AC53: =IF('Quiz 2 Grades'!$Q45="Graded",'Quiz 2 Grades'!C45,"") | AD53: =IF('Quiz 2 Grades'!$Q45="Graded",'Quiz 2 Grades'!D45,"") | AE53: =IF('Quiz 2 Grades'!$Q45="Graded",'Quiz 2 Grades'!E45,"") | AF53: =IF('Quiz 2 Grades'!$Q45="Graded",'Quiz 2 Grades'!F45,"") | AG53: =IF('Quiz 2 Grades'!$Q45="Graded",'Quiz 2 Grades'!G45,"") | AH53: =IF('Quiz 2 Grades'!$Q45="Graded",'Quiz 2 Grades'!I45,"") | AI53: =IF('Quiz 2 Grades'!$Q45="Graded",'Quiz 2 Grades'!J45,"") | AJ53: =IF('Quiz 2 Grades'!$Q45="Graded",'Quiz 2 Grades'!K45,"") | AK53: =IF(ISNUMBER(AB53),AB53-AC53,"") | AL53: =IF(ISNUMBER(AB53),AB53-AD53,"") | AM53: =IF(ISNUMBER(AB53),AB53-AE53,"") | AN53: =IF(ISNUMBER(AB53),AB53-AF53,"") | AO53: =IF(ISNUMBER(AB53),AB53-AG53,"") | AP53: =IF(ISNUMBER(AB53),AB53-AH53,"") | AQ53: =IF(ISNUMBER(AB53),AB53-AI53,"") | AR53: =IF(ISNUMBER(AB53),AB53-AJ53,"")
P54: 40 | Q54: =IF(P54<=nGraded,SMALL(Totals,P54),NA()) -> #N/A | R54: =IF(P54<=nGraded,(P54-0.375)/(nGraded+0.25),"") | S54: =IF(P54<=nGraded,NORMSINV(R54),"") | T54: =IFERROR(IF(P54<=nGraded,MeanScore+SDScore*S54,NA()),NA()) -> #N/A | U54: =IFERROR(IF(P54>nGraded,"",IF(P54=nGraded,$Z$19,IF(P54=nGraded-1,$Z$20,IF(P54=1,-$Z$19,IF(P54=2,-$Z$20,S54/SQRT($Z$21)))))),"") | V54: =IFERROR(IF(P54<=nGraded,U54*Q54,""),"") | W54: =IFERROR(IF(P54<=nGraded,(2*P54-1)*(LN(NORMDIST(Q54,MeanScore,SDScore,TRUE()))+LN(1-NORMDIST(LARGE(Totals,P54),MeanScore,SDScore,TRUE()))),""),"") | AB54: =IF('Quiz 2 Grades'!$Q46="Graded",'Quiz 2 Grades'!$M46,"") | AC54: =IF('Quiz 2 Grades'!$Q46="Graded",'Quiz 2 Grades'!C46,"") | AD54: =IF('Quiz 2 Grades'!$Q46="Graded",'Quiz 2 Grades'!D46,"") | AE54: =IF('Quiz 2 Grades'!$Q46="Graded",'Quiz 2 Grades'!E46,"") | AF54: =IF('Quiz 2 Grades'!$Q46="Graded",'Quiz 2 Grades'!F46,"") | AG54: =IF('Quiz 2 Grades'!$Q46="Graded",'Quiz 2 Grades'!G46,"") | AH54: =IF('Quiz 2 Grades'!$Q46="Graded",'Quiz 2 Grades'!I46,"") | AI54: =IF('Quiz 2 Grades'!$Q46="Graded",'Quiz 2 Grades'!J46,"") | AJ54: =IF('Quiz 2 Grades'!$Q46="Graded",'Quiz 2 Grades'!K46,"") | AK54: =IF(ISNUMBER(AB54),AB54-AC54,"") | AL54: =IF(ISNUMBER(AB54),AB54-AD54,"") | AM54: =IF(ISNUMBER(AB54),AB54-AE54,"") | AN54: =IF(ISNUMBER(AB54),AB54-AF54,"") | AO54: =IF(ISNUMBER(AB54),AB54-AG54,"") | AP54: =IF(ISNUMBER(AB54),AB54-AH54,"") | AQ54: =IF(ISNUMBER(AB54),AB54-AI54,"") | AR54: =IF(ISNUMBER(AB54),AB54-AJ54,"")
A55: 5. Question (item) analysis — graded quizzes only | P55: 41 | Q55: =IF(P55<=nGraded,SMALL(Totals,P55),NA()) -> #N/A | R55: =IF(P55<=nGraded,(P55-0.375)/(nGraded+0.25),"") | S55: =IF(P55<=nGraded,NORMSINV(R55),"") | T55: =IFERROR(IF(P55<=nGraded,MeanScore+SDScore*S55,NA()),NA()) -> #N/A | U55: =IFERROR(IF(P55>nGraded,"",IF(P55=nGraded,$Z$19,IF(P55=nGraded-1,$Z$20,IF(P55=1,-$Z$19,IF(P55=2,-$Z$20,S55/SQRT($Z$21)))))),"") | V55: =IFERROR(IF(P55<=nGraded,U55*Q55,""),"") | W55: =IFERROR(IF(P55<=nGraded,(2*P55-1)*(LN(NORMDIST(Q55,MeanScore,SDScore,TRUE()))+LN(1-NORMDIST(LARGE(Totals,P55),MeanScore,SDScore,TRUE()))),""),"") | AB55: =IF('Quiz 2 Grades'!$Q47="Graded",'Quiz 2 Grades'!$M47,"") | AC55: =IF('Quiz 2 Grades'!$Q47="Graded",'Quiz 2 Grades'!C47,"") | AD55: =IF('Quiz 2 Grades'!$Q47="Graded",'Quiz 2 Grades'!D47,"") | AE55: =IF('Quiz 2 Grades'!$Q47="Graded",'Quiz 2 Grades'!E47,"") | AF55: =IF('Quiz 2 Grades'!$Q47="Graded",'Quiz 2 Grades'!F47,"") | AG55: =IF('Quiz 2 Grades'!$Q47="Graded",'Quiz 2 Grades'!G47,"") | AH55: =IF('Quiz 2 Grades'!$Q47="Graded",'Quiz 2 Grades'!I47,"") | AI55: =IF('Quiz 2 Grades'!$Q47="Graded",'Quiz 2 Grades'!J47,"") | AJ55: =IF('Quiz 2 Grades'!$Q47="Graded",'Quiz 2 Grades'!K47,"") | AK55: =IF(ISNUMBER(AB55),AB55-AC55,"") | AL55: =IF(ISNUMBER(AB55),AB55-AD55,"") | AM55: =IF(ISNUMBER(AB55),AB55-AE55,"") | AN55: =IF(ISNUMBER(AB55),AB55-AF55,"") | AO55: =IF(ISNUMBER(AB55),AB55-AG55,"") | AP55: =IF(ISNUMBER(AB55),AB55-AH55,"") | AQ55: =IF(ISNUMBER(AB55),AB55-AI55,"") | AR55: =IF(ISNUMBER(AB55),AB55-AJ55,"")
A56: Question | B56: Max pts | C56: Average | D56: Difficulty (avg %) | E56: SD | F56: Item–rest correlation | G56: Discrimination | H56: Hint | P56: 42 | Q56: =IF(P56<=nGraded,SMALL(Totals,P56),NA()) -> #N/A | R56: =IF(P56<=nGraded,(P56-0.375)/(nGraded+0.25),"") | S56: =IF(P56<=nGraded,NORMSINV(R56),"") | T56: =IFERROR(IF(P56<=nGraded,MeanScore+SDScore*S56,NA()),NA()) -> #N/A | U56: =IFERROR(IF(P56>nGraded,"",IF(P56=nGraded,$Z$19,IF(P56=nGraded-1,$Z$20,IF(P56=1,-$Z$19,IF(P56=2,-$Z$20,S56/SQRT($Z$21)))))),"") | V56: =IFERROR(IF(P56<=nGraded,U56*Q56,""),"") | W56: =IFERROR(IF(P56<=nGraded,(2*P56-1)*(LN(NORMDIST(Q56,MeanScore,SDScore,TRUE()))+LN(1-NORMDIST(LARGE(Totals,P56),MeanScore,SDScore,TRUE()))),""),"") | AB56: =IF('Quiz 2 Grades'!$Q48="Graded",'Quiz 2 Grades'!$M48,"") | AC56: =IF('Quiz 2 Grades'!$Q48="Graded",'Quiz 2 Grades'!C48,"") | AD56: =IF('Quiz 2 Grades'!$Q48="Graded",'Quiz 2 Grades'!D48,"") | AE56: =IF('Quiz 2 Grades'!$Q48="Graded",'Quiz 2 Grades'!E48,"") | AF56: =IF('Quiz 2 Grades'!$Q48="Graded",'Quiz 2 Grades'!F48,"") | AG56: =IF('Quiz 2 Grades'!$Q48="Graded",'Quiz 2 Grades'!G48,"") | AH56: =IF('Quiz 2 Grades'!$Q48="Graded",'Quiz 2 Grades'!I48,"") | AI56: =IF('Quiz 2 Grades'!$Q48="Graded",'Quiz 2 Grades'!J48,"") | AJ56: =IF('Quiz 2 Grades'!$Q48="Graded",'Quiz 2 Grades'!K48,"") | AK56: =IF(ISNUMBER(AB56),AB56-AC56,"") | AL56: =IF(ISNUMBER(AB56),AB56-AD56,"") | AM56: =IF(ISNUMBER(AB56),AB56-AE56,"") | AN56: =IF(ISNUMBER(AB56),AB56-AF56,"") | AO56: =IF(ISNUMBER(AB56),AB56-AG56,"") | AP56: =IF(ISNUMBER(AB56),AB56-AH56,"") | AQ56: =IF(ISNUMBER(AB56),AB56-AI56,"") | AR56: =IF(ISNUMBER(AB56),AB56-AJ56,"")
A57: ='Quiz 2 Grades'!C6 -> 1.1 | B57: ='Quiz 2 Grades'!C$5 -> 15 | C57: =IFERROR(AVERAGE($AC$15:$AC$66),"") | D57: =IFERROR(C57/B57,"") | E57: =IFERROR(STDEV($AC$15:$AC$66),"") | F57: =IFERROR(CORREL($AC$15:$AC$66,$AK$15:$AK$66),"") | G57: =IF(ISNUMBER(F57),IF(F57>=0.3,"Good",IF(F57>=0.2,"Fair","Weak")),"") | H57: =IF(D57="","",IF(D57<0.5,"Hard for most",IF(D57>0.9,"Very easy",""))&IF(AND(ISNUMBER(F57),F57<0.2)," · check key/wording","")) | P57: 43 | Q57: =IF(P57<=nGraded,SMALL(Totals,P57),NA()) -> #N/A | R57: =IF(P57<=nGraded,(P57-0.375)/(nGraded+0.25),"") | S57: =IF(P57<=nGraded,NORMSINV(R57),"") | T57: =IFERROR(IF(P57<=nGraded,MeanScore+SDScore*S57,NA()),NA()) -> #N/A | U57: =IFERROR(IF(P57>nGraded,"",IF(P57=nGraded,$Z$19,IF(P57=nGraded-1,$Z$20,IF(P57=1,-$Z$19,IF(P57=2,-$Z$20,S57/SQRT($Z$21)))))),"") | V57: =IFERROR(IF(P57<=nGraded,U57*Q57,""),"") | W57: =IFERROR(IF(P57<=nGraded,(2*P57-1)*(LN(NORMDIST(Q57,MeanScore,SDScore,TRUE()))+LN(1-NORMDIST(LARGE(Totals,P57),MeanScore,SDScore,TRUE()))),""),"") | AB57: =IF('Quiz 2 Grades'!$Q49="Graded",'Quiz 2 Grades'!$M49,"") | AC57: =IF('Quiz 2 Grades'!$Q49="Graded",'Quiz 2 Grades'!C49,"") | AD57: =IF('Quiz 2 Grades'!$Q49="Graded",'Quiz 2 Grades'!D49,"") | AE57: =IF('Quiz 2 Grades'!$Q49="Graded",'Quiz 2 Grades'!E49,"") | AF57: =IF('Quiz 2 Grades'!$Q49="Graded",'Quiz 2 Grades'!F49,"") | AG57: =IF('Quiz 2 Grades'!$Q49="Graded",'Quiz 2 Grades'!G49,"") | AH57: =IF('Quiz 2 Grades'!$Q49="Graded",'Quiz 2 Grades'!I49,"") | AI57: =IF('Quiz 2 Grades'!$Q49="Graded",'Quiz 2 Grades'!J49,"") | AJ57: =IF('Quiz 2 Grades'!$Q49="Graded",'Quiz 2 Grades'!K49,"") | AK57: =IF(ISNUMBER(AB57),AB57-AC57,"") | AL57: =IF(ISNUMBER(AB57),AB57-AD57,"") | AM57: =IF(ISNUMBER(AB57),AB57-AE57,"") | AN57: =IF(ISNUMBER(AB57),AB57-AF57,"") | AO57: =IF(ISNUMBER(AB57),AB57-AG57,"") | AP57: =IF(ISNUMBER(AB57),AB57-AH57,"") | AQ57: =IF(ISNUMBER(AB57),AB57-AI57,"") | AR57: =IF(ISNUMBER(AB57),AB57-AJ57,"")
A58: ='Quiz 2 Grades'!D6 -> 1.2 a | B58: ='Quiz 2 Grades'!D$5 -> 6 | C58: =IFERROR(AVERAGE($AD$15:$AD$66),"") | D58: =IFERROR(C58/B58,"") | E58: =IFERROR(STDEV($AD$15:$AD$66),"") | F58: =IFERROR(CORREL($AD$15:$AD$66,$AL$15:$AL$66),"") | G58: =IF(ISNUMBER(F58),IF(F58>=0.3,"Good",IF(F58>=0.2,"Fair","Weak")),"") | H58: =IF(D58="","",IF(D58<0.5,"Hard for most",IF(D58>0.9,"Very easy",""))&IF(AND(ISNUMBER(F58),F58<0.2)," · check key/wording","")) | P58: 44 | Q58: =IF(P58<=nGraded,SMALL(Totals,P58),NA()) -> #N/A | R58: =IF(P58<=nGraded,(P58-0.375)/(nGraded+0.25),"") | S58: =IF(P58<=nGraded,NORMSINV(R58),"") | T58: =IFERROR(IF(P58<=nGraded,MeanScore+SDScore*S58,NA()),NA()) -> #N/A | U58: =IFERROR(IF(P58>nGraded,"",IF(P58=nGraded,$Z$19,IF(P58=nGraded-1,$Z$20,IF(P58=1,-$Z$19,IF(P58=2,-$Z$20,S58/SQRT($Z$21)))))),"") | V58: =IFERROR(IF(P58<=nGraded,U58*Q58,""),"") | W58: =IFERROR(IF(P58<=nGraded,(2*P58-1)*(LN(NORMDIST(Q58,MeanScore,SDScore,TRUE()))+LN(1-NORMDIST(LARGE(Totals,P58),MeanScore,SDScore,TRUE()))),""),"") | AB58: =IF('Quiz 2 Grades'!$Q50="Graded",'Quiz 2 Grades'!$M50,"") | AC58: =IF('Quiz 2 Grades'!$Q50="Graded",'Quiz 2 Grades'!C50,"") | AD58: =IF('Quiz 2 Grades'!$Q50="Graded",'Quiz 2 Grades'!D50,"") | AE58: =IF('Quiz 2 Grades'!$Q50="Graded",'Quiz 2 Grades'!E50,"") | AF58: =IF('Quiz 2 Grades'!$Q50="Graded",'Quiz 2 Grades'!F50,"") | AG58: =IF('Quiz 2 Grades'!$Q50="Graded",'Quiz 2 Grades'!G50,"") | AH58: =IF('Quiz 2 Grades'!$Q50="Graded",'Quiz 2 Grades'!I50,"") | AI58: =IF('Quiz 2 Grades'!$Q50="Graded",'Quiz 2 Grades'!J50,"") | AJ58: =IF('Quiz 2 Grades'!$Q50="Graded",'Quiz 2 Grades'!K50,"") | AK58: =IF(ISNUMBER(AB58),AB58-AC58,"") | AL58: =IF(ISNUMBER(AB58),AB58-AD58,"") | AM58: =IF(ISNUMBER(AB58),AB58-AE58,"") | AN58: =IF(ISNUMBER(AB58),AB58-AF58,"") | AO58: =IF(ISNUMBER(AB58),AB58-AG58,"") | AP58: =IF(ISNUMBER(AB58),AB58-AH58,"") | AQ58: =IF(ISNUMBER(AB58),AB58-AI58,"") | AR58: =IF(ISNUMBER(AB58),AB58-AJ58,"")
A59: ='Quiz 2 Grades'!E6 -> 1.2 b | B59: ='Quiz 2 Grades'!E$5 -> 1 | C59: =IFERROR(AVERAGE($AE$15:$AE$66),"") | D59: =IFERROR(C59/B59,"") | E59: =IFERROR(STDEV($AE$15:$AE$66),"") | F59: =IFERROR(CORREL($AE$15:$AE$66,$AM$15:$AM$66),"") | G59: =IF(ISNUMBER(F59),IF(F59>=0.3,"Good",IF(F59>=0.2,"Fair","Weak")),"") | H59: =IF(D59="","",IF(D59<0.5,"Hard for most",IF(D59>0.9,"Very easy",""))&IF(AND(ISNUMBER(F59),F59<0.2)," · check key/wording","")) | P59: 45 | Q59: =IF(P59<=nGraded,SMALL(Totals,P59),NA()) -> #N/A | R59: =IF(P59<=nGraded,(P59-0.375)/(nGraded+0.25),"") | S59: =IF(P59<=nGraded,NORMSINV(R59),"") | T59: =IFERROR(IF(P59<=nGraded,MeanScore+SDScore*S59,NA()),NA()) -> #N/A | U59: =IFERROR(IF(P59>nGraded,"",IF(P59=nGraded,$Z$19,IF(P59=nGraded-1,$Z$20,IF(P59=1,-$Z$19,IF(P59=2,-$Z$20,S59/SQRT($Z$21)))))),"") | V59: =IFERROR(IF(P59<=nGraded,U59*Q59,""),"") | W59: =IFERROR(IF(P59<=nGraded,(2*P59-1)*(LN(NORMDIST(Q59,MeanScore,SDScore,TRUE()))+LN(1-NORMDIST(LARGE(Totals,P59),MeanScore,SDScore,TRUE()))),""),"") | AB59: =IF('Quiz 2 Grades'!$Q51="Graded",'Quiz 2 Grades'!$M51,"") | AC59: =IF('Quiz 2 Grades'!$Q51="Graded",'Quiz 2 Grades'!C51,"") | AD59: =IF('Quiz 2 Grades'!$Q51="Graded",'Quiz 2 Grades'!D51,"") | AE59: =IF('Quiz 2 Grades'!$Q51="Graded",'Quiz 2 Grades'!E51,"") | AF59: =IF('Quiz 2 Grades'!$Q51="Graded",'Quiz 2 Grades'!F51,"") | AG59: =IF('Quiz 2 Grades'!$Q51="Graded",'Quiz 2 Grades'!G51,"") | AH59: =IF('Quiz 2 Grades'!$Q51="Graded",'Quiz 2 Grades'!I51,"") | AI59: =IF('Quiz 2 Grades'!$Q51="Graded",'Quiz 2 Grades'!J51,"") | AJ59: =IF('Quiz 2 Grades'!$Q51="Graded",'Quiz 2 Grades'!K51,"") | AK59: =IF(ISNUMBER(AB59),AB59-AC59,"") | AL59: =IF(ISNUMBER(AB59),AB59-AD59,"") | AM59: =IF(ISNUMBER(AB59),AB59-AE59,"") | AN59: =IF(ISNUMBER(AB59),AB59-AF59,"") | AO59: =IF(ISNUMBER(AB59),AB59-AG59,"") | AP59: =IF(ISNUMBER(AB59),AB59-AH59,"") | AQ59: =IF(ISNUMBER(AB59),AB59-AI59,"") | AR59: =IF(ISNUMBER(AB59),AB59-AJ59,"")
A60: ='Quiz 2 Grades'!F6 -> 1.2 c | B60: ='Quiz 2 Grades'!F$5 -> 3 | C60: =IFERROR(AVERAGE($AF$15:$AF$66),"") | D60: =IFERROR(C60/B60,"") | E60: =IFERROR(STDEV($AF$15:$AF$66),"") | F60: =IFERROR(CORREL($AF$15:$AF$66,$AN$15:$AN$66),"") | G60: =IF(ISNUMBER(F60),IF(F60>=0.3,"Good",IF(F60>=0.2,"Fair","Weak")),"") | H60: =IF(D60="","",IF(D60<0.5,"Hard for most",IF(D60>0.9,"Very easy",""))&IF(AND(ISNUMBER(F60),F60<0.2)," · check key/wording","")) | P60: 46 | Q60: =IF(P60<=nGraded,SMALL(Totals,P60),NA()) -> #N/A | R60: =IF(P60<=nGraded,(P60-0.375)/(nGraded+0.25),"") | S60: =IF(P60<=nGraded,NORMSINV(R60),"") | T60: =IFERROR(IF(P60<=nGraded,MeanScore+SDScore*S60,NA()),NA()) -> #N/A | U60: =IFERROR(IF(P60>nGraded,"",IF(P60=nGraded,$Z$19,IF(P60=nGraded-1,$Z$20,IF(P60=1,-$Z$19,IF(P60=2,-$Z$20,S60/SQRT($Z$21)))))),"") | V60: =IFERROR(IF(P60<=nGraded,U60*Q60,""),"") | W60: =IFERROR(IF(P60<=nGraded,(2*P60-1)*(LN(NORMDIST(Q60,MeanScore,SDScore,TRUE()))+LN(1-NORMDIST(LARGE(Totals,P60),MeanScore,SDScore,TRUE()))),""),"") | AB60: =IF('Quiz 2 Grades'!$Q52="Graded",'Quiz 2 Grades'!$M52,"") | AC60: =IF('Quiz 2 Grades'!$Q52="Graded",'Quiz 2 Grades'!C52,"") | AD60: =IF('Quiz 2 Grades'!$Q52="Graded",'Quiz 2 Grades'!D52,"") | AE60: =IF('Quiz 2 Grades'!$Q52="Graded",'Quiz 2 Grades'!E52,"") | AF60: =IF('Quiz 2 Grades'!$Q52="Graded",'Quiz 2 Grades'!F52,"") | AG60: =IF('Quiz 2 Grades'!$Q52="Graded",'Quiz 2 Grades'!G52,"") | AH60: =IF('Quiz 2 Grades'!$Q52="Graded",'Quiz 2 Grades'!I52,"") | AI60: =IF('Quiz 2 Grades'!$Q52="Graded",'Quiz 2 Grades'!J52,"") | AJ60: =IF('Quiz 2 Grades'!$Q52="Graded",'Quiz 2 Grades'!K52,"") | AK60: =IF(ISNUMBER(AB60),AB60-AC60,"") | AL60: =IF(ISNUMBER(AB60),AB60-AD60,"") | AM60: =IF(ISNUMBER(AB60),AB60-AE60,"") | AN60: =IF(ISNUMBER(AB60),AB60-AF60,"") | AO60: =IF(ISNUMBER(AB60),AB60-AG60,"") | AP60: =IF(ISNUMBER(AB60),AB60-AH60,"") | AQ60: =IF(ISNUMBER(AB60),AB60-AI60,"") | AR60: =IF(ISNUMBER(AB60),AB60-AJ60,"")
A61: ='Quiz 2 Grades'!G6 -> 1.3 | B61: ='Quiz 2 Grades'!G$5 -> 10 | C61: =IFERROR(AVERAGE($AG$15:$AG$66),"") | D61: =IFERROR(C61/B61,"") | E61: =IFERROR(STDEV($AG$15:$AG$66),"") | F61: =IFERROR(CORREL($AG$15:$AG$66,$AO$15:$AO$66),"") | G61: =IF(ISNUMBER(F61),IF(F61>=0.3,"Good",IF(F61>=0.2,"Fair","Weak")),"") | H61: =IF(D61="","",IF(D61<0.5,"Hard for most",IF(D61>0.9,"Very easy",""))&IF(AND(ISNUMBER(F61),F61<0.2)," · check key/wording","")) | P61: 47 | Q61: =IF(P61<=nGraded,SMALL(Totals,P61),NA()) -> #N/A | R61: =IF(P61<=nGraded,(P61-0.375)/(nGraded+0.25),"") | S61: =IF(P61<=nGraded,NORMSINV(R61),"") | T61: =IFERROR(IF(P61<=nGraded,MeanScore+SDScore*S61,NA()),NA()) -> #N/A | U61: =IFERROR(IF(P61>nGraded,"",IF(P61=nGraded,$Z$19,IF(P61=nGraded-1,$Z$20,IF(P61=1,-$Z$19,IF(P61=2,-$Z$20,S61/SQRT($Z$21)))))),"") | V61: =IFERROR(IF(P61<=nGraded,U61*Q61,""),"") | W61: =IFERROR(IF(P61<=nGraded,(2*P61-1)*(LN(NORMDIST(Q61,MeanScore,SDScore,TRUE()))+LN(1-NORMDIST(LARGE(Totals,P61),MeanScore,SDScore,TRUE()))),""),"") | AB61: =IF('Quiz 2 Grades'!$Q53="Graded",'Quiz 2 Grades'!$M53,"") | AC61: =IF('Quiz 2 Grades'!$Q53="Graded",'Quiz 2 Grades'!C53,"") | AD61: =IF('Quiz 2 Grades'!$Q53="Graded",'Quiz 2 Grades'!D53,"") | AE61: =IF('Quiz 2 Grades'!$Q53="Graded",'Quiz 2 Grades'!E53,"") | AF61: =IF('Quiz 2 Grades'!$Q53="Graded",'Quiz 2 Grades'!F53,"") | AG61: =IF('Quiz 2 Grades'!$Q53="Graded",'Quiz 2 Grades'!G53,"") | AH61: =IF('Quiz 2 Grades'!$Q53="Graded",'Quiz 2 Grades'!I53,"") | AI61: =IF('Quiz 2 Grades'!$Q53="Graded",'Quiz 2 Grades'!J53,"") | AJ61: =IF('Quiz 2 Grades'!$Q53="Graded",'Quiz 2 Grades'!K53,"") | AK61: =IF(ISNUMBER(AB61),AB61-AC61,"") | AL61: =IF(ISNUMBER(AB61),AB61-AD61,"") | AM61: =IF(ISNUMBER(AB61),AB61-AE61,"") | AN61: =IF(ISNUMBER(AB61),AB61-AF61,"") | AO61: =IF(ISNUMBER(AB61),AB61-AG61,"") | AP61: =IF(ISNUMBER(AB61),AB61-AH61,"") | AQ61: =IF(ISNUMBER(AB61),AB61-AI61,"") | AR61: =IF(ISNUMBER(AB61),AB61-AJ61,"")
A62: ='Quiz 2 Grades'!I6 -> 2.1 | B62: ='Quiz 2 Grades'!I$5 -> 5 | C62: =IFERROR(AVERAGE($AH$15:$AH$66),"") | D62: =IFERROR(C62/B62,"") | E62: =IFERROR(STDEV($AH$15:$AH$66),"") | F62: =IFERROR(CORREL($AH$15:$AH$66,$AP$15:$AP$66),"") | G62: =IF(ISNUMBER(F62),IF(F62>=0.3,"Good",IF(F62>=0.2,"Fair","Weak")),"") | H62: =IF(D62="","",IF(D62<0.5,"Hard for most",IF(D62>0.9,"Very easy",""))&IF(AND(ISNUMBER(F62),F62<0.2)," · check key/wording","")) | P62: 48 | Q62: =IF(P62<=nGraded,SMALL(Totals,P62),NA()) -> #N/A | R62: =IF(P62<=nGraded,(P62-0.375)/(nGraded+0.25),"") | S62: =IF(P62<=nGraded,NORMSINV(R62),"") | T62: =IFERROR(IF(P62<=nGraded,MeanScore+SDScore*S62,NA()),NA()) -> #N/A | U62: =IFERROR(IF(P62>nGraded,"",IF(P62=nGraded,$Z$19,IF(P62=nGraded-1,$Z$20,IF(P62=1,-$Z$19,IF(P62=2,-$Z$20,S62/SQRT($Z$21)))))),"") | V62: =IFERROR(IF(P62<=nGraded,U62*Q62,""),"") | W62: =IFERROR(IF(P62<=nGraded,(2*P62-1)*(LN(NORMDIST(Q62,MeanScore,SDScore,TRUE()))+LN(1-NORMDIST(LARGE(Totals,P62),MeanScore,SDScore,TRUE()))),""),"") | AB62: =IF('Quiz 2 Grades'!$Q54="Graded",'Quiz 2 Grades'!$M54,"") | AC62: =IF('Quiz 2 Grades'!$Q54="Graded",'Quiz 2 Grades'!C54,"") | AD62: =IF('Quiz 2 Grades'!$Q54="Graded",'Quiz 2 Grades'!D54,"") | AE62: =IF('Quiz 2 Grades'!$Q54="Graded",'Quiz 2 Grades'!E54,"") | AF62: =IF('Quiz 2 Grades'!$Q54="Graded",'Quiz 2 Grades'!F54,"") | AG62: =IF('Quiz 2 Grades'!$Q54="Graded",'Quiz 2 Grades'!G54,"") | AH62: =IF('Quiz 2 Grades'!$Q54="Graded",'Quiz 2 Grades'!I54,"") | AI62: =IF('Quiz 2 Grades'!$Q54="Graded",'Quiz 2 Grades'!J54,"") | AJ62: =IF('Quiz 2 Grades'!$Q54="Graded",'Quiz 2 Grades'!K54,"") | AK62: =IF(ISNUMBER(AB62),AB62-AC62,"") | AL62: =IF(ISNUMBER(AB62),AB62-AD62,"") | AM62: =IF(ISNUMBER(AB62),AB62-AE62,"") | AN62: =IF(ISNUMBER(AB62),AB62-AF62,"") | AO62: =IF(ISNUMBER(AB62),AB62-AG62,"") | AP62: =IF(ISNUMBER(AB62),AB62-AH62,"") | AQ62: =IF(ISNUMBER(AB62),AB62-AI62,"") | AR62: =IF(ISNUMBER(AB62),AB62-AJ62,"")
A63: ='Quiz 2 Grades'!J6 -> 2.2 | B63: ='Quiz 2 Grades'!J$5 -> 5 | C63: =IFERROR(AVERAGE($AI$15:$AI$66),"") | D63: =IFERROR(C63/B63,"") | E63: =IFERROR(STDEV($AI$15:$AI$66),"") | F63: =IFERROR(CORREL($AI$15:$AI$66,$AQ$15:$AQ$66),"") | G63: =IF(ISNUMBER(F63),IF(F63>=0.3,"Good",IF(F63>=0.2,"Fair","Weak")),"") | H63: =IF(D63="","",IF(D63<0.5,"Hard for most",IF(D63>0.9,"Very easy",""))&IF(AND(ISNUMBER(F63),F63<0.2)," · check key/wording","")) | P63: 49 | Q63: =IF(P63<=nGraded,SMALL(Totals,P63),NA()) -> #N/A | R63: =IF(P63<=nGraded,(P63-0.375)/(nGraded+0.25),"") | S63: =IF(P63<=nGraded,NORMSINV(R63),"") | T63: =IFERROR(IF(P63<=nGraded,MeanScore+SDScore*S63,NA()),NA()) -> #N/A | U63: =IFERROR(IF(P63>nGraded,"",IF(P63=nGraded,$Z$19,IF(P63=nGraded-1,$Z$20,IF(P63=1,-$Z$19,IF(P63=2,-$Z$20,S63/SQRT($Z$21)))))),"") | V63: =IFERROR(IF(P63<=nGraded,U63*Q63,""),"") | W63: =IFERROR(IF(P63<=nGraded,(2*P63-1)*(LN(NORMDIST(Q63,MeanScore,SDScore,TRUE()))+LN(1-NORMDIST(LARGE(Totals,P63),MeanScore,SDScore,TRUE()))),""),"") | AB63: =IF('Quiz 2 Grades'!$Q55="Graded",'Quiz 2 Grades'!$M55,"") | AC63: =IF('Quiz 2 Grades'!$Q55="Graded",'Quiz 2 Grades'!C55,"") | AD63: =IF('Quiz 2 Grades'!$Q55="Graded",'Quiz 2 Grades'!D55,"") | AE63: =IF('Quiz 2 Grades'!$Q55="Graded",'Quiz 2 Grades'!E55,"") | AF63: =IF('Quiz 2 Grades'!$Q55="Graded",'Quiz 2 Grades'!F55,"") | AG63: =IF('Quiz 2 Grades'!$Q55="Graded",'Quiz 2 Grades'!G55,"") | AH63: =IF('Quiz 2 Grades'!$Q55="Graded",'Quiz 2 Grades'!I55,"") | AI63: =IF('Quiz 2 Grades'!$Q55="Graded",'Quiz 2 Grades'!J55,"") | AJ63: =IF('Quiz 2 Grades'!$Q55="Graded",'Quiz 2 Grades'!K55,"") | AK63: =IF(ISNUMBER(AB63),AB63-AC63,"") | AL63: =IF(ISNUMBER(AB63),AB63-AD63,"") | AM63: =IF(ISNUMBER(AB63),AB63-AE63,"") | AN63: =IF(ISNUMBER(AB63),AB63-AF63,"") | AO63: =IF(ISNUMBER(AB63),AB63-AG63,"") | AP63: =IF(ISNUMBER(AB63),AB63-AH63,"") | AQ63: =IF(ISNUMBER(AB63),AB63-AI63,"") | AR63: =IF(ISNUMBER(AB63),AB63-AJ63,"")
A64: ='Quiz 2 Grades'!K6 -> 2.3 | B64: ='Quiz 2 Grades'!K$5 -> 5 | C64: =IFERROR(AVERAGE($AJ$15:$AJ$66),"") | D64: =IFERROR(C64/B64,"") | E64: =IFERROR(STDEV($AJ$15:$AJ$66),"") | F64: =IFERROR(CORREL($AJ$15:$AJ$66,$AR$15:$AR$66),"") | G64: =IF(ISNUMBER(F64),IF(F64>=0.3,"Good",IF(F64>=0.2,"Fair","Weak")),"") | H64: =IF(D64="","",IF(D64<0.5,"Hard for most",IF(D64>0.9,"Very easy",""))&IF(AND(ISNUMBER(F64),F64<0.2)," · check key/wording","")) | P64: 50 | Q64: =IF(P64<=nGraded,SMALL(Totals,P64),NA()) -> #N/A | R64: =IF(P64<=nGraded,(P64-0.375)/(nGraded+0.25),"") | S64: =IF(P64<=nGraded,NORMSINV(R64),"") | T64: =IFERROR(IF(P64<=nGraded,MeanScore+SDScore*S64,NA()),NA()) -> #N/A | U64: =IFERROR(IF(P64>nGraded,"",IF(P64=nGraded,$Z$19,IF(P64=nGraded-1,$Z$20,IF(P64=1,-$Z$19,IF(P64=2,-$Z$20,S64/SQRT($Z$21)))))),"") | V64: =IFERROR(IF(P64<=nGraded,U64*Q64,""),"") | W64: =IFERROR(IF(P64<=nGraded,(2*P64-1)*(LN(NORMDIST(Q64,MeanScore,SDScore,TRUE()))+LN(1-NORMDIST(LARGE(Totals,P64),MeanScore,SDScore,TRUE()))),""),"") | AB64: =IF('Quiz 2 Grades'!$Q56="Graded",'Quiz 2 Grades'!$M56,"") | AC64: =IF('Quiz 2 Grades'!$Q56="Graded",'Quiz 2 Grades'!C56,"") | AD64: =IF('Quiz 2 Grades'!$Q56="Graded",'Quiz 2 Grades'!D56,"") | AE64: =IF('Quiz 2 Grades'!$Q56="Graded",'Quiz 2 Grades'!E56,"") | AF64: =IF('Quiz 2 Grades'!$Q56="Graded",'Quiz 2 Grades'!F56,"") | AG64: =IF('Quiz 2 Grades'!$Q56="Graded",'Quiz 2 Grades'!G56,"") | AH64: =IF('Quiz 2 Grades'!$Q56="Graded",'Quiz 2 Grades'!I56,"") | AI64: =IF('Quiz 2 Grades'!$Q56="Graded",'Quiz 2 Grades'!J56,"") | AJ64: =IF('Quiz 2 Grades'!$Q56="Graded",'Quiz 2 Grades'!K56,"") | AK64: =IF(ISNUMBER(AB64),AB64-AC64,"") | AL64: =IF(ISNUMBER(AB64),AB64-AD64,"") | AM64: =IF(ISNUMBER(AB64),AB64-AE64,"") | AN64: =IF(ISNUMBER(AB64),AB64-AF64,"") | AO64: =IF(ISNUMBER(AB64),AB64-AG64,"") | AP64: =IF(ISNUMBER(AB64),AB64-AH64,"") | AQ64: =IF(ISNUMBER(AB64),AB64-AI64,"") | AR64: =IF(ISNUMBER(AB64),AB64-AJ64,"")
A65: Cronbach's α (reliability of the total) | C65: =IFERROR((8/(8-1))*(1-(VAR($AC$15:$AC$66)+VAR($AD$15:$AD$66)+VAR($AE$15:$AE$66)+VAR($AF$15:$AF$66)+VAR($AG$15:$AG$66)+VAR($AH$15:$AH$66)+VAR($AI$15:$AI$66)+VAR($AJ$15:$AJ$66))/VAR($AB$15:$AB$66)),"") | D65: =IF(ISNUMBER(C65),IF(C65>=0.7,"Acceptable",IF(C65>=0.5,"Moderate","Low")),"") | E65: ≥ 0.70 acceptable for a classroom test; short quizzes (8 questions) are often 0.5–0.7. | P65: 51 | Q65: =IF(P65<=nGraded,SMALL(Totals,P65),NA()) -> #N/A | R65: =IF(P65<=nGraded,(P65-0.375)/(nGraded+0.25),"") | S65: =IF(P65<=nGraded,NORMSINV(R65),"") | T65: =IFERROR(IF(P65<=nGraded,MeanScore+SDScore*S65,NA()),NA()) -> #N/A | U65: =IFERROR(IF(P65>nGraded,"",IF(P65=nGraded,$Z$19,IF(P65=nGraded-1,$Z$20,IF(P65=1,-$Z$19,IF(P65=2,-$Z$20,S65/SQRT($Z$21)))))),"") | V65: =IFERROR(IF(P65<=nGraded,U65*Q65,""),"") | W65: =IFERROR(IF(P65<=nGraded,(2*P65-1)*(LN(NORMDIST(Q65,MeanScore,SDScore,TRUE()))+LN(1-NORMDIST(LARGE(Totals,P65),MeanScore,SDScore,TRUE()))),""),"") | AB65: =IF('Quiz 2 Grades'!$Q57="Graded",'Quiz 2 Grades'!$M57,"") | AC65: =IF('Quiz 2 Grades'!$Q57="Graded",'Quiz 2 Grades'!C57,"") | AD65: =IF('Quiz 2 Grades'!$Q57="Graded",'Quiz 2 Grades'!D57,"") | AE65: =IF('Quiz 2 Grades'!$Q57="Graded",'Quiz 2 Grades'!E57,"") | AF65: =IF('Quiz 2 Grades'!$Q57="Graded",'Quiz 2 Grades'!F57,"") | AG65: =IF('Quiz 2 Grades'!$Q57="Graded",'Quiz 2 Grades'!G57,"") | AH65: =IF('Quiz 2 Grades'!$Q57="Graded",'Quiz 2 Grades'!I57,"") | AI65: =IF('Quiz 2 Grades'!$Q57="Graded",'Quiz 2 Grades'!J57,"") | AJ65: =IF('Quiz 2 Grades'!$Q57="Graded",'Quiz 2 Grades'!K57,"") | AK65: =IF(ISNUMBER(AB65),AB65-AC65,"") | AL65: =IF(ISNUMBER(AB65),AB65-AD65,"") | AM65: =IF(ISNUMBER(AB65),AB65-AE65,"") | AN65: =IF(ISNUMBER(AB65),AB65-AF65,"") | AO65: =IF(ISNUMBER(AB65),AB65-AG65,"") | AP65: =IF(ISNUMBER(AB65),AB65-AH65,"") | AQ65: =IF(ISNUMBER(AB65),AB65-AI65,"") | AR65: =IF(ISNUMBER(AB65),AB65-AJ65,"")
A66: Item–rest correlation = correlation between a question and the total of the OTHER questions (≥ 0.30 good, 0.20–0.29 fair, < 0.20 weak). | P66: 52 | Q66: =IF(P66<=nGraded,SMALL(Totals,P66),NA()) -> #N/A | R66: =IF(P66<=nGraded,(P66-0.375)/(nGraded+0.25),"") | S66: =IF(P66<=nGraded,NORMSINV(R66),"") | T66: =IFERROR(IF(P66<=nGraded,MeanScore+SDScore*S66,NA()),NA()) -> #N/A | U66: =IFERROR(IF(P66>nGraded,"",IF(P66=nGraded,$Z$19,IF(P66=nGraded-1,$Z$20,IF(P66=1,-$Z$19,IF(P66=2,-$Z$20,S66/SQRT($Z$21)))))),"") | V66: =IFERROR(IF(P66<=nGraded,U66*Q66,""),"") | W66: =IFERROR(IF(P66<=nGraded,(2*P66-1)*(LN(NORMDIST(Q66,MeanScore,SDScore,TRUE()))+LN(1-NORMDIST(LARGE(Totals,P66),MeanScore,SDScore,TRUE()))),""),"") | AB66: =IF('Quiz 2 Grades'!$Q58="Graded",'Quiz 2 Grades'!$M58,"") | AC66: =IF('Quiz 2 Grades'!$Q58="Graded",'Quiz 2 Grades'!C58,"") | AD66: =IF('Quiz 2 Grades'!$Q58="Graded",'Quiz 2 Grades'!D58,"") | AE66: =IF('Quiz 2 Grades'!$Q58="Graded",'Quiz 2 Grades'!E58,"") | AF66: =IF('Quiz 2 Grades'!$Q58="Graded",'Quiz 2 Grades'!F58,"") | AG66: =IF('Quiz 2 Grades'!$Q58="Graded",'Quiz 2 Grades'!G58,"") | AH66: =IF('Quiz 2 Grades'!$Q58="Graded",'Quiz 2 Grades'!I58,"") | AI66: =IF('Quiz 2 Grades'!$Q58="Graded",'Quiz 2 Grades'!J58,"") | AJ66: =IF('Quiz 2 Grades'!$Q58="Graded",'Quiz 2 Grades'!K58,"") | AK66: =IF(ISNUMBER(AB66),AB66-AC66,"") | AL66: =IF(ISNUMBER(AB66),AB66-AD66,"") | AM66: =IF(ISNUMBER(AB66),AB66-AE66,"") | AN66: =IF(ISNUMBER(AB66),AB66-AF66,"") | AO66: =IF(ISNUMBER(AB66),AB66-AG66,"") | AP66: =IF(ISNUMBER(AB66),AB66-AH66,"") | AQ66: =IF(ISNUMBER(AB66),AB66-AI66,"") | AR66: =IF(ISNUMBER(AB66),AB66-AJ66,"")
P67: Note: the NA() values in columns Q and T (and Y37:Z38 before any grades) mark rows with no data — they keep the Q–Q chart clean.
A68: 6. Student standing on the Gaussian scale
A69: # | B69: Student | C69: Total | D69: % | E69: z-score | F69: Percentile (actual rank) | G69: Percentile if Gaussian | H69: σ band
A70: ='Quiz 2 Grades'!A7 -> 1 | B70: ='Quiz 2 Grades'!B7 -> David Abagwe | C70: =IF(ISNUMBER('Quiz 2 Grades'!M7),'Quiz 2 Grades'!M7,'Quiz 2 Grades'!Q7) -> Missing | D70: =IF(ISNUMBER(C70),C70/MaxScore,"") | E70: =IFERROR(IF(ISNUMBER(C70),(C70-MeanScore)/SDScore,""),"") | F70: =IFERROR(IF(ISNUMBER(C70),PERCENTRANK(Totals,C70),""),"") | G70: =IF(ISNUMBER(E70),NORMSDIST(E70),"") | H70: =IF(ISNUMBER(E70),IF(E70>=1,"Above +1σ",IF(E70>=0,"Mean to +1σ",IF(E70>=-1,"−1σ to mean",IF(E70>=-2,"−2σ to −1σ","Below −2σ")))),"")
A71: ='Quiz 2 Grades'!A8 -> 2 | B71: ='Quiz 2 Grades'!B8 -> Sonu Acharya | C71: =IF(ISNUMBER('Quiz 2 Grades'!M8),'Quiz 2 Grades'!M8,'Quiz 2 Grades'!Q8) -> Missing | D71: =IF(ISNUMBER(C71),C71/MaxScore,"") | E71: =IFERROR(IF(ISNUMBER(C71),(C71-MeanScore)/SDScore,""),"") | F71: =IFERROR(IF(ISNUMBER(C71),PERCENTRANK(Totals,C71),""),"") | G71: =IF(ISNUMBER(E71),NORMSDIST(E71),"") | H71: =IF(ISNUMBER(E71),IF(E71>=1,"Above +1σ",IF(E71>=0,"Mean to +1σ",IF(E71>=-1,"−1σ to mean",IF(E71>=-2,"−2σ to −1σ","Below −2σ")))),"")
A72: ='Quiz 2 Grades'!A9 -> 3 | B72: ='Quiz 2 Grades'!B9 -> Ashton Adams | C72: =IF(ISNUMBER('Quiz 2 Grades'!M9),'Quiz 2 Grades'!M9,'Quiz 2 Grades'!Q9) -> Missing | D72: =IF(ISNUMBER(C72),C72/MaxScore,"") | E72: =IFERROR(IF(ISNUMBER(C72),(C72-MeanScore)/SDScore,""),"") | F72: =IFERROR(IF(ISNUMBER(C72),PERCENTRANK(Totals,C72),""),"") | G72: =IF(ISNUMBER(E72),NORMSDIST(E72),"") | H72: =IF(ISNUMBER(E72),IF(E72>=1,"Above +1σ",IF(E72>=0,"Mean to +1σ",IF(E72>=-1,"−1σ to mean",IF(E72>=-2,"−2σ to −1σ","Below −2σ")))),"")
A73: ='Quiz 2 Grades'!A10 -> 4 | B73: ='Quiz 2 Grades'!B10 -> Hayden Albert | C73: =IF(ISNUMBER('Quiz 2 Grades'!M10),'Quiz 2 Grades'!M10,'Quiz 2 Grades'!Q10) -> Missing | D73: =IF(ISNUMBER(C73),C73/MaxScore,"") | E73: =IFERROR(IF(ISNUMBER(C73),(C73-MeanScore)/SDScore,""),"") | F73: =IFERROR(IF(ISNUMBER(C73),PERCENTRANK(Totals,C73),""),"") | G73: =IF(ISNUMBER(E73),NORMSDIST(E73),"") | H73: =IF(ISNUMBER(E73),IF(E73>=1,"Above +1σ",IF(E73>=0,"Mean to +1σ",IF(E73>=-1,"−1σ to mean",IF(E73>=-2,"−2σ to −1σ","Below −2σ")))),"")
A74: ='Quiz 2 Grades'!A11 -> 5 | B74: ='Quiz 2 Grades'!B11 -> Lani Allen | C74: =IF(ISNUMBER('Quiz 2 Grades'!M11),'Quiz 2 Grades'!M11,'Quiz 2 Grades'!Q11) -> Missing | D74: =IF(ISNUMBER(C74),C74/MaxScore,"") | E74: =IFERROR(IF(ISNUMBER(C74),(C74-MeanScore)/SDScore,""),"") | F74: =IFERROR(IF(ISNUMBER(C74),PERCENTRANK(Totals,C74),""),"") | G74: =IF(ISNUMBER(E74),NORMSDIST(E74),"") | H74: =IF(ISNUMBER(E74),IF(E74>=1,"Above +1σ",IF(E74>=0,"Mean to +1σ",IF(E74>=-1,"−1σ to mean",IF(E74>=-2,"−2σ to −1σ","Below −2σ")))),"")
A75: ='Quiz 2 Grades'!A12 -> 6 | B75: ='Quiz 2 Grades'!B12 -> John David Andrade | C75: =IF(ISNUMBER('Quiz 2 Grades'!M12),'Quiz 2 Grades'!M12,'Quiz 2 Grades'!Q12) -> Missing | D75: =IF(ISNUMBER(C75),C75/MaxScore,"") | E75: =IFERROR(IF(ISNUMBER(C75),(C75-MeanScore)/SDScore,""),"") | F75: =IFERROR(IF(ISNUMBER(C75),PERCENTRANK(Totals,C75),""),"") | G75: =IF(ISNUMBER(E75),NORMSDIST(E75),"") | H75: =IF(ISNUMBER(E75),IF(E75>=1,"Above +1σ",IF(E75>=0,"Mean to +1σ",IF(E75>=-1,"−1σ to mean",IF(E75>=-2,"−2σ to −1σ","Below −2σ")))),"")
A76: ='Quiz 2 Grades'!A13 -> 7 | B76: ='Quiz 2 Grades'!B13 -> Landon Atkins | C76: =IF(ISNUMBER('Quiz 2 Grades'!M13),'Quiz 2 Grades'!M13,'Quiz 2 Grades'!Q13) -> Missing | D76: =IF(ISNUMBER(C76),C76/MaxScore,"") | E76: =IFERROR(IF(ISNUMBER(C76),(C76-MeanScore)/SDScore,""),"") | F76: =IFERROR(IF(ISNUMBER(C76),PERCENTRANK(Totals,C76),""),"") | G76: =IF(ISNUMBER(E76),NORMSDIST(E76),"") | H76: =IF(ISNUMBER(E76),IF(E76>=1,"Above +1σ",IF(E76>=0,"Mean to +1σ",IF(E76>=-1,"−1σ to mean",IF(E76>=-2,"−2σ to −1σ","Below −2σ")))),"")
A77: ='Quiz 2 Grades'!A14 -> 8 | B77: ='Quiz 2 Grades'!B14 -> Ryan Borkland | C77: =IF(ISNUMBER('Quiz 2 Grades'!M14),'Quiz 2 Grades'!M14,'Quiz 2 Grades'!Q14) -> Missing | D77: =IF(ISNUMBER(C77),C77/MaxScore,"") | E77: =IFERROR(IF(ISNUMBER(C77),(C77-MeanScore)/SDScore,""),"") | F77: =IFERROR(IF(ISNUMBER(C77),PERCENTRANK(Totals,C77),""),"") | G77: =IF(ISNUMBER(E77),NORMSDIST(E77),"") | H77: =IF(ISNUMBER(E77),IF(E77>=1,"Above +1σ",IF(E77>=0,"Mean to +1σ",IF(E77>=-1,"−1σ to mean",IF(E77>=-2,"−2σ to −1σ","Below −2σ")))),"")
A78: ='Quiz 2 Grades'!A15 -> 9 | B78: ='Quiz 2 Grades'!B15 -> Jermy Brown | C78: =IF(ISNUMBER('Quiz 2 Grades'!M15),'Quiz 2 Grades'!M15,'Quiz 2 Grades'!Q15) -> Missing | D78: =IF(ISNUMBER(C78),C78/MaxScore,"") | E78: =IFERROR(IF(ISNUMBER(C78),(C78-MeanScore)/SDScore,""),"") | F78: =IFERROR(IF(ISNUMBER(C78),PERCENTRANK(Totals,C78),""),"") | G78: =IF(ISNUMBER(E78),NORMSDIST(E78),"") | H78: =IF(ISNUMBER(E78),IF(E78>=1,"Above +1σ",IF(E78>=0,"Mean to +1σ",IF(E78>=-1,"−1σ to mean",IF(E78>=-2,"−2σ to −1σ","Below −2σ")))),"")
A79: ='Quiz 2 Grades'!A16 -> 10 | B79: ='Quiz 2 Grades'!B16 -> Eric Calderon | C79: =IF(ISNUMBER('Quiz 2 Grades'!M16),'Quiz 2 Grades'!M16,'Quiz 2 Grades'!Q16) -> Missing | D79: =IF(ISNUMBER(C79),C79/MaxScore,"") | E79: =IFERROR(IF(ISNUMBER(C79),(C79-MeanScore)/SDScore,""),"") | F79: =IFERROR(IF(ISNUMBER(C79),PERCENTRANK(Totals,C79),""),"") | G79: =IF(ISNUMBER(E79),NORMSDIST(E79),"") | H79: =IF(ISNUMBER(E79),IF(E79>=1,"Above +1σ",IF(E79>=0,"Mean to +1σ",IF(E79>=-1,"−1σ to mean",IF(E79>=-2,"−2σ to −1σ","Below −2σ")))),"")
A80: ='Quiz 2 Grades'!A17 -> 11 | B80: ='Quiz 2 Grades'!B17 -> Angel Camarillo | C80: =IF(ISNUMBER('Quiz 2 Grades'!M17),'Quiz 2 Grades'!M17,'Quiz 2 Grades'!Q17) -> Missing | D80: =IF(ISNUMBER(C80),C80/MaxScore,"") | E80: =IFERROR(IF(ISNUMBER(C80),(C80-MeanScore)/SDScore,""),"") | F80: =IFERROR(IF(ISNUMBER(C80),PERCENTRANK(Totals,C80),""),"") | G80: =IF(ISNUMBER(E80),NORMSDIST(E80),"") | H80: =IF(ISNUMBER(E80),IF(E80>=1,"Above +1σ",IF(E80>=0,"Mean to +1σ",IF(E80>=-1,"−1σ to mean",IF(E80>=-2,"−2σ to −1σ","Below −2σ")))),"")
A81: ='Quiz 2 Grades'!A18 -> 12 | B81: ='Quiz 2 Grades'!B18 -> Gavin Cappel | C81: =IF(ISNUMBER('Quiz 2 Grades'!M18),'Quiz 2 Grades'!M18,'Quiz 2 Grades'!Q18) -> Missing | D81: =IF(ISNUMBER(C81),C81/MaxScore,"") | E81: =IFERROR(IF(ISNUMBER(C81),(C81-MeanScore)/SDScore,""),"") | F81: =IFERROR(IF(ISNUMBER(C81),PERCENTRANK(Totals,C81),""),"") | G81: =IF(ISNUMBER(E81),NORMSDIST(E81),"") | H81: =IF(ISNUMBER(E81),IF(E81>=1,"Above +1σ",IF(E81>=0,"Mean to +1σ",IF(E81>=-1,"−1σ to mean",IF(E81>=-2,"−2σ to −1σ","Below −2σ")))),"")
... A121: ='Quiz 2 Grades'!A58 -> 52 | B121: ='Quiz 2 Grades'!B58 -> Shaman Wildman | C121: =IF(ISNUMBER('Quiz 2 Grades'!M58),'Quiz 2 Grades'!M58,'Quiz 2 Grades'!Q58) -> Missing | D121: =IF(ISNUMBER(C121),C121/MaxScore,"") | E121: =IFERROR(IF(ISNUMBER(C121),(C121-MeanScore)/SDScore,""),"") | F121: =IFERROR(IF(ISNUMBER(C121),PERCENTRANK(Totals,C121),""),"") | G121: =IF(ISNUMBER(E121),NORMSDIST(E121),"") | H121: =IF(ISNUMBER(E121),IF(E121>=1,"Above +1σ",IF(E121>=0,"Mean to +1σ",IF(E121>=-1,"−1σ to mean",IF(E121>=-2,"−2σ to −1σ","Below −2σ")))),"")
